pred_sc_type,pred_fault_target,pred_phase_select,confidence_sc_type,confidence_fault_target,confidence_phase_select
3,0,2,0.8062542,0.7489641,0.52128094
3,0,2,0.5798091,0.66983414,0.47088885
3,0,2,0.88425314,0.9977089,0.35271215
3,0,2,0.7831914,0.99911994,0.467675
3,0,2,0.8860702,0.9971623,0.43707794
3,0,1,0.61653376,0.7527886,0.42715746
3,0,0,0.7803199,0.9974962,0.39570764
3,0,2,0.49571392,0.9972193,0.56584626
3,0,0,0.78751624,0.99594903,0.3860731
3,0,0,0.8605323,0.8238936,0.4005223
3,0,2,0.67486,0.65351576,0.48037142
2,0,2,0.60750663,0.9987294,0.5126535
3,0,2,0.8563417,0.7023155,0.35431227
3,0,1,0.7788669,0.7787447,0.33684233
3,0,2,0.83449847,0.79034066,0.435416
3,0,2,0.9754028,0.99768806,0.3853259
3,0,2,0.9863738,0.7102643,0.40152785
3,0,2,0.86070406,0.99630886,0.47850406
3,0,2,0.49446952,0.8107746,0.3743693
3,0,1,0.77201647,0.85247344,0.5717203
3,0,2,0.7715916,0.99425715,0.3724382
3,0,1,0.7666938,0.9981521,0.39261913
3,0,2,0.60846156,0.9972965,0.46744722
3,0,1,0.6907691,0.81043535,0.4183234
3,0,2,0.95019764,0.65375066,0.4952733
3,0,2,0.8747219,0.99824655,0.39791626
3,0,2,0.8717705,0.7573112,0.44438228
3,0,2,0.7752433,0.9966563,0.46682224
3,0,1,0.7579234,0.998547,0.39029232
3,0,0,0.87250024,0.99749315,0.4127102
3,0,1,0.79308534,0.72638637,0.40015364
3,0,1,0.7779869,0.82702386,0.39417556
3,0,2,0.88443875,0.9029085,0.5303457
3,0,1,0.6685781,0.9990088,0.40101385
3,0,2,0.9849551,0.99785644,0.41218713
3,0,2,0.9836782,0.9980033,0.4343907
3,0,2,0.80447435,0.9984402,0.40292785
3,0,2,0.88756037,0.78408647,0.40049958
3,0,2,0.8601188,0.74821675,0.4397801
3,0,2,0.8593705,0.7673322,0.49119923
3,0,2,0.85351646,0.99586725,0.3864713
3,0,2,0.8565028,0.99774027,0.42396137
3,0,2,0.81961423,0.8099886,0.46139136
3,0,0,0.9828498,0.71860796,0.42595994
3,0,2,0.895446,0.99805415,0.41926572
3,0,2,0.98629344,0.995861,0.41389954
3,0,2,0.60533404,0.99767405,0.47189656
3,0,2,0.63105005,0.9981901,0.49083623
3,0,0,0.6329595,0.8310576,0.4490754
3,0,2,0.9819932,0.99796766,0.35036483
3,0,2,0.7298056,0.78044975,0.45173165
3,0,2,0.75541353,0.9987596,0.3446881
3,0,2,0.61695856,0.66170865,0.50165653
3,0,2,0.88391066,0.7138391,0.394537
3,0,0,0.98060876,0.99779165,0.35305572
3,0,2,0.81928027,0.99587506,0.36994624
3,0,2,0.8900117,0.7194128,0.43922973
3,0,2,0.59759873,0.74485916,0.58503723
3,0,1,0.7363581,0.8013664,0.39136368
3,0,2,0.80091107,0.99626416,0.43692616
3,0,2,0.88740516,0.89914966,0.4267304
3,0,2,0.8763298,0.9986223,0.536649
3,0,0,0.9774709,0.9983748,0.45717505
3,0,2,0.8658751,0.9974439,0.39275312
3,0,1,0.8872503,0.834386,0.4719566
3,0,2,0.7481418,0.997489,0.38817993
3,0,1,0.98670375,0.9978339,0.3721164
3,0,2,0.84127355,0.9939715,0.5338222
3,0,2,0.85895413,0.9965258,0.44338995
3,0,1,0.8957342,0.7203157,0.4444745
3,0,1,0.87637997,0.8625094,0.37909976
3,0,1,0.751431,0.70904636,0.3990266
3,0,2,0.74509543,0.7763186,0.4215419
3,0,1,0.69037914,0.8107738,0.46813023
3,0,0,0.9678956,0.7287653,0.36825415
3,0,2,0.8734789,0.9966556,0.43990314
3,0,2,0.97327155,0.9975268,0.44256365
3,0,2,0.8210922,0.7603573,0.48153272
3,0,1,0.64450634,0.9986627,0.44170904
3,0,2,0.67694926,0.63448936,0.3948397
3,0,2,0.98339915,0.77614474,0.37609923
3,0,2,0.98427737,0.7285356,0.36383402
3,0,0,0.77077013,0.75652754,0.38438058
3,0,0,0.9509528,0.7489493,0.50966835
3,0,1,0.62409204,0.99760497,0.43379357
3,0,1,0.56269974,0.73189753,0.45459455
3,0,0,0.9697509,0.99489576,0.3838818
3,0,2,0.83518475,0.70334274,0.49012747
3,0,2,0.8634177,0.99332047,0.49229372
3,0,2,0.80755675,0.7116974,0.39923084
3,0,1,0.81309456,0.99670756,0.36406296
3,0,2,0.5232593,0.7464153,0.5341287
3,0,2,0.8732128,0.8027186,0.43810883
3,0,2,0.8507968,0.78393817,0.44301465
3,0,2,0.8180678,0.99714005,0.37915215
3,0,1,0.85036516,0.86102515,0.43664628
3,0,0,0.8784735,0.99830997,0.49562198
3,0,1,0.61419106,0.7264168,0.5705388
3,0,0,0.85531276,0.9960324,0.39770806
3,0,0,0.504151,0.87085533,0.48662725
3,0,2,0.6296563,0.7189408,0.47389036
3,0,1,0.5826774,0.93936235,0.5050651
3,0,2,0.9856969,0.7953001,0.4166339
3,0,2,0.9782839,0.9955296,0.45768854
3,0,2,0.8513043,0.77870685,0.38981137
3,0,2,0.8739093,0.99838316,0.41639546
3,0,2,0.96987456,0.7436641,0.41159645
3,0,2,0.8788235,0.7222583,0.54767066
2,0,1,0.5339369,0.8013427,0.44453952
3,0,2,0.8693195,0.66532177,0.4447884
3,0,0,0.8705761,0.99891925,0.38506773
3,0,2,0.8380299,0.74786425,0.48518577
3,0,2,0.98059803,0.99652785,0.35604304
3,0,2,0.8322685,0.9979074,0.3852417
3,0,1,0.7640057,0.74056625,0.45656314
3,0,2,0.8573137,0.64948547,0.4814079
3,0,0,0.7765358,0.7752382,0.34863856
3,0,2,0.82796705,0.99698097,0.39993405
3,0,2,0.57775164,0.99702114,0.44302985
3,0,1,0.5954374,0.7177802,0.4555271
3,0,2,0.7395265,0.7023142,0.49730864
3,0,2,0.8933395,0.99602246,0.4447508
3,0,2,0.6868661,0.69880694,0.37851304
3,0,0,0.857974,0.9984236,0.41072115
3,0,0,0.8408072,0.8628711,0.34708008
3,0,2,0.8110156,0.9930814,0.35856682
3,0,2,0.9623844,0.99846125,0.47571775
3,0,2,0.84150684,0.9966145,0.4660199
3,0,1,0.9833135,0.99787927,0.38534197
3,0,1,0.61255175,0.8056485,0.40602568
3,0,2,0.98014724,0.7787467,0.3903811
3,0,0,0.8137383,0.8819499,0.3676928
3,0,0,0.9873719,0.99841666,0.3966762
3,0,1,0.7733734,0.8117275,0.5124936
3,0,0,0.8439357,0.9967179,0.36997724
3,0,1,0.7595982,0.99573296,0.5826365
3,0,2,0.8559588,0.68129635,0.43802655
3,0,1,0.56269974,0.9980317,0.45273176
3,0,0,0.85017866,0.8773772,0.4675634
3,0,2,0.98786026,0.743987,0.34858802
3,0,2,0.80514115,0.9966763,0.4372968
2,0,1,0.5105496,0.7439582,0.4837149
3,0,2,0.8735872,0.8979929,0.41457543
3,0,0,0.8574029,0.9971334,0.37385553
3,0,1,0.7723052,0.88438123,0.49131677
2,0,2,0.5204042,0.6156415,0.5300069
3,0,0,0.98405,0.7959646,0.35422903
3,0,1,0.8435479,0.99804014,0.3814862
3,0,1,0.5908787,0.7215815,0.4883932
3,0,0,0.7583993,0.9967019,0.37033564
3,0,2,0.74956113,0.9976179,0.40608624
3,0,2,0.74390274,0.84473044,0.3964155
3,0,1,0.71405345,0.995027,0.45655495
3,0,2,0.9728386,0.7597975,0.42266148
3,0,0,0.79237235,0.99697685,0.36319038
3,0,0,0.8274305,0.9980718,0.40431508
3,0,1,0.59553236,0.6687589,0.44194502
3,0,1,0.7050213,0.9974698,0.5110176
3,0,1,0.806855,0.9988018,0.4302778
3,0,1,0.58596,0.99787855,0.55559486
3,0,0,0.97047305,0.7940114,0.42023566
3,0,2,0.87020993,0.99586785,0.39103982
3,0,0,0.8229294,0.9961379,0.41576397
3,0,0,0.8693817,0.9980007,0.39919588
3,0,1,0.7550599,0.8093754,0.43801275
3,0,2,0.86464316,0.99763286,0.4041121
3,0,0,0.86898726,0.99853516,0.41766328
3,0,1,0.5823264,0.6899645,0.5081231
3,0,0,0.6857941,0.7829572,0.39053982
3,0,1,0.85593235,0.7938894,0.35456493
3,0,2,0.7544368,0.674715,0.37252343
3,0,2,0.9865714,0.9985317,0.41599518
3,0,0,0.9651118,0.71352476,0.38793486
3,0,2,0.7619929,0.7190347,0.45146987
3,0,2,0.4918511,0.6765032,0.50387156
3,0,2,0.6632429,0.7565949,0.46722504
3,0,2,0.9770896,0.7535029,0.38145742
3,0,1,0.7877292,0.84583026,0.36655295
3,0,0,0.98433256,0.99741733,0.39414695
3,0,1,0.87305903,0.99712473,0.39499083
3,0,1,0.8611972,0.9050503,0.40619442
3,0,2,0.83003086,0.99783796,0.58134794
3,0,1,0.98049575,0.6218139,0.3402397
3,0,2,0.7800087,0.705372,0.36512205
3,0,2,0.8915163,0.74404097,0.4992533
3,0,0,0.98260385,0.99672395,0.41236684
3,0,0,0.9872394,0.9977609,0.47077742
3,0,0,0.87614423,0.9957203,0.445766
3,0,2,0.8822806,0.99810284,0.5387391
3,0,1,0.78754085,0.75268364,0.41651723
3,0,2,0.5790019,0.67998505,0.5396975
3,0,1,0.74220806,0.9977767,0.42803112
3,0,2,0.61804724,0.7603029,0.44960135
3,0,0,0.98577577,0.99462897,0.4104617
3,0,1,0.76725215,0.99551636,0.3526154
3,0,0,0.8326689,0.99627304,0.41029313
3,0,0,0.7998669,0.9968953,0.34957537
3,0,2,0.8631925,0.7765666,0.35099608
3,0,2,0.6920917,0.9974044,0.6282142
2,0,2,0.4951096,0.99823654,0.41745356
3,0,2,0.9704381,0.69333667,0.3686801
3,0,2,0.87587106,0.99794644,0.46998385
3,0,1,0.81184787,0.89592636,0.46975687
3,0,2,0.8371578,0.9973531,0.47002643
3,0,2,0.86765194,0.99757916,0.45219076
2,0,2,0.5062928,0.82386166,0.34003943
3,0,0,0.8744879,0.7454442,0.39195076
3,0,1,0.8585637,0.9977081,0.35641664
3,0,0,0.8683179,0.9978508,0.3819897
3,0,1,0.80123675,0.9988494,0.47426453
3,0,2,0.89098436,0.998139,0.5055786
3,0,1,0.6113753,0.99794,0.5382445
3,0,1,0.9877077,0.99868447,0.36654052
2,0,1,0.51288176,0.9978123,0.44438943
3,0,1,0.7488855,0.77439815,0.36930865
3,0,1,0.7130558,0.82616735,0.43590698
3,0,2,0.86441505,0.9980824,0.38625148
3,0,1,0.82593876,0.8723187,0.3946609
3,0,0,0.9448857,0.7426214,0.4475535
3,0,2,0.8242322,0.9980726,0.4018129
3,0,2,0.61318725,0.68567806,0.4618479
3,0,2,0.6013361,0.9981863,0.46159
3,0,2,0.95691556,0.53685987,0.57466424
3,0,2,0.86261886,0.7564951,0.4636346
3,0,0,0.93657124,0.8056257,0.37542072
3,0,2,0.8266458,0.99318963,0.518992
3,0,1,0.9556628,0.77221304,0.3704116
3,0,1,0.6339996,0.7663948,0.53909296
3,0,2,0.7742526,0.7150576,0.4806764
3,0,0,0.8229904,0.9973884,0.35296747
2,0,2,0.5488727,0.66551274,0.5601898
3,0,2,0.87155527,0.6530558,0.3811787
3,0,2,0.66971815,0.99791807,0.56979734
3,0,2,0.97308457,0.99790084,0.3387512
3,0,1,0.77447736,0.95612234,0.40352404
3,0,0,0.8472467,0.6098776,0.42075315
3,0,2,0.7827004,0.6182523,0.45752263
3,0,2,0.8156652,0.99746394,0.39301175
3,0,2,0.8751399,0.68796974,0.45819482
3,0,2,0.80771124,0.79582834,0.34332344
3,0,2,0.95592403,0.74482787,0.40694657
3,0,2,0.73018265,0.86509883,0.4136512
3,0,2,0.8194493,0.72966826,0.42031875
3,0,2,0.8561689,0.62562644,0.4022268
3,0,2,0.656678,0.99878305,0.5430834
3,0,2,0.974376,0.99695045,0.4133136
3,0,2,0.77406776,0.7090975,0.4221357
3,0,1,0.5099297,0.7773161,0.43982178
3,0,2,0.8320399,0.998126,0.41642886
3,0,2,0.9525059,0.9979036,0.35935414
3,0,2,0.81851935,0.8157468,0.4846355
3,0,2,0.8594335,0.8272126,0.44258204
3,0,2,0.8338228,0.76898867,0.35121143
3,0,2,0.75730485,0.9960836,0.40399358
3,0,2,0.7625552,0.9937708,0.38485712
3,0,1,0.97504514,0.9984085,0.38699728
3,0,2,0.5816565,0.99628603,0.47808605
3,0,2,0.8237536,0.754617,0.42787376
2,0,2,0.49540198,0.61441797,0.42425078
3,0,2,0.8486706,0.99478924,0.4375701
3,0,2,0.7478403,0.7698789,0.44088548
2,0,1,0.48640528,0.99460065,0.4540246
3,0,2,0.8763599,0.83731174,0.40511453
3,0,2,0.85121566,0.69727063,0.4364345
3,0,1,0.5685445,0.7413254,0.57004315
3,0,0,0.7700682,0.99831796,0.35338545
3,0,1,0.84898347,0.99819714,0.3732052
3,0,2,0.568051,0.8046876,0.46605915
3,0,2,0.8001745,0.7075348,0.5336775
3,0,2,0.9711223,0.9966763,0.3719303
3,0,2,0.8325926,0.7306856,0.40532884
3,0,2,0.9507833,0.99749243,0.39419916
3,0,0,0.9818704,0.6801658,0.37272677
3,0,2,0.88718235,0.99892646,0.50981724
3,0,1,0.8564891,0.99752444,0.39335486
3,0,1,0.6275961,0.9984902,0.35103118
3,0,2,0.7576592,0.7169174,0.38483864
3,0,1,0.575648,0.76015157,0.47875866
3,0,2,0.84079826,0.99766916,0.3639605
3,0,0,0.8678258,0.9981869,0.4088884
3,0,1,0.56952226,0.9980781,0.5900097
3,0,2,0.9810049,0.9983943,0.35581273
3,0,2,0.88665205,0.9982957,0.48173437
3,0,2,0.789959,0.7781464,0.3851966
3,0,1,0.76434624,0.99705124,0.37106282
3,0,2,0.8887912,0.7782537,0.4147007
3,0,2,0.832488,0.99874747,0.46575165
3,0,2,0.9822243,0.7606669,0.40057796
3,0,0,0.9455215,0.82339996,0.41356602
3,0,1,0.87155575,0.99695885,0.37996984
3,0,2,0.8571344,0.9975713,0.44148305
3,0,2,0.82748765,0.9980604,0.41732085
3,0,2,0.76280427,0.7205614,0.5116248
3,0,2,0.6275109,0.9961217,0.4480713
3,0,1,0.7820561,0.77670556,0.3790796
3,0,0,0.85191303,0.7528606,0.36460793
3,0,2,0.7583873,0.9969157,0.35644743
3,0,0,0.8655533,0.99819237,0.3762135
3,0,0,0.82905334,0.9977642,0.39918837
3,0,0,0.98602194,0.99598265,0.38837636
3,0,2,0.8402511,0.9980738,0.34127405
3,0,0,0.9820582,0.7362369,0.42954132
3,0,0,0.8168135,0.8303748,0.43173885
3,0,1,0.8669361,0.99879044,0.39251906
3,0,2,0.8919766,0.7653019,0.47835094
3,0,1,0.8056601,0.7386116,0.38560522
3,0,2,0.86996305,0.9976235,0.42872888
3,0,2,0.8280622,0.791776,0.3819858
2,0,1,0.476253,0.7316722,0.57171404
3,0,1,0.8571338,0.84942466,0.5011254
3,0,2,0.97219026,0.7752288,0.37988043
3,0,2,0.7299279,0.7045332,0.4470118
3,0,0,0.96862596,0.66403145,0.36368152
3,0,2,0.7788537,0.99846196,0.47051412
3,0,2,0.6676791,0.9982609,0.5863335
3,0,2,0.8994661,0.9984529,0.39628664
3,0,2,0.8634358,0.78022236,0.503074
3,0,2,0.8756721,0.99850345,0.453737
3,0,1,0.77608174,0.789524,0.420739
3,0,0,0.81963855,0.9921376,0.3968589
3,0,2,0.83363914,0.76923054,0.4043818
3,0,2,0.58281547,0.7255641,0.3902867
3,0,2,0.88005763,0.6636172,0.426791
3,0,2,0.6716384,0.75810677,0.42269194
3,0,2,0.7595626,0.99636024,0.39854774
3,0,2,0.7615515,0.99876356,0.35358807
3,0,2,0.98433465,0.9985176,0.34665486
3,0,1,0.9333958,0.9978404,0.36999676
3,0,1,0.85427576,0.7753204,0.41671777
3,0,2,0.66382366,0.99758506,0.4626527
3,0,2,0.843992,0.7480766,0.36859462
3,0,2,0.87674725,0.9988329,0.39773333
3,0,2,0.8534805,0.9974578,0.42919397
3,0,2,0.8609539,0.9961469,0.4222327
3,0,1,0.80906147,0.8191312,0.4243432
3,0,2,0.82382524,0.9970829,0.52305263
3,0,2,0.84628093,0.6278163,0.42963558
3,0,2,0.8833317,0.8006401,0.51034135
3,0,2,0.76389384,0.74558544,0.45253018
3,0,2,0.9904213,0.7781217,0.41601342
3,0,2,0.6251424,0.7146741,0.43334147
3,0,0,0.9875737,0.74814886,0.42449072
3,0,0,0.9831141,0.9969451,0.37543783
3,0,0,0.9511475,0.8050788,0.5032742
3,0,2,0.886085,0.7405383,0.4880979
3,0,1,0.7522741,0.99859804,0.425865
3,0,1,0.76981294,0.7567485,0.39277107
3,0,2,0.60710186,0.7504793,0.44016433
3,0,2,0.81539994,0.99846554,0.4753557
3,0,2,0.8851243,0.998502,0.41991693
3,0,2,0.83416,0.99853337,0.4724688
3,0,0,0.8013341,0.9979773,0.4310786
3,0,2,0.82360005,0.8249441,0.39516285
3,0,2,0.86737263,0.52557236,0.55383813
3,0,2,0.5944033,0.997399,0.5614379
3,0,2,0.8715281,0.99873155,0.56131124
3,0,2,0.83360946,0.7876113,0.4415648
3,0,1,0.7004822,0.67206806,0.3531616
3,0,2,0.83809966,0.99637127,0.36384094
3,0,1,0.8326601,0.99534684,0.37898824
3,0,1,0.85481906,0.9965402,0.34449056
3,0,2,0.966203,0.74791306,0.5177932
3,0,2,0.7504166,0.998489,0.38296932
3,0,2,0.82903916,0.79827803,0.38555104
3,0,2,0.69218373,0.99681383,0.45471984
3,0,0,0.98578006,0.9973053,0.34724367
3,0,1,0.74114865,0.9966826,0.37536502
3,0,2,0.9841575,0.99618715,0.36659402
3,0,2,0.85877645,0.8245571,0.4631045
3,0,0,0.7724644,0.8335591,0.36717924
3,0,1,0.86077696,0.9987388,0.4002752
3,0,2,0.871456,0.9967098,0.45887452
3,0,1,0.83723253,0.99782676,0.3612256
3,0,1,0.75541353,0.99835217,0.3785146
3,0,2,0.69628805,0.6797241,0.4226844
2,0,1,0.5516101,0.6890566,0.47040448
3,0,2,0.9862475,0.99711704,0.3851839
3,0,1,0.58989936,0.99801993,0.45877776
3,0,0,0.87323564,0.77721536,0.39311892
3,0,2,0.838686,0.7634122,0.37156275
3,0,2,0.8158247,0.99792117,0.39877707
3,0,2,0.9851672,0.9964952,0.34615603
3,0,0,0.62096184,0.9977958,0.41063774
3,0,2,0.8849442,0.9963977,0.40910545
3,0,1,0.75666946,0.9953023,0.38114032
3,0,2,0.8913463,0.779103,0.574447
3,0,2,0.61512697,0.9972963,0.46659666
3,0,2,0.8876136,0.71314615,0.47883314
3,0,2,0.84457713,0.7699567,0.40289432
3,0,2,0.627392,0.74876916,0.4807055
3,0,2,0.8830339,0.99768627,0.3837504
3,0,2,0.94389826,0.7460883,0.3596028
3,0,2,0.8525075,0.82745767,0.36669147
2,0,2,0.48994523,0.6604506,0.5277747
3,0,0,0.8232804,0.9978435,0.3402146
3,0,1,0.96573734,0.9985474,0.4101765
3,0,2,0.95518583,0.8192356,0.3671946
3,0,2,0.831552,0.99681026,0.46131924
3,0,2,0.7517192,0.9987356,0.5646165
3,0,1,0.849154,0.7129713,0.4389058
3,0,0,0.9445414,0.766023,0.4131171
3,0,2,0.8025176,0.9970632,0.37798247
3,0,1,0.6466091,0.99758506,0.41241807
3,0,0,0.69477487,0.81091166,0.40116784
3,0,2,0.8783236,0.99872655,0.4764752
3,0,2,0.8356438,0.73992246,0.3987378
3,0,2,0.79911596,0.9985738,0.4381891
3,0,0,0.75312185,0.9968934,0.36687452
3,0,2,0.684546,0.9971623,0.41606575
3,0,0,0.8087525,0.9963433,0.50140053
3,0,2,0.5368558,0.9950524,0.50750226
3,0,0,0.9879693,0.9980806,0.4463185
3,0,1,0.57867086,0.66967094,0.4665064
3,0,2,0.9415362,0.7789113,0.43863538
3,0,1,0.55290896,0.99827075,0.49238324
3,0,2,0.84434557,0.99490696,0.38691238
3,0,1,0.9754125,0.99850273,0.34392148
3,0,2,0.85663,0.7467302,0.43412024
3,0,0,0.85425395,0.7502012,0.476076
3,0,2,0.9857473,0.77221817,0.3910753
3,0,1,0.6204151,0.9973043,0.39225066
3,0,2,0.8940728,0.65269405,0.44645056
3,0,2,0.8629756,0.7586205,0.47759905
3,0,1,0.5800316,0.73858654,0.4682249
3,0,2,0.9812107,0.99661887,0.3910514
3,0,2,0.6776295,0.998035,0.44918928
3,0,0,0.90260524,0.8182684,0.4657457
3,0,2,0.8501932,0.99751866,0.44918114
3,0,2,0.9874105,0.9972765,0.46353993
3,0,2,0.7763188,0.9982761,0.43316588
3,0,2,0.94466305,0.9983558,0.39460295
3,0,2,0.97138345,0.99660033,0.49655527
3,0,2,0.8283067,0.60813874,0.48029077
3,0,2,0.8593644,0.9955978,0.41620994
3,0,1,0.66487503,0.99659854,0.4536062
3,0,2,0.79305625,0.69370794,0.37728202
3,0,2,0.85103595,0.6885018,0.48862463
3,0,2,0.8464643,0.9965329,0.4478047
3,0,2,0.75312513,0.9989826,0.39062756
3,0,2,0.8641347,0.9988675,0.40937516
3,0,0,0.86231613,0.7269631,0.47711682
3,0,1,0.7347188,0.78784347,0.3826593
3,0,2,0.86607176,0.7449179,0.4676043
3,0,2,0.87222606,0.9986981,0.4878833
3,0,2,0.6018648,0.9980691,0.45149004
3,0,2,0.85921025,0.72703743,0.3863539
3,0,2,0.6452836,0.72809607,0.34752768
3,0,0,0.6163593,0.77563965,0.3725537
3,0,0,0.82542413,0.687818,0.3862697
3,0,2,0.7439394,0.76224035,0.44251564
3,0,2,0.86185503,0.9974727,0.35395026
3,0,0,0.9668023,0.7633112,0.46784267
3,0,1,0.9041032,0.9974437,0.49276757
3,0,0,0.9609056,0.99767834,0.4276471
3,0,1,0.8440245,0.87000155,0.46625996
3,0,2,0.8334606,0.99754,0.38918662
3,0,2,0.58360916,0.6930026,0.49602875
3,0,0,0.7844928,0.9957417,0.3543598
3,0,2,0.95088893,0.7387054,0.37207478
3,0,1,0.6064094,0.74429005,0.5912098
3,0,2,0.86814445,0.9972403,0.54310113
3,0,0,0.8616222,0.9984004,0.4287691
3,0,2,0.8771347,0.9964785,0.45211956
3,0,2,0.8805064,0.91315025,0.5323351
2,0,1,0.4758661,0.9987865,0.5242238
3,0,0,0.56934977,0.86404306,0.3906055
3,0,0,0.7961311,0.9957824,0.4125605
3,0,1,0.8810967,0.8749482,0.48425803
3,0,2,0.8720888,0.99686265,0.41170982
3,0,0,0.97360986,0.7851361,0.46668842
3,0,0,0.9814161,0.99835557,0.37046698
3,0,2,0.8554273,0.9244896,0.39145648
3,0,0,0.7447386,0.7645451,0.403204
3,0,0,0.84821045,0.9960574,0.49026886
3,0,0,0.8620162,0.99842715,0.3853539
3,0,2,0.8683316,0.9966209,0.3847946
3,0,2,0.8759203,0.9985098,0.48330054
3,0,2,0.8199129,0.99867487,0.41790098
3,0,2,0.9532478,0.6876016,0.35828573
3,0,0,0.77449584,0.7681925,0.5530902
3,0,0,0.7548779,0.8426864,0.49691093
3,0,2,0.7793349,0.9961028,0.3700536
3,0,0,0.87134516,0.99652404,0.389347
3,0,1,0.61255175,0.9986344,0.37108153
3,0,2,0.8896635,0.9965875,0.46228904
3,0,2,0.867529,0.599296,0.43445313
3,0,0,0.96030545,0.9977404,0.4782621
3,0,0,0.73983306,0.7242557,0.37856942
3,0,1,0.7745055,0.99631196,0.45597973
3,0,1,0.69502336,0.8241972,0.37077358
3,0,2,0.8643296,0.99830496,0.40528485
3,0,2,0.8344049,0.7412932,0.42795134
3,0,0,0.9799646,0.998309,0.4092111
3,0,0,0.982557,0.7916633,0.40639028
3,0,2,0.85949725,0.747681,0.6050176
3,0,2,0.98364,0.9983839,0.3622484
3,0,0,0.7596353,0.88531166,0.35598534
3,0,0,0.98281544,0.9971379,0.43336043
3,0,1,0.76917374,0.99678385,0.39249143
3,0,1,0.6019208,0.99782276,0.46911743
3,0,1,0.7955855,0.99713993,0.41088933
3,0,2,0.81232923,0.7449373,0.43529096
3,0,1,0.9693787,0.99819905,0.36912897
3,0,2,0.7494731,0.7580958,0.39539126
3,0,2,0.9859709,0.9958384,0.45050007
3,0,2,0.9858498,0.9944634,0.4601189
3,0,2,0.57299334,0.7294098,0.4806401
3,0,2,0.6715499,0.7123694,0.5297523
3,0,2,0.98233175,0.6807061,0.34869167
3,0,0,0.98742825,0.9987558,0.42982405
3,0,1,0.9855564,0.9980837,0.35455537
3,0,2,0.69011056,0.9983584,0.4669239
2,0,2,0.49378183,0.6402393,0.42604575
3,0,0,0.88599765,0.78033906,0.44085184
3,0,0,0.9863049,0.99794656,0.4928754
3,0,1,0.7553619,0.8454059,0.4385311
3,0,1,0.7812563,0.7910213,0.42699617
3,0,2,0.74925643,0.76026624,0.3880035
3,0,0,0.8761357,0.9982468,0.43490127
3,0,2,0.86180234,0.7279935,0.4185968
3,0,2,0.8795248,0.7518124,0.44245693
3,0,1,0.8337044,0.99657404,0.37283444
3,0,2,0.8414001,0.7223457,0.51636755
3,0,2,0.7698301,0.8479212,0.35523793
3,0,2,0.83325094,0.9948961,0.37765107
3,0,2,0.8795902,0.6760535,0.51001364
3,0,2,0.79892373,0.998485,0.47320274
3,0,1,0.7621644,0.9421789,0.52253574
3,0,1,0.8326418,0.8043332,0.42628124
3,0,0,0.84669065,0.77714866,0.4036669
3,0,2,0.6354984,0.99711406,0.40416113
3,0,2,0.87535787,0.6683275,0.499128
3,0,2,0.578442,0.998089,0.52971464
3,0,2,0.5601221,0.9976169,0.40807077
3,0,1,0.7933993,0.6400219,0.3821358
3,0,0,0.70015216,0.9952041,0.4476556
3,0,2,0.9824944,0.9976574,0.4411073
3,0,2,0.9832628,0.9972493,0.37681797
3,0,0,0.80741274,0.9934437,0.39482906
3,0,2,0.97788155,0.9962237,0.5106068
3,0,2,0.9488288,0.6887526,0.36854658
3,0,0,0.8634186,0.84909797,0.45545825
3,0,2,0.68447727,0.99523133,0.45619324
3,0,1,0.8166964,0.9986304,0.39031947
3,0,2,0.888645,0.7483142,0.5024916
3,0,2,0.8728723,0.8692705,0.41862255
3,0,2,0.8371703,0.99693155,0.40945673
3,0,0,0.85791063,0.99747074,0.4239145
3,0,1,0.8676926,0.993628,0.41617358
3,0,1,0.7642101,0.7682546,0.4448624
3,0,1,0.7483462,0.77523947,0.3433682
3,0,2,0.83357006,0.6927021,0.3906955
3,0,2,0.75497645,0.7898065,0.38662502
3,0,2,0.97042847,0.9962477,0.3989788
3,0,2,0.5613102,0.83056116,0.3884175
3,0,2,0.8263571,0.71302885,0.4185557
3,0,0,0.8744846,0.7410786,0.44374055
3,0,2,0.8283341,0.9970566,0.44629914
3,0,2,0.9839484,0.9951504,0.38568088
3,0,1,0.7797695,0.8469722,0.45883688
3,0,2,0.9402997,0.99746335,0.570869
3,0,2,0.89849067,0.82255495,0.5042725
3,0,2,0.8215703,0.99809927,0.4249935
3,0,1,0.76593626,0.9966433,0.383123
3,0,2,0.9864158,0.9977609,0.3544886
3,0,2,0.7204816,0.9001803,0.34615448
3,0,2,0.8823821,0.74426067,0.5112915
3,0,2,0.86894333,0.7800653,0.48356092
3,0,2,0.8522995,0.6344098,0.43807724
3,0,2,0.84970224,0.9976156,0.576468
3,0,0,0.94744295,0.780057,0.3583247
3,0,2,0.88773185,0.9983872,0.35702023
3,0,1,0.8811659,0.996843,0.42776197
3,0,0,0.75688905,0.82258326,0.33756775
0,0,0,0.4907135,0.8090829,0.41853732
2,0,2,0.49532545,0.6856475,0.38775608
3,0,0,0.84387857,0.9955433,0.39190385
3,0,1,0.85893655,0.61823237,0.42681298
3,0,2,0.80443513,0.70065945,0.4926444
3,0,2,0.64406544,0.99630004,0.47032496
3,0,2,0.85295635,0.9970631,0.39256847
3,0,0,0.8672466,0.99803907,0.3756362
3,0,2,0.87813854,0.64989537,0.3812691
3,0,2,0.87960774,0.7105198,0.3625066
3,0,2,0.9869867,0.79429555,0.39587432
3,0,1,0.8276475,0.79851675,0.43810192
3,0,0,0.82062626,0.99503595,0.35423896
3,0,0,0.95073915,0.99795556,0.35716313
3,0,2,0.82507956,0.79790163,0.43077636
3,0,2,0.6409861,0.99772173,0.47283596
3,0,1,0.7708484,0.94299287,0.48498625
3,0,2,0.76683146,0.99785113,0.38909414
3,0,2,0.89365643,0.6308698,0.44099548
3,0,2,0.9861669,0.9948073,0.41481796
3,0,2,0.681181,0.80038357,0.4559174
3,0,1,0.7880746,0.9977291,0.41725653
3,0,2,0.9579517,0.72137237,0.43530917
3,0,1,0.8483857,0.9984341,0.40694302
3,0,2,0.9339558,0.9973537,0.46270436
3,0,2,0.632349,0.7050427,0.50052917
3,0,2,0.6188525,0.9957963,0.42786285
3,0,1,0.7328597,0.9981287,0.39872664
3,0,0,0.97074866,0.7005387,0.44274402
3,0,2,0.57444984,0.72190976,0.44913778
3,0,0,0.8263701,0.7397565,0.3964979
3,0,0,0.9817785,0.99844354,0.40382856
3,0,2,0.88319254,0.9939568,0.40534642
3,0,2,0.89925843,0.75201446,0.5439926
3,0,1,0.77282035,0.9985967,0.3974469
3,0,2,0.77641404,0.9984101,0.49918345
3,0,2,0.55358994,0.7079943,0.5002531
3,0,0,0.8755122,0.84251547,0.37624872
3,0,2,0.8289836,0.9965064,0.4050239
3,0,2,0.62172693,0.99465793,0.4699752
3,0,2,0.9744342,0.9972529,0.38513577
3,0,2,0.88105804,0.99800354,0.45452496
3,0,2,0.8156338,0.6961333,0.4785393
3,0,2,0.62833595,0.6870174,0.5547185
3,0,2,0.6979107,0.9987161,0.39177957
3,0,1,0.48663053,0.7434226,0.5222699
3,0,1,0.7773573,0.8760536,0.42736846
3,0,0,0.8415004,0.74703676,0.44218487
3,0,2,0.8494747,0.77021366,0.39411888
3,0,2,0.67038184,0.9983783,0.47243276
3,0,2,0.6695844,0.7828057,0.43968114
3,0,1,0.5689778,0.9979194,0.47375873
3,0,0,0.98385704,0.81526697,0.3825918
3,0,0,0.807297,0.9956435,0.4078838
3,0,1,0.8641659,0.9985514,0.4119718
3,0,1,0.57822543,0.7181153,0.56385404
3,0,0,0.4634097,0.7862341,0.43635958
3,0,0,0.8527287,0.9971529,0.34975615
3,0,2,0.88574475,0.814442,0.53764075
3,0,0,0.98579156,0.99709475,0.41258115
3,0,1,0.77224696,0.83578235,0.47764823
3,0,0,0.9370776,0.7860102,0.40704927
3,0,2,0.8019002,0.7641937,0.5294654
3,0,2,0.8385844,0.9983454,0.34674454
3,0,1,0.7738452,0.8688018,0.45701504
3,0,2,0.98385555,0.99853957,0.48273146
3,0,2,0.85141766,0.99725795,0.40650457
3,0,2,0.6169797,0.99548894,0.48790509
3,0,0,0.90015465,0.7692796,0.36389962
3,0,1,0.48692402,0.63819647,0.48063406
3,0,1,0.75887555,0.8257685,0.39718962
3,0,2,0.6817737,0.99661726,0.359513
3,0,2,0.50661796,0.99549955,0.4667732
3,0,2,0.85806656,0.7925529,0.3793019
3,0,2,0.9203063,0.7389458,0.4541131
3,0,2,0.679887,0.7680276,0.45542347
3,0,2,0.9697159,0.9979382,0.4278279
3,0,2,0.8628718,0.78384215,0.440775
3,0,2,0.83042145,0.99851614,0.59918684
3,0,2,0.862191,0.73697567,0.65057296
3,0,2,0.8934364,0.696563,0.5072749
3,0,2,0.98542374,0.7755199,0.43701586
3,0,2,0.7713164,0.99765176,0.4452446
3,0,2,0.83905035,0.99626297,0.4149934
3,0,1,0.54810905,0.74048465,0.5343763
3,0,0,0.98584104,0.99904627,0.3839503
3,0,2,0.9848125,0.9985091,0.3607738
3,0,0,0.5919657,0.62855536,0.35310665
3,0,2,0.87764436,0.7636071,0.4297146
3,0,0,0.6826958,0.99816567,0.38930032
3,0,1,0.8106877,0.99772173,0.40683022
3,0,1,0.7676812,0.9968844,0.5561618
3,0,0,0.7226444,0.9961707,0.4321528
3,0,2,0.7659725,0.77211744,0.39917567
3,0,2,0.77958816,0.7594181,0.46170402
3,0,2,0.85814047,0.77491784,0.5192156
3,0,2,0.9498321,0.7145536,0.48281747
3,0,2,0.809329,0.7087163,0.5276552
3,0,2,0.8637638,0.72789365,0.43478203
3,0,0,0.9504153,0.9975655,0.344286
3,0,2,0.8908076,0.9987716,0.52300304
3,0,1,0.7308658,0.9976641,0.35325834
3,0,0,0.7730812,0.9954652,0.42180762
3,0,0,0.7784876,0.9974456,0.4945441
3,0,2,0.8554346,0.9981223,0.36635244
3,0,0,0.93988234,0.99716043,0.39946344
3,0,1,0.64290625,0.70086676,0.490753
3,0,2,0.83363974,0.7120778,0.36389866
3,0,2,0.5790019,0.99749583,0.45399278
3,0,2,0.85120237,0.99636143,0.41360375
3,0,2,0.64333194,0.9984188,0.60942936
3,0,1,0.83834934,0.9981294,0.41417992
3,0,1,0.7602759,0.9976484,0.3876449
3,0,2,0.96040726,0.9976495,0.3595243
3,0,2,0.84299934,0.9986656,0.3477476
3,0,0,0.98545015,0.75195956,0.34617183
3,0,2,0.8794043,0.99853504,0.47857696
3,0,2,0.61574227,0.6589754,0.45275223
3,0,1,0.78796524,0.99790514,0.45787835
3,0,2,0.9723818,0.99880016,0.48485744
3,0,2,0.8015198,0.9977016,0.5060814
3,0,1,0.7834528,0.80503243,0.41587073
3,0,2,0.8741777,0.7644077,0.41072294
3,0,2,0.8551495,0.9949243,0.37582892
3,0,2,0.898213,0.79412514,0.4814323
3,0,2,0.8849053,0.7883811,0.5103576
3,0,2,0.5878024,0.9964696,0.43137288
3,0,1,0.7583873,0.6773946,0.38550717
3,0,2,0.8708639,0.77820325,0.5301754
3,0,1,0.741854,0.8549095,0.5017135
3,0,1,0.81325924,0.9979227,0.38479358
3,0,2,0.67425823,0.99694985,0.39137602
3,0,2,0.70283234,0.99669313,0.42062214
2,0,2,0.495872,0.7354091,0.46620727
3,0,2,0.7967783,0.9981077,0.4583161
3,0,2,0.8931587,0.634968,0.38421193
3,0,2,0.986541,0.78379154,0.40688887
3,0,0,0.6731755,0.99683434,0.38927436
3,0,2,0.8182801,0.7444122,0.50219685
3,0,2,0.7526297,0.9954769,0.37572396
3,0,0,0.711515,0.9976157,0.49927768
3,0,0,0.82327724,0.75846446,0.49897933
3,0,0,0.9397581,0.7056049,0.4252018
2,0,1,0.4985395,0.68824756,0.45701155
3,0,2,0.8692703,0.9978529,0.5092951
3,0,2,0.89068323,0.76781434,0.42471108
3,0,2,0.7484718,0.7650856,0.43307745
3,0,1,0.87049323,0.9987251,0.38286033
3,0,2,0.861911,0.70246845,0.48484418
3,0,2,0.84452206,0.99540114,0.41294432
3,0,2,0.5953723,0.66530097,0.4711694
3,0,0,0.85199654,0.75182223,0.53267425
3,0,2,0.76411206,0.7995783,0.37599707
3,0,2,0.82652426,0.9960502,0.4295414
3,0,2,0.8176329,0.8064898,0.54476917
3,0,2,0.8587321,0.991892,0.408369
3,0,1,0.82997864,0.9974753,0.4709295
3,0,1,0.6458595,0.9979748,0.45613825
3,0,2,0.7570939,0.7633721,0.52106965
3,0,1,0.79324454,0.99699306,0.36248824
3,0,0,0.9652272,0.6922335,0.37129182
3,0,0,0.9735097,0.80895203,0.42211956
3,0,2,0.8384048,0.99420893,0.34045428
3,0,0,0.657381,0.99913687,0.38380754
3,0,0,0.8628718,0.99832124,0.3551329
3,0,2,0.6589431,0.6771414,0.47431204
3,0,0,0.9540791,0.99763644,0.41759285
3,0,0,0.71339536,0.7123293,0.5289745
3,0,0,0.58109826,0.7518766,0.425504
3,0,2,0.8047354,0.99893063,0.4191791
3,0,0,0.8054161,0.5978025,0.34893537
3,0,2,0.9807422,0.7175978,0.3894467
3,0,2,0.86511993,0.6352125,0.39259753
3,0,2,0.8196867,0.7347167,0.3633311
3,0,1,0.5277762,0.83032227,0.59249705
3,0,2,0.7019922,0.80081093,0.39664882
3,0,0,0.96403885,0.6507857,0.40996528
3,0,2,0.7350059,0.7976233,0.39381358
3,0,1,0.74952894,0.6674416,0.54137146
3,0,1,0.95459247,0.758998,0.3661316
3,0,1,0.8425623,0.9976604,0.373343
3,0,0,0.930275,0.9966775,0.3825593
3,0,1,0.7136959,0.9971246,0.4333745
3,0,2,0.62313056,0.60494673,0.49202195
3,0,2,0.83686537,0.7569636,0.47532636
3,0,2,0.85604346,0.99573463,0.42354786
3,0,2,0.8414231,0.70605695,0.4282133
3,0,2,0.8432581,0.67501926,0.46680826
3,0,1,0.75994605,0.8983189,0.4178126
3,0,1,0.797169,0.99871135,0.36996073
3,0,2,0.8750066,0.7202888,0.41886693
3,0,2,0.8839925,0.99480385,0.44377065
3,0,2,0.88659763,0.7474189,0.5664612
3,0,0,0.97042847,0.99646926,0.35640728
3,0,2,0.58734554,0.9954847,0.4604701
3,0,2,0.842279,0.99428225,0.5714615
3,0,2,0.7964906,0.78384095,0.47987628
3,0,2,0.75249404,0.9980026,0.40091702
3,0,2,0.87829816,0.99657476,0.4207066
3,0,2,0.6525894,0.9971704,0.42752576
3,0,2,0.9687998,0.9963999,0.38153487
3,0,2,0.9740743,0.6704589,0.37680778
3,0,2,0.5839233,0.99488634,0.43144903
3,0,2,0.9617051,0.9980374,0.43813944
3,0,2,0.63423234,0.7716207,0.35074797
3,0,2,0.7427097,0.9985902,0.46097928
3,0,1,0.9858007,0.994961,0.37299296
3,0,2,0.9666976,0.78295493,0.42102948
3,0,0,0.9861618,0.7232079,0.5398851
3,0,2,0.8019629,0.8377245,0.4223052
3,0,0,0.85899734,0.8660385,0.42226374
3,0,2,0.64499515,0.99616855,0.45014602
3,0,0,0.98729837,0.9983948,0.376865
3,0,2,0.83984613,0.99844307,0.34442934
3,0,2,0.7389575,0.998771,0.45190486
3,0,2,0.8443325,0.6467195,0.40579093
3,0,0,0.71970344,0.99633515,0.4141248
3,0,2,0.8642144,0.780388,0.5673975
3,0,0,0.95296633,0.99870706,0.37813237
3,0,2,0.84853,0.66657627,0.3970988
3,0,1,0.7629897,0.73753846,0.3911973
3,0,2,0.8454746,0.9933908,0.44347993
3,0,1,0.76343054,0.8177996,0.40963295
3,0,0,0.8043541,0.87490195,0.37075296
3,0,2,0.62831455,0.9977888,0.45246208
3,0,2,0.983582,0.77454627,0.37711793
3,0,2,0.8283067,0.99361354,0.43283576
3,0,2,0.8153939,0.8579883,0.44556567
3,0,1,0.75986564,0.99838483,0.4815692
3,0,2,0.6012689,0.9980254,0.48297933
3,0,2,0.808613,0.79191726,0.4585393
3,0,2,0.71364117,0.72443736,0.39647326
3,0,2,0.6210386,0.9973265,0.50476986
3,0,2,0.9439265,0.99673635,0.36109674
3,0,0,0.85405904,0.7918511,0.34970146
3,0,2,0.8328131,0.8480504,0.3673144
3,0,1,0.5491115,0.84405595,0.43729687
3,0,2,0.6841047,0.7803203,0.4648309
3,0,1,0.62105,0.95999116,0.5217516
3,0,1,0.58873504,0.99717146,0.4827434
3,0,1,0.7653005,0.79111725,0.36439517
3,0,1,0.86840653,0.78311497,0.41362056
3,0,2,0.7452287,0.99802434,0.37630352
3,0,2,0.86560524,0.61761206,0.47287363
3,0,1,0.5731258,0.72311205,0.46506104
3,0,2,0.73441523,0.99868613,0.4157788
3,0,2,0.9014513,0.996424,0.3708878
3,0,1,0.8007735,0.99832183,0.47831953
3,0,2,0.838362,0.7088795,0.4099601
3,0,2,0.6027347,0.99560577,0.46695408
3,0,2,0.88401496,0.9977063,0.5034871
3,0,2,0.7017956,0.9977986,0.39641422
3,0,2,0.98233366,0.9986545,0.4499045
3,0,2,0.86412585,0.70954907,0.49184597
3,0,2,0.76712257,0.9982704,0.49885875
3,0,2,0.80119336,0.7977947,0.5056492
3,0,1,0.8842594,0.8134716,0.34945798
3,0,1,0.7347188,0.77143437,0.38363
3,0,2,0.8228593,0.678277,0.46556836
3,0,2,0.62655973,0.672267,0.48654324
3,0,0,0.8207568,0.7226565,0.402903
3,0,2,0.8574225,0.81437695,0.42639068
3,0,2,0.9604662,0.67680186,0.36709112
3,0,2,0.5959829,0.9983133,0.48357677
3,0,0,0.87196547,0.99850357,0.36920467
3,0,2,0.77540505,0.9966184,0.38893956
3,0,2,0.87787443,0.7550647,0.41637778
3,0,1,0.81964093,0.99493235,0.3727785
3,0,2,0.64396924,0.9975001,0.409149
3,0,2,0.7811735,0.6701956,0.5311377
3,0,2,0.7082833,0.706224,0.43813917
3,0,0,0.75964135,0.9979119,0.4121889
3,0,2,0.86577463,0.9982261,0.46214753
3,0,2,0.854697,0.99808156,0.41511506
3,0,2,0.98577577,0.7770631,0.40336883
3,0,1,0.7608975,0.89296246,0.46939212
3,0,2,0.58077294,0.9959496,0.47499675
3,0,0,0.87298644,0.9967801,0.392261
3,0,2,0.9844423,0.9987143,0.39002636
3,0,2,0.7704403,0.6781752,0.46419162
3,0,2,0.6762046,0.8070984,0.4819127
3,0,2,0.8163307,0.765826,0.47260636
3,0,1,0.75116366,0.99823594,0.41647816
3,0,2,0.6611975,0.7832396,0.4224253
3,0,2,0.95097864,0.9975561,0.37414214
3,0,1,0.85681206,0.693117,0.36776182
3,0,2,0.8161214,0.99837744,0.36847812
3,0,2,0.61706907,0.99780256,0.46412098
3,0,2,0.5749909,0.7437818,0.4831375
3,0,2,0.8118258,0.9977489,0.42908835
3,0,2,0.8445915,0.9960181,0.4356352
3,0,0,0.6157993,0.7241453,0.4422363
3,0,0,0.843819,0.99785066,0.4078838
3,0,2,0.8712413,0.78720695,0.40400752
3,0,2,0.84223634,0.8326461,0.37641022
3,0,2,0.7739457,0.76386636,0.5355503
3,0,2,0.8577593,0.7150822,0.49320784
3,0,2,0.87243426,0.7646228,0.34561697
3,0,0,0.8541081,0.9971206,0.38845557
3,0,2,0.87972325,0.9984668,0.4333871
3,0,1,0.78002733,0.88977486,0.43167388
3,0,2,0.8347483,0.996209,0.3997926
3,0,2,0.59228796,0.70962566,0.44589
3,0,1,0.7832957,0.8441363,0.43281576
3,0,2,0.98644143,0.9977526,0.36621863
3,0,0,0.76831996,0.7727462,0.39852044
3,0,2,0.81675017,0.7257555,0.4351465
3,0,1,0.8224832,0.87027586,0.51781595
3,0,2,0.8055073,0.792976,0.36033133
3,0,0,0.8688397,0.71361035,0.37583035
3,0,1,0.5736101,0.7500229,0.5072891
3,0,1,0.81775606,0.9950649,0.37084883
3,0,2,0.5830561,0.64822394,0.4973544
3,0,0,0.83294016,0.79904705,0.37865096
3,0,2,0.9770577,0.9984622,0.3763801
3,0,0,0.6896372,0.9965905,0.438704
3,0,1,0.7626164,0.86100996,0.49411696
3,0,2,0.987785,0.72530663,0.36030966
3,0,1,0.6006724,0.9981927,0.44503084
3,0,0,0.8483614,0.99806386,0.3911274
3,0,0,0.98560053,0.9978714,0.41040418
3,0,1,0.77325475,0.9945803,0.42725354
3,0,1,0.62726647,0.7409865,0.4478136
3,0,2,0.6372062,0.68557453,0.51829314
3,0,1,0.72942424,0.80443615,0.43271884
3,0,2,0.89325905,0.80119514,0.45633185
3,0,2,0.7086778,0.99787796,0.49944022
3,0,0,0.9756943,0.9982406,0.4529534
3,0,1,0.75822276,0.69586104,0.3505573
3,0,2,0.83357006,0.9958513,0.4134458
3,0,2,0.54665595,0.9964301,0.45511866
3,0,2,0.8170549,0.9982021,0.43246087
3,0,0,0.95588624,0.99534386,0.43544963
3,0,0,0.9677948,0.65318227,0.3705204
3,0,2,0.87159103,0.998615,0.39038777
3,0,2,0.702286,0.9968123,0.5507232
3,0,1,0.6986556,0.99602026,0.41734675
3,0,2,0.88135713,0.9967912,0.51523364
3,0,2,0.5764716,0.9936952,0.4570877
3,0,1,0.7703694,0.86755186,0.43983173
3,0,2,0.824215,0.813073,0.3524125
3,0,1,0.59546244,0.99344563,0.48415226
3,0,1,0.8174126,0.99808854,0.3849325
3,0,2,0.7863446,0.9928767,0.45564407
3,0,2,0.6241141,0.99733907,0.48512962
3,0,2,0.87301725,0.9977323,0.45417294
2,0,2,0.5278976,0.67125374,0.39703456
3,0,2,0.50324595,0.78826165,0.37853572
3,0,0,0.8763344,0.998092,0.42002916
3,0,2,0.8005675,0.7360589,0.4977241
3,0,2,0.8640594,0.73141575,0.50563914
3,0,2,0.72809243,0.99809855,0.42957887
3,0,2,0.8796347,0.9964551,0.4018926
3,0,0,0.8714351,0.79924566,0.43877634
3,0,1,0.61893857,0.9977457,0.3683724
3,0,2,0.6398331,0.9953874,0.38629937
3,0,1,0.57551,0.7508512,0.5141988
3,0,2,0.9787235,0.9985964,0.39182195
3,0,2,0.97789484,0.7578907,0.3689051
3,0,2,0.8203435,0.99778724,0.45454156
3,0,1,0.57034063,0.996881,0.5993671
3,0,1,0.7683286,0.681397,0.45503005
3,0,1,0.7260964,0.9959818,0.41052452
3,0,0,0.8522814,0.9982829,0.42454463
3,0,1,0.98657167,0.8165959,0.36670354
3,0,1,0.7306698,0.6868978,0.36308575
3,0,1,0.7660411,0.99872345,0.35907105
3,0,0,0.67524135,0.8042138,0.43195555
3,0,0,0.8678889,0.9484169,0.45474938
3,0,2,0.8292013,0.99523264,0.4172687
3,0,0,0.8243058,0.99565625,0.3539363
3,0,2,0.8426855,0.9977132,0.41228968
3,0,1,0.97871554,0.7512584,0.39708903
3,0,0,0.8502699,0.6717249,0.45629543
3,0,2,0.86707693,0.998114,0.42895433
3,0,2,0.880541,0.5777501,0.47225654
3,0,0,0.858754,0.99669206,0.3983812
3,0,2,0.8931587,0.99389255,0.47525042
3,0,2,0.75256616,0.9985424,0.3972091
3,0,2,0.8548745,0.99856585,0.42767346
3,0,2,0.9691374,0.76593095,0.4163128
3,0,2,0.85902214,0.796571,0.5055639
3,0,0,0.98600113,0.7384886,0.3686019
3,0,2,0.9803233,0.741825,0.50654256
3,0,2,0.81628793,0.7602865,0.49786034
3,0,1,0.656838,0.8975471,0.45919997
2,0,2,0.48747483,0.6596435,0.4733469
3,0,1,0.7675234,0.9986326,0.43771374
3,0,1,0.83658606,0.7698104,0.3940442
3,0,1,0.7401947,0.75509864,0.41270846
3,0,2,0.9861627,0.9984799,0.4469244
3,0,2,0.9784434,0.9989428,0.44692346
3,0,2,0.8510272,0.997471,0.43304405
3,0,1,0.8735108,0.80761784,0.36205387
3,0,2,0.79709226,0.72637814,0.47424072
3,0,2,0.63435256,0.70612437,0.40908873
3,0,0,0.87201,0.745291,0.3776875
3,0,2,0.9813098,0.9978225,0.3718724
3,0,2,0.98261076,0.75980335,0.42004055
3,0,1,0.85247135,0.71553606,0.3462999
3,0,2,0.89325905,0.74439126,0.53411525
3,0,0,0.9666345,0.99344265,0.4678223
3,0,1,0.7596353,0.9130139,0.3916644
3,0,0,0.9622905,0.9981402,0.40066615
3,0,2,0.98531544,0.8063718,0.365851
3,0,2,0.87830156,0.9975171,0.3715239
3,0,2,0.8487987,0.99834263,0.44288498
3,0,2,0.8197309,0.76022965,0.46682692
3,0,1,0.84075445,0.8169022,0.4395202
3,0,2,0.8350247,0.64684266,0.5068071
3,0,0,0.9678095,0.6080981,0.82824934
3,0,1,0.8087719,0.99753344,0.36102673
3,0,2,0.7747713,0.84502566,0.3684655
3,0,2,0.8563417,0.7183241,0.42615426
3,0,2,0.8640055,0.9981993,0.36207652
3,0,2,0.8304457,0.9967152,0.44641024
3,0,1,0.6392891,0.99628156,0.43556717
3,0,0,0.98438674,0.7572751,0.42127153
3,0,2,0.7431218,0.7661105,0.4400693
3,0,2,0.7182939,0.995568,0.41563684
3,0,2,0.87893724,0.74969596,0.51484823
3,0,2,0.7519696,0.9973671,0.37943718
3,0,2,0.64961517,0.7846195,0.38056383
3,0,2,0.7614926,0.9973611,0.4879013
3,0,1,0.77526784,0.7592525,0.42640674
3,0,2,0.76134586,0.9981002,0.42319506
3,0,1,0.7769281,0.6881929,0.36146134
3,0,2,0.81104726,0.9969662,0.37470397
3,0,2,0.7512278,0.99810565,0.43624353
3,0,2,0.8987669,0.7423016,0.51820093
3,0,2,0.8252857,0.99836427,0.36258027
3,0,0,0.9852255,0.997147,0.3581424
3,0,2,0.59146774,0.99518603,0.49598533
3,0,2,0.64864504,0.6084866,0.49630308
3,0,2,0.8174846,0.7460385,0.54206574
3,0,1,0.7500332,0.99813974,0.47811136
3,0,0,0.8554446,0.8714708,0.4100352
3,0,0,0.9875438,0.7502042,0.37575242
3,0,2,0.8548122,0.74054873,0.5769984
3,0,0,0.94627106,0.9963666,0.42020315
3,0,0,0.7399684,0.80370957,0.4524212
3,0,2,0.99088156,0.633263,0.6295314
3,0,2,0.95952994,0.7791384,0.3620821
3,0,2,0.98821336,0.7276105,0.3988759
2,0,2,0.49026364,0.85543954,0.44445297
3,0,2,0.62084347,0.99698526,0.43771562
3,0,2,0.8278718,0.9987166,0.42036378
3,0,2,0.96965516,0.7577044,0.38815272
3,0,1,0.7603964,0.7435647,0.39834028
3,0,1,0.7579392,0.99781334,0.39333084
3,0,2,0.95901984,0.7834183,0.3859927
3,0,1,0.6108584,0.7603836,0.46928388
3,0,1,0.7426179,0.99476916,0.38016656
3,0,0,0.9711223,0.7626166,0.37719354
3,0,2,0.50847936,0.6967858,0.54410076
3,0,1,0.86124843,0.8380674,0.45270127
3,0,0,0.84844184,0.70452535,0.39470816
3,0,2,0.87239933,0.9260461,0.42706773
3,0,2,0.8824732,0.6193008,0.47744542
3,0,1,0.7701981,0.99867743,0.46006182
3,0,0,0.98750055,0.7683643,0.3956989
3,0,1,0.60827017,0.9934257,0.4723376
3,0,1,0.7760672,0.99800855,0.5025252
3,0,2,0.8021022,0.77060246,0.45697567
2,0,2,0.48421296,0.6568229,0.41619316
3,0,1,0.96250594,0.757951,0.38704827
3,0,2,0.764114,0.7771085,0.5580793
3,0,1,0.6696765,0.9988925,0.52251697
2,0,2,0.51083314,0.62924093,0.48454747
3,0,2,0.8724697,0.99770135,0.40082154
3,0,2,0.8198795,0.9953844,0.38046497
3,0,1,0.8008697,0.9934568,0.37718248
3,0,2,0.9862481,0.99608636,0.41596103
3,0,0,0.9862147,0.79338634,0.40984908
3,0,2,0.88355404,0.99907494,0.43556127
3,0,2,0.868704,0.7635956,0.3632733
3,0,1,0.8004933,0.9970348,0.35352713
3,0,1,0.7594291,0.99571687,0.3786414
3,0,2,0.8890174,0.7086943,0.4796397
3,0,2,0.8849511,0.99526054,0.36955878
3,0,1,0.8475467,0.9979767,0.43009433
3,0,0,0.98750055,0.99643254,0.36988726
3,0,2,0.8638858,0.7658057,0.45067206
3,0,1,0.6414429,0.9958187,0.43256631
3,0,2,0.6528894,0.99784446,0.4920355
3,0,1,0.6382901,0.7332754,0.43706065
3,0,2,0.87891215,0.99745196,0.52361727
3,0,2,0.74950355,0.99720556,0.47442245
3,0,2,0.58333355,0.9959216,0.5332233
3,0,2,0.8176329,0.99833614,0.5346284
3,0,1,0.646744,0.99563736,0.46422434
3,0,2,0.8392806,0.6721658,0.4254628
3,0,1,0.6330651,0.99669623,0.3718328
3,0,2,0.8198041,0.7569409,0.46375874
3,0,1,0.6137684,0.6975638,0.38017812
3,0,2,0.8858313,0.7722736,0.46811867
3,0,0,0.9824944,0.99783593,0.4055091
3,0,1,0.84917116,0.9978923,0.4056941
3,0,1,0.7892874,0.7402755,0.36933947
3,0,0,0.7693591,0.75794345,0.34823683
3,0,1,0.9848043,0.99698144,0.34009564
3,0,1,0.5199523,0.8513375,0.46871918
3,0,2,0.98555344,0.99617565,0.3668552
3,0,0,0.9861152,0.76853067,0.36716932
3,0,1,0.86736304,0.7615613,0.3586741
3,0,2,0.82816225,0.7473308,0.54318964
3,0,1,0.61025155,0.9968882,0.52406996
3,0,1,0.7759178,0.99813,0.48264635
3,0,1,0.6625063,0.9977683,0.5300934
3,0,2,0.8233697,0.66967076,0.5885938
3,0,2,0.85717195,0.76219636,0.4848181
3,0,1,0.7745248,0.8756184,0.51453847
3,0,2,0.86787164,0.9966356,0.45901608
3,0,1,0.79586494,0.9989324,0.38958168
3,0,2,0.80376273,0.9985008,0.41106692
3,0,2,0.7614832,0.9980774,0.5274778
3,0,2,0.6067481,0.99760133,0.48260587
3,0,2,0.8189563,0.99846566,0.5045498
3,0,1,0.855716,0.66679496,0.43550682
3,0,2,0.85038894,0.709556,0.38662055
3,0,2,0.98432356,0.69740975,0.49811274
3,0,0,0.8349329,0.72601426,0.39212132
3,0,2,0.8386507,0.99626607,0.44085145
3,0,2,0.75706565,0.9979449,0.44841602
3,0,2,0.82838196,0.9963431,0.4840532
3,0,1,0.8849058,0.9068328,0.3851966
3,0,0,0.9314735,0.71298474,0.4481253
3,0,2,0.77180487,0.9961325,0.43381187
3,0,2,0.8455582,0.9978504,0.47251064
3,0,2,0.878654,0.99676764,0.39850685
3,0,2,0.87533695,0.99822205,0.5196415
3,0,2,0.82241166,0.9935767,0.39594206
3,0,2,0.946715,0.9960146,0.39282364
3,0,0,0.6359092,0.9961881,0.36673623
3,0,1,0.77294517,0.88559955,0.51263076
3,0,2,0.7526706,0.9959514,0.3468279
3,0,2,0.6433399,0.72364545,0.51820815
3,0,1,0.97576296,0.76613104,0.38170463
3,0,2,0.74811786,0.77821004,0.3690695
3,0,2,0.8672117,0.7121567,0.44238502
3,0,2,0.8801012,0.7616562,0.5484458
3,0,2,0.76405,0.7769568,0.5199527
3,0,2,0.8802819,0.9974625,0.41056737
3,0,2,0.767023,0.9985002,0.37414345
3,0,1,0.8415496,0.9985354,0.36186045
3,0,2,0.9816398,0.7207871,0.41099223
3,0,2,0.68739927,0.7530717,0.4757529
3,0,2,0.602948,0.9959269,0.5050264
3,0,2,0.8534034,0.9954646,0.38009015
3,0,2,0.7646722,0.7996742,0.3871272
3,0,2,0.87912893,0.9974692,0.47625333
3,0,2,0.66926366,0.6416023,0.40793127
3,0,0,0.83214664,0.66000164,0.39566386
3,0,0,0.9866513,0.99681574,0.40567058
3,0,2,0.8391427,0.7376174,0.4591856
3,0,2,0.8373354,0.99671507,0.40081915
3,0,0,0.81451446,0.9975446,0.4256524
3,0,2,0.85048515,0.7288967,0.38767752
3,0,2,0.8945302,0.9982722,0.5579612
3,0,2,0.868941,0.8117835,0.3862691
3,0,0,0.7586895,0.6412793,0.4752293
3,0,0,0.9293796,0.7606267,0.45599768
3,0,1,0.8338991,0.76559824,0.40314597
3,0,1,0.75617504,0.8109794,0.41499037
3,0,2,0.7568965,0.7213589,0.4169124
2,0,2,0.5314242,0.6554019,0.46515474
3,0,2,0.8020029,0.7814965,0.4488277
3,0,2,0.6414429,0.9978083,0.4385506
3,0,0,0.8486576,0.9971034,0.3833379
3,0,0,0.9875739,0.9977689,0.35865074
3,0,0,0.9684904,0.75471103,0.34896713
3,0,1,0.6150128,0.9974675,0.39592546
3,0,1,0.6382317,0.9965011,0.53496116
3,0,2,0.8764388,0.9931803,0.46357104
3,0,2,0.5108377,0.6553289,0.53514016
3,0,0,0.87990975,0.9973677,0.41279826
3,0,2,0.76834416,0.99810153,0.3786621
3,0,2,0.8767925,0.9965522,0.5657104
3,0,0,0.9563541,0.7331659,0.54008716
3,0,2,0.85085386,0.9975491,0.48073366
3,0,1,0.85342795,0.9984194,0.35565442
3,0,2,0.7332638,0.99780494,0.40610248
3,0,1,0.76817286,0.8885847,0.5153134
3,0,2,0.86008924,0.9961224,0.4483441
3,0,0,0.88085335,0.7919177,0.44425115
3,0,0,0.86607176,0.7408468,0.39889315
3,0,2,0.80565137,0.9951934,0.4551521
3,0,2,0.7842459,0.99611616,0.38321716
3,0,2,0.97014654,0.7382329,0.48361495
3,0,2,0.81619406,0.99731004,0.44847926
3,0,2,0.93817604,0.99857426,0.38630366
3,0,2,0.8257434,0.7040753,0.46085313
3,0,2,0.8608554,0.9982456,0.494048
3,0,2,0.87489116,0.99559265,0.49192956
3,0,2,0.97564065,0.99694175,0.3748608
3,0,2,0.8577511,0.99841774,0.39494476
3,0,1,0.66570914,0.99616915,0.46370474
3,0,2,0.9658074,0.6625432,0.37773114
2,0,1,0.53674585,0.7537548,0.44211593
3,0,0,0.84450597,0.79216063,0.47267416
3,0,0,0.9801421,0.9983499,0.40101138
3,0,1,0.80770963,0.7645053,0.3874455
3,0,2,0.9836782,0.9981172,0.3977224
3,0,2,0.8736395,0.99872977,0.37285146
3,0,2,0.7870979,0.9928799,0.38272148
3,0,1,0.8274132,0.8688097,0.40142217
3,0,1,0.7161867,0.9095458,0.38055238
3,0,2,0.5825118,0.7505739,0.53628683
3,0,2,0.74089617,0.99667275,0.4351929
3,0,2,0.56631577,0.9956138,0.47344568
3,0,2,0.86242795,0.81225765,0.37388217
3,0,2,0.81007016,0.99715817,0.53961796
3,0,1,0.8293271,0.99877983,0.44161192
3,0,0,0.6352241,0.99645823,0.4547549
3,0,2,0.6274309,0.99680173,0.45162624
3,0,1,0.6657451,0.9973117,0.45843542
3,0,2,0.86686355,0.9978625,0.41066363
3,0,1,0.871633,0.7744707,0.37206736
3,0,2,0.84846467,0.9973621,0.5509239
3,0,2,0.8281431,0.9965855,0.54006886
3,0,1,0.640476,0.99725145,0.45751968
3,0,2,0.8789073,0.7944663,0.45119843
3,0,2,0.98613214,0.71924686,0.40378004
3,0,1,0.6390209,0.9939605,0.5324299
3,0,2,0.77461094,0.7863253,0.50308543
3,0,2,0.7997707,0.72575223,0.37607744
3,0,2,0.74972165,0.9980848,0.39146987
3,0,2,0.83175856,0.684512,0.49276456
3,0,1,0.620551,0.99521554,0.47584847
3,0,2,0.8686758,0.7568559,0.42277277
3,0,0,0.8800032,0.9969199,0.3734426
3,0,2,0.7277093,0.99833626,0.47595894
3,0,2,0.8776006,0.7993239,0.54395753
3,0,2,0.9073664,0.99587184,0.40525237
3,0,2,0.8676071,0.7503524,0.39616907
3,0,1,0.5961408,0.7389746,0.4959
3,0,0,0.97308457,0.99670804,0.38263395
3,0,2,0.5800316,0.6674358,0.45877132
3,0,2,0.84151715,0.9962561,0.5591021
3,0,1,0.80833787,0.7533287,0.37604302
3,0,2,0.8539038,0.7160179,0.48021197
3,0,2,0.63499916,0.6727157,0.4984495
3,0,2,0.82109267,0.6737461,0.41389984
3,0,2,0.5830137,0.9979917,0.5162494
3,0,0,0.84142715,0.7766128,0.34560233
3,0,0,0.80766904,0.77881277,0.5696255
3,0,0,0.9866388,0.9984262,0.3687551
3,0,0,0.9426166,0.71948797,0.4077764
3,0,1,0.88034135,0.998541,0.40285176
3,0,1,0.6655786,0.6980728,0.47838816
2,0,2,0.58872867,0.99828404,0.4915589
3,0,1,0.62581754,0.8737601,0.47735277
3,0,2,0.9831029,0.99777967,0.34824207
3,0,1,0.75497645,0.7962703,0.43822938
3,0,2,0.85592663,0.9970511,0.50421023
3,0,1,0.98980975,0.65421903,0.6972313
3,0,2,0.97469056,0.8159576,0.43389884
3,0,2,0.8389076,0.9966176,0.484476
3,0,2,0.9875485,0.70861685,0.41355634
3,0,2,0.89495695,0.99776447,0.40365916
3,0,1,0.7522713,0.99782985,0.38174182
3,0,2,0.8925649,0.9989095,0.50329137
3,0,2,0.634378,0.99644464,0.39903644
3,0,2,0.664577,0.89132464,0.36079344
3,0,2,0.8795851,0.99645776,0.49637103
3,0,2,0.9703194,0.9982223,0.41597173
3,0,1,0.82340664,0.89121723,0.41768447
3,0,2,0.8007856,0.77055013,0.46469462
3,0,2,0.85410887,0.9950482,0.3781896
3,0,2,0.80758405,0.72256064,0.38725597
3,0,1,0.7242377,0.82267994,0.39466998
3,0,2,0.9860839,0.7837624,0.4254557
3,0,2,0.8596468,0.66920614,0.3676989
3,0,2,0.8538412,0.99438983,0.45645407
3,0,0,0.9582083,0.7918799,0.41772333
3,0,0,0.97699773,0.8102633,0.3758831
3,0,2,0.8156652,0.70469284,0.3956627
3,0,0,0.98825675,0.7565909,0.3400455
3,0,1,0.86958414,0.99673766,0.411002
3,0,2,0.98128283,0.998252,0.35058263
3,0,2,0.82156175,0.99625057,0.405288
3,0,2,0.85015666,0.62162775,0.50127226
3,0,0,0.7325557,0.72253776,0.37812862
3,0,2,0.7808335,0.75207293,0.40468457
3,0,2,0.884755,0.804745,0.45741487
3,0,2,0.6295361,0.9953068,0.39004108
3,0,1,0.76235634,0.79967886,0.43635246
3,0,1,0.641536,0.9957877,0.48995593
3,0,2,0.9706169,0.99857795,0.4514479
3,0,2,0.8805209,0.7440944,0.57197535
3,0,1,0.7483007,0.99872464,0.4778683
3,0,2,0.60241824,0.9956161,0.506916
3,0,2,0.9515291,0.74476516,0.3595276
3,0,1,0.8481166,0.99755245,0.3934636
3,0,1,0.5800127,0.99505484,0.49530557
3,0,2,0.85743326,0.8193306,0.50386745
3,0,1,0.7740778,0.8176001,0.37280154
3,0,2,0.8069474,0.9973279,0.47873974
3,0,0,0.877791,0.8313863,0.36152095
3,0,1,0.67733026,0.85949194,0.4943949
3,0,2,0.81178385,0.7673323,0.51907974
3,0,2,0.80207443,0.99637705,0.5081293
3,0,2,0.958096,0.7267902,0.37698302
3,0,2,0.7826767,0.6897355,0.39254096
3,0,2,0.79234123,0.705554,0.41549662
3,0,1,0.79506516,0.7982659,0.35459444
3,0,1,0.74972165,0.78547114,0.38600922
3,0,2,0.8959792,0.9971956,0.43849838
3,0,2,0.880772,0.7157248,0.4920647
3,0,2,0.8818656,0.9978022,0.51505935
3,0,2,0.63681686,0.7233001,0.5140863
3,0,1,0.94802654,0.7795402,0.37966296
3,0,2,0.86791325,0.78543025,0.41577715
3,0,2,0.7240919,0.79562473,0.34980366
3,0,1,0.64132494,0.939328,0.49229127
3,0,2,0.85020196,0.99611276,0.424668
3,0,1,0.846464,0.80480343,0.39230216
3,0,2,0.62652844,0.78152996,0.48846957
3,0,2,0.8150025,0.99871564,0.35360894
3,0,2,0.7718973,0.76055676,0.34853968
3,0,2,0.8008186,0.9971323,0.4278502
3,0,1,0.76156807,0.99520737,0.48244762
3,0,2,0.8856984,0.743505,0.38892192
3,0,1,0.72866064,0.92004967,0.3727857
3,0,2,0.8354237,0.7417146,0.43738142
3,0,2,0.77930933,0.9959324,0.39723212
3,0,2,0.62879854,0.67633444,0.4856355
3,0,2,0.9613233,0.7534721,0.39517686
3,0,2,0.5950982,0.74349415,0.4391252
3,0,2,0.9756285,0.9985499,0.39047816
3,0,1,0.9858715,0.9969049,0.37041613
3,0,0,0.9850344,0.9982613,0.3535979
3,0,2,0.8041029,0.99244654,0.5468106
3,0,0,0.67197156,0.7697454,0.45841402
3,0,0,0.7178736,0.7066511,0.4754252
3,0,2,0.8542863,0.99760497,0.41311988
3,0,2,0.81759024,0.78064686,0.35428503
3,0,2,0.97670984,0.9975188,0.38542348
3,0,0,0.97671604,0.9955876,0.40748048
3,0,2,0.8159107,0.99661654,0.49789578
3,0,1,0.57991624,0.727467,0.46008468
3,0,2,0.8501662,0.83242595,0.39303946
3,0,2,0.8882173,0.6854148,0.47355637
3,0,1,0.77612716,0.8375883,0.5437492
3,0,1,0.62343717,0.75414944,0.46491227
3,0,2,0.8841111,0.9968149,0.49935067
3,0,0,0.9875737,0.6351796,0.3622977
3,0,2,0.88299054,0.9988286,0.5848443
3,0,2,0.7739276,0.68888813,0.38239777
3,0,1,0.8127568,0.99875665,0.35988307
3,0,2,0.63161826,0.9968336,0.39236343
3,0,1,0.79111165,0.90339094,0.47814634
3,0,2,0.83343756,0.9950395,0.39959514
3,0,2,0.8470406,0.77777183,0.40392485
3,0,2,0.7856444,0.9948537,0.56406885
3,0,1,0.77447736,0.95887375,0.51551884
2,0,2,0.5720905,0.62426037,0.53293
3,0,2,0.8632154,0.7824606,0.4032997
3,0,2,0.57513523,0.9964302,0.45882502
3,0,1,0.56956416,0.6449539,0.45700124
3,0,2,0.8278151,0.7251592,0.46310005
3,0,2,0.98540944,0.9976586,0.34956217
3,0,2,0.8522785,0.70084596,0.4276961
3,0,1,0.61841446,0.9921218,0.5072821
3,0,2,0.9863219,0.75654,0.39174908
3,0,2,0.873383,0.83941114,0.36883184
3,0,2,0.80212647,0.99794406,0.38748634
3,0,2,0.8537167,0.9982798,0.4972564
3,0,0,0.83469975,0.9975879,0.35425833
3,0,2,0.9663952,0.7927872,0.42318183
3,0,1,0.98645973,0.75596815,0.39766127
2,0,1,0.4872339,0.8260903,0.54774344
3,0,2,0.8856984,0.9984931,0.47990346
3,0,0,0.8560972,0.99670947,0.3723945
3,0,0,0.6808136,0.7598394,0.44080347
3,0,1,0.7510205,0.8992881,0.36076403
3,0,2,0.94498646,0.7226184,0.4551716
3,0,2,0.8877845,0.7543324,0.43113503
3,0,1,0.75706565,0.6807994,0.38167542
3,0,2,0.8362295,0.9965406,0.3787385
3,0,1,0.58873504,0.7408847,0.45762777
3,0,1,0.63672715,0.76261455,0.46044433
3,0,0,0.8471992,0.9969573,0.36791992
3,0,2,0.88179904,0.99766004,0.35451597
3,0,2,0.69010985,0.99844617,0.536703
3,0,2,0.79449266,0.9948003,0.46032196
3,0,0,0.977188,0.7224335,0.38398343
3,0,0,0.8658991,0.99841356,0.38388997
3,0,1,0.8108629,0.9976793,0.3870742
3,0,1,0.63738143,0.99795496,0.4095946
3,0,2,0.88187146,0.99766314,0.41716677
3,0,1,0.5649103,0.81550896,0.5216824
2,0,2,0.51159054,0.7601274,0.47150093
3,0,2,0.97579485,0.9979188,0.422009
3,0,1,0.75775117,0.996345,0.4193852
3,0,2,0.86295366,0.7960575,0.48176932
3,0,2,0.6826198,0.7913202,0.37382
3,0,2,0.8739668,0.9985399,0.44519678
3,0,2,0.6966952,0.6421623,0.6099026
3,0,2,0.6446223,0.99671704,0.46671966
3,0,1,0.9781894,0.9983297,0.35810614
3,0,1,0.610759,0.9984302,0.46516165
3,0,0,0.87642956,0.7724703,0.39314252
3,0,0,0.87445796,0.9964851,0.37177956
3,0,0,0.872757,0.6874697,0.4172733
3,0,2,0.85749495,0.6066566,0.5046752
3,0,2,0.8707474,0.99853075,0.39499345
3,0,1,0.7791573,0.9983701,0.5140773
3,0,1,0.8463959,0.8806381,0.4536377
3,0,2,0.8222831,0.9979062,0.3990101
3,0,2,0.8040296,0.9964546,0.4152352
3,0,2,0.98476046,0.7557365,0.36900055
3,0,2,0.8784735,0.9975604,0.38832042
3,0,2,0.88736546,0.71486485,0.38784504
3,0,1,0.8585804,0.9976561,0.35525405
3,0,2,0.7350123,0.74153507,0.43651325
3,0,2,0.98531544,0.8315998,0.38593027
3,0,2,0.89569575,0.69261783,0.5680769
3,0,2,0.61420524,0.7104864,0.47263655
3,0,2,0.9857789,0.79770565,0.40362152
3,0,1,0.6416896,0.7464546,0.42200524
3,0,2,0.62739253,0.9968078,0.5246094
3,0,0,0.7958156,0.9964612,0.46007013
3,0,0,0.95246124,0.7644324,0.46875057
3,0,0,0.9866855,0.9983754,0.38651162
3,0,2,0.8736439,0.9989625,0.44117662
3,0,0,0.7123154,0.9982399,0.36375895
3,0,1,0.63788104,0.9976719,0.56828296
3,0,2,0.7928161,0.8058241,0.4385982
3,0,1,0.74630445,0.82774025,0.41881168
3,0,0,0.86917204,0.722872,0.5246468
3,0,2,0.966933,0.64606124,0.4127444
3,0,1,0.762266,0.9985145,0.33636406
3,0,2,0.83630145,0.6617355,0.5438109
3,0,2,0.8306417,0.99263555,0.40529928
3,0,1,0.5985736,0.9976113,0.3971257
3,0,0,0.95005083,0.99793965,0.43303892
2,0,1,0.5551165,0.99831176,0.49387446
3,0,2,0.7712934,0.75733227,0.4061085
3,0,2,0.84023297,0.9985567,0.38743576
3,0,2,0.88210773,0.68992835,0.50055724
3,0,2,0.9566426,0.997569,0.39013728
3,0,2,0.6124009,0.9968766,0.5140988
3,0,0,0.9333958,0.9973302,0.3828699
3,0,0,0.81872475,0.99799573,0.4123524
3,0,2,0.73549855,0.70437956,0.4729155
3,0,1,0.8181365,0.8763945,0.52513087
3,0,2,0.6276365,0.9965257,0.39420092
3,0,0,0.7544629,0.9987357,0.3752306
3,0,2,0.8324486,0.9983156,0.4747166
3,0,1,0.61845416,0.9984426,0.52945733
3,0,2,0.8311587,0.9978194,0.3840484
3,0,2,0.6370456,0.8476559,0.3620246
3,0,2,0.88502663,0.78308,0.4144382
3,0,0,0.9392009,0.7501514,0.42880812
3,0,2,0.98717356,0.74702185,0.37646216
3,0,2,0.8673286,0.77120036,0.50153995
3,0,2,0.8515418,0.72741884,0.4314054
3,0,2,0.8375553,0.8090762,0.410201
3,0,1,0.98981327,0.9988463,0.40166476
3,0,2,0.86810887,0.6820321,0.3995724
3,0,2,0.8312284,0.7456291,0.4598648
3,0,1,0.6273326,0.9962286,0.43092078
3,0,2,0.7736896,0.9982951,0.4612295
3,0,2,0.8460864,0.855362,0.41299048
3,0,2,0.48436362,0.9980835,0.4123318
3,0,2,0.8433084,0.7293897,0.48499385
3,0,2,0.80296814,0.9982047,0.4505694
3,0,2,0.9876217,0.7518276,0.35171226
3,0,2,0.9692282,0.9958379,0.41135347
2,0,2,0.55544466,0.99363613,0.62657076
3,0,1,0.7259796,0.9964721,0.3794463
3,0,2,0.83119434,0.8194582,0.4310431
3,0,2,0.7819198,0.9979657,0.4974431
3,0,2,0.55748117,0.9966311,0.4722604
3,0,0,0.88935727,0.998123,0.39272225
3,0,0,0.9856844,0.7994663,0.47107524
3,0,1,0.6761369,0.87487185,0.49490464
3,0,1,0.7298056,0.89750946,0.41936934
3,0,2,0.658508,0.9979552,0.47011057
3,0,2,0.9585643,0.7572952,0.46403626
3,0,1,0.7511987,0.9940574,0.43529287
3,0,1,0.772438,0.86060756,0.39412048
3,0,2,0.8661967,0.8279754,0.4476283
3,0,1,0.874031,0.9955996,0.3555057
3,0,2,0.7909261,0.9959948,0.47880992
3,0,2,0.8906121,0.9984114,0.5455727
3,0,2,0.97014654,0.9951716,0.4278121
3,0,2,0.8837494,0.9978911,0.4196367
3,0,2,0.62844396,0.69215304,0.49324268
3,0,0,0.8727602,0.9972224,0.38629344
3,0,1,0.66464275,0.9974402,0.50871843
3,0,2,0.6319264,0.9953407,0.42806822
3,0,2,0.984617,0.752369,0.35791624
3,0,0,0.97014654,0.9960898,0.36188206
3,0,2,0.986715,0.6866075,0.45275298
3,0,2,0.8533327,0.7321925,0.44383466
3,0,2,0.8818817,0.8914846,0.4705499
3,0,2,0.755236,0.77363753,0.418096
3,0,2,0.877342,0.81524986,0.3940499
3,0,2,0.8702054,0.75493944,0.41255987
3,0,1,0.9575762,0.9984951,0.3747517
3,0,0,0.897186,0.9984269,0.39058834
3,0,2,0.9744066,0.99738115,0.41485643
3,0,2,0.9857789,0.76218945,0.42054886
3,0,2,0.8703171,0.99743587,0.4317185
3,0,2,0.866014,0.9982084,0.4408389
3,0,2,0.8855502,0.99781597,0.39295048
3,0,2,0.882144,0.9363114,0.435747
3,0,2,0.88425875,0.77785856,0.43587682
3,0,1,0.85384625,0.89537364,0.5321686
3,0,1,0.82723254,0.8790397,0.43360952
3,0,0,0.9704235,0.7484157,0.38851228
3,0,2,0.8915221,0.73144424,0.5221413
3,0,2,0.7939296,0.99766964,0.38699025
3,0,0,0.8019657,0.7462891,0.3888053
3,0,1,0.61991906,0.99501956,0.4620042
3,0,0,0.5288125,0.75588673,0.5069997
3,0,1,0.8469975,0.9984255,0.37099788
3,0,2,0.85309535,0.9965379,0.35725573
3,0,1,0.8104815,0.99847466,0.36281756
3,0,2,0.8682424,0.9961217,0.37935036
3,0,2,0.8566418,0.99669194,0.46826333
3,0,1,0.61893165,0.7793852,0.5567337
3,0,0,0.8741434,0.6647715,0.44335788
3,0,1,0.68292046,0.72944266,0.47395313
3,0,0,0.966203,0.9960756,0.40310296
3,0,2,0.8243533,0.8117488,0.37735686
3,0,2,0.89069724,0.9984023,0.51537895
3,0,2,0.6138777,0.70279235,0.5054434
3,0,0,0.76555985,0.99826247,0.36028615
3,0,2,0.77194893,0.99758875,0.40385982
3,0,2,0.9534411,0.6661891,0.45896128
3,0,0,0.8186692,0.75844425,0.40136743
3,0,2,0.75990266,0.9980404,0.4141321
3,0,2,0.8574361,0.99745077,0.51631373
3,0,2,0.85410106,0.99841857,0.52254397
3,0,2,0.8335663,0.9980398,0.42902473
3,0,1,0.6236765,0.9958079,0.48711708
3,0,0,0.977949,0.99780244,0.3851729
3,0,2,0.82147783,0.99873847,0.50804573
3,0,1,0.6780503,0.99623007,0.58845484
3,0,2,0.6472733,0.9976775,0.36551598
3,0,2,0.97174114,0.99814713,0.40967745
3,0,2,0.57498336,0.9942517,0.47444302
3,0,2,0.86803275,0.79111654,0.37149265
3,0,1,0.6416125,0.8094919,0.53948003
3,0,0,0.8713766,0.94982713,0.44604588
3,0,0,0.8698977,0.8112892,0.3689812
3,0,0,0.755415,0.996745,0.42524675
3,0,0,0.96620786,0.9990012,0.44311568
3,0,2,0.84847224,0.75107396,0.40149057
3,0,0,0.9700716,0.78289086,0.39935878
3,0,2,0.81544995,0.7021881,0.45167702
3,0,1,0.52920455,0.9928894,0.39357105
3,0,0,0.94194216,0.99832577,0.42015028
3,0,2,0.9853479,0.7935038,0.3929629
3,0,1,0.841812,0.9964187,0.4176507
3,0,2,0.8235484,0.99873644,0.55909544
3,0,2,0.8323168,0.7696166,0.40460357
3,0,2,0.8814211,0.9994074,0.5537029
3,0,0,0.88047945,0.9972535,0.41536522
3,0,2,0.8398466,0.6953549,0.34956607
3,0,1,0.86566573,0.7921601,0.37249935
3,0,2,0.87219435,0.77743447,0.39559934
3,0,1,0.7865277,0.9983864,0.40542412
3,0,2,0.8704598,0.735359,0.49382725
3,0,1,0.9843305,0.9979235,0.40300745
3,0,0,0.84434557,0.7064458,0.38259438
3,0,2,0.966203,0.99800116,0.35735333
3,0,0,0.86662376,0.6983501,0.4231758
3,0,1,0.6320335,0.770197,0.47562966
3,0,0,0.8202101,0.9966084,0.36633298
3,0,0,0.9858293,0.7280313,0.39038202
3,0,2,0.57489884,0.99435425,0.44010678
3,0,2,0.9846467,0.7703542,0.34745887
3,0,1,0.7679423,0.8601734,0.39464846
3,0,0,0.98690236,0.8064398,0.37227112
2,0,1,0.4874844,0.7657234,0.4332481
3,0,2,0.8723954,0.9976131,0.42490527
3,0,1,0.885959,0.71143574,0.39718965
3,0,1,0.60433775,0.7160602,0.44170687
3,0,1,0.7324186,0.99902797,0.36709216
3,0,2,0.88405174,0.7757035,0.4177349
3,0,2,0.8643038,0.99653864,0.46626204
3,0,0,0.8260439,0.9958234,0.48765215
3,0,2,0.87926877,0.754704,0.42615408
3,0,2,0.97522503,0.75812125,0.38889694
3,0,2,0.8274569,0.69690716,0.57231027
3,0,2,0.9733653,0.76467824,0.41386318
3,0,2,0.8323363,0.99620026,0.4355308
3,0,1,0.8329021,0.83854914,0.40802914
3,0,2,0.8523307,0.9987472,0.36898232
3,0,2,0.8517364,0.9986829,0.36912277
3,0,0,0.86597776,0.73336685,0.39523342
3,0,2,0.9853479,0.99700505,0.3984678
3,0,2,0.85974735,0.99826694,0.491357
3,0,2,0.7284909,0.7152301,0.41703123
3,0,2,0.8352095,0.6689497,0.3804385
3,0,2,0.61614454,0.994451,0.45072
3,0,2,0.83379656,0.9955108,0.41528064
3,0,2,0.63186383,0.7141655,0.5084563
3,0,0,0.9854673,0.9976101,0.3732556
3,0,0,0.680355,0.99810153,0.3589815
3,0,2,0.8997231,0.8389989,0.41766495
3,0,1,0.86253566,0.9961359,0.4290254
3,0,2,0.81942964,0.99763405,0.5760227
3,0,2,0.6988349,0.9973907,0.52373624
3,0,2,0.9002382,0.81630623,0.43707162
3,0,0,0.86237454,0.9980501,0.4526488
3,0,2,0.8687062,0.5389276,0.45346117
3,0,2,0.79678863,0.9395212,0.49775597
3,0,2,0.7324286,0.6759658,0.36994326
3,0,2,0.7338565,0.7742225,0.33728617
3,0,2,0.87006193,0.9985684,0.3905135
3,0,0,0.7592764,0.8053228,0.38289028
3,0,2,0.8524494,0.998063,0.36781257
2,0,2,0.54772323,0.70057875,0.5211429
3,0,0,0.83285815,0.99768555,0.36844632
3,0,2,0.9835566,0.73216337,0.36202535
3,0,0,0.8061752,0.78604317,0.4133472
3,0,1,0.9875739,0.7936805,0.3622476
3,0,0,0.7227975,0.6679028,0.44802794
3,0,2,0.880772,0.9986092,0.46442705
3,0,1,0.60408556,0.7871561,0.55414474
3,0,2,0.75499254,0.83753943,0.4274076
3,0,0,0.948119,0.75307846,0.5156463
3,0,2,0.82689404,0.99722654,0.56721175
3,0,2,0.8279278,0.7040698,0.36450717
3,0,2,0.8748861,0.99729997,0.43643782
3,0,2,0.9517044,0.9981754,0.4309634
3,0,2,0.6246734,0.99288344,0.38938034
3,0,0,0.97973573,0.9961009,0.391456
3,0,1,0.78076714,0.80014133,0.36017194
3,0,1,0.6188112,0.71957713,0.50237876
3,0,2,0.6553476,0.724844,0.43933648
3,0,2,0.72319376,0.7399212,0.36700127
3,0,2,0.7967659,0.7650539,0.5100178
3,0,1,0.6060394,0.8027363,0.4544145
3,0,0,0.86945933,0.75161123,0.44657215
3,0,1,0.567455,0.6990523,0.5326683
3,0,0,0.79373574,0.9978903,0.45161253
3,0,2,0.7382991,0.7668875,0.38486144
3,0,2,0.8737553,0.784916,0.37780154
3,0,2,0.97460383,0.99865985,0.44525954
3,0,2,0.790315,0.99796873,0.4154489
3,0,0,0.9059126,0.76052433,0.3743515
3,0,1,0.76117283,0.9989034,0.41115662
3,0,2,0.68570375,0.73215955,0.44088298
3,0,2,0.8876741,0.85837173,0.47754657
3,0,2,0.8572986,0.7767927,0.41904208
3,0,1,0.5413516,0.7968696,0.41278023
3,0,2,0.880772,0.72408533,0.46129748
3,0,1,0.59486663,0.7642122,0.544773
3,0,0,0.85365796,0.9980829,0.3780135
3,0,2,0.89746314,0.776116,0.5679616
3,0,2,0.7811284,0.9975975,0.40368974
3,0,1,0.5706216,0.997558,0.46362218
3,0,2,0.7626889,0.68773514,0.49019128
3,0,1,0.71845526,0.99866235,0.42564982
3,0,0,0.8186151,0.7315366,0.38305473
3,0,2,0.8139444,0.99720913,0.37875777
3,0,1,0.8086788,0.99801517,0.41149893
3,0,0,0.954162,0.7273247,0.36959
3,0,0,0.8876535,0.8781046,0.36698264
3,0,2,0.86786824,0.8092915,0.36307418
3,0,2,0.9111717,0.76508045,0.41454887
3,0,2,0.8697348,0.99768376,0.4096163
3,0,0,0.9856425,0.8132637,0.35580412
3,0,2,0.66294193,0.9966736,0.40028542
3,0,2,0.6938245,0.7248314,0.49309042
3,0,2,0.98545015,0.99643815,0.35330814
3,0,0,0.84033346,0.99703276,0.46476415
3,0,1,0.81434536,0.8603112,0.448239
3,0,2,0.86730146,0.63883436,0.5152059
3,0,2,0.8814597,0.79327834,0.39990693
3,0,2,0.8703872,0.99786806,0.42030075
3,0,2,0.8008312,0.9972434,0.4184718
3,0,2,0.8271292,0.7215399,0.46318984
3,0,2,0.8160952,0.7317254,0.40321806
3,0,2,0.86155415,0.9938737,0.51888734
3,0,2,0.8744769,0.99469227,0.45894462
3,0,2,0.63132,0.9977704,0.47640106
3,0,2,0.8657867,0.7351017,0.37022105
3,0,2,0.8929475,0.6607547,0.392185
3,0,0,0.9415209,0.9961318,0.37049392
3,0,2,0.74440145,0.9941315,0.4510759
3,0,0,0.9844223,0.9979144,0.38771492
3,0,1,0.7513813,0.99715245,0.46356088
3,0,2,0.9689829,0.74718827,0.41891685
3,0,2,0.8435667,0.7888542,0.3667172
3,0,1,0.7341616,0.9987167,0.40204185
3,0,2,0.80660915,0.99748355,0.43675798
3,0,2,0.7533681,0.99756503,0.34435526
3,0,2,0.8353895,0.71382076,0.5188644
3,0,2,0.84652984,0.67175156,0.47502747
3,0,2,0.6907008,0.99712616,0.49932143
3,0,2,0.8242451,0.9953223,0.44544524
3,0,1,0.7547399,0.9983891,0.3729718
3,0,2,0.8468345,0.78018564,0.45308825
3,0,2,0.8766934,0.9979036,0.37905535
3,0,1,0.65187705,0.72649723,0.46675724
3,0,0,0.8529345,0.9959835,0.4167088
3,0,2,0.87241167,0.99855655,0.581427
3,0,0,0.8595424,0.67060244,0.41597307
3,0,2,0.82496953,0.7331038,0.46565366
3,0,2,0.839777,0.85834426,0.43411934
3,0,1,0.80652314,0.8474914,0.40154457
3,0,1,0.5962147,0.7647046,0.5098998
3,0,2,0.87370956,0.9961843,0.49021327
3,0,2,0.8819599,0.74784553,0.44134402
3,0,2,0.81043607,0.99672556,0.52020514
3,0,0,0.79059124,0.70092446,0.50656074
3,0,2,0.8811054,0.9974251,0.5048711
3,0,0,0.8313318,0.76523614,0.43945476
3,0,2,0.8445306,0.70362604,0.44253254
3,0,0,0.954162,0.9988576,0.4048249
3,0,2,0.7280664,0.7674829,0.42912963
3,0,2,0.6443312,0.67460865,0.55678695
3,0,2,0.8322111,0.9982322,0.49519843
3,0,2,0.79234123,0.7052897,0.43155557
3,0,1,0.85280746,0.9982343,0.4102878
3,0,0,0.9813742,0.74801075,0.39038026
3,0,0,0.929486,0.7174125,0.43464035
2,0,2,0.5285979,0.99786526,0.46237582
3,0,1,0.98531544,0.7727855,0.3778224
3,0,2,0.98342323,0.7630453,0.41739455
3,0,1,0.8051627,0.9989623,0.37155843
3,0,2,0.88564855,0.891456,0.45910195
3,0,0,0.9457024,0.74751544,0.36655235
3,0,2,0.98217416,0.7488474,0.3743106
3,0,2,0.9858769,0.7625997,0.4204597
3,0,2,0.9861952,0.997306,0.40648943
3,0,1,0.76069474,0.87637144,0.50149214
3,0,2,0.87952197,0.99792445,0.3574321
3,0,2,0.98754245,0.9980356,0.40630433
3,0,2,0.9875316,0.9989054,0.41913465
3,0,0,0.9850758,0.99571204,0.37074968
3,0,2,0.953397,0.9985405,0.48442492
3,0,0,0.9875438,0.78786427,0.3951046
3,0,1,0.77264327,0.8695873,0.36773905
3,0,2,0.7632296,0.99822253,0.36295542
3,0,2,0.98433256,0.9972083,0.3713984
3,0,2,0.97083694,0.7336284,0.516541
3,0,1,0.8430319,0.9158241,0.43409076
3,0,2,0.73198646,0.62385607,0.42982885
3,0,2,0.8483614,0.7898347,0.41513368
3,0,2,0.60929,0.9967182,0.4596373
3,0,0,0.6338831,0.81706834,0.38626862
3,0,0,0.8108629,0.99862707,0.37409815
3,0,1,0.9893662,0.6649651,0.4017436
3,0,0,0.74936265,0.811262,0.35973346
3,0,2,0.5951365,0.99781895,0.46012565
3,0,2,0.85527045,0.9953023,0.45062506
3,0,2,0.8703346,0.8890316,0.44817686
3,0,2,0.8380046,0.68393564,0.48639143
3,0,2,0.85558856,0.7319414,0.39302573
3,0,1,0.82748693,0.70114493,0.3757233
3,0,0,0.9808177,0.99786913,0.37862486
3,0,2,0.77108055,0.7871496,0.45904005
3,0,2,0.8710382,0.71070176,0.38847825
3,0,2,0.65967447,0.76242787,0.49885887
3,0,0,0.95675653,0.9959514,0.3536391
3,0,1,0.9851291,0.73719484,0.34719265
3,0,0,0.8321791,0.99830127,0.3665779
3,0,1,0.75986564,0.84905756,0.4940191
3,0,2,0.7545541,0.9062494,0.41270536
3,0,1,0.82541496,0.99609095,0.42709783
3,0,2,0.6739138,0.99782276,0.5195837
3,0,2,0.87011623,0.6202093,0.49800196
3,0,2,0.7619542,0.62646145,0.4204877
3,0,2,0.905027,0.79974216,0.34389448
3,0,2,0.5499998,0.70282876,0.50364214
3,0,2,0.80729556,0.77620286,0.37343276
3,0,2,0.8475047,0.77809393,0.43358055
3,0,1,0.82399106,0.9986376,0.3820115
3,0,2,0.8157598,0.9978098,0.3358328
2,0,2,0.49853736,0.58617854,0.46137908
3,0,2,0.88759285,0.9989831,0.52287954
3,0,1,0.9861661,0.99893886,0.34494475
3,0,1,0.7879928,0.79786503,0.40527558
3,0,2,0.5990548,0.67577136,0.46217743
3,0,1,0.98821634,0.9972868,0.3571413
3,0,2,0.7539551,0.8256683,0.38454893
3,0,2,0.8357822,0.99836355,0.5044313
3,0,2,0.9857789,0.9984073,0.37667575
3,0,0,0.81479824,0.99769443,0.35939723
3,0,0,0.84016144,0.7616893,0.35730872
3,0,2,0.83675337,0.9976407,0.36577645
3,0,1,0.5888866,0.7750372,0.49229723
3,0,1,0.8742071,0.9965815,0.34969926
3,0,0,0.9812587,0.9960114,0.35364792
3,0,2,0.75065494,0.7679417,0.45454234
3,0,1,0.7483007,0.99860805,0.41648245
3,0,1,0.6480076,0.71014416,0.46720293
3,0,2,0.63792825,0.99817,0.42501613
3,0,2,0.96987456,0.9974125,0.38927108
3,0,2,0.75901127,0.99709296,0.55055106
3,0,1,0.85687023,0.88754916,0.45672572
3,0,2,0.8183261,0.9970982,0.49015644
3,0,2,0.8450326,0.9922464,0.5223692
3,0,2,0.88336414,0.7818515,0.43216777
3,0,2,0.8474986,0.7889835,0.43768492
3,0,2,0.6460056,0.7378845,0.4179284
3,0,2,0.8482173,0.9976069,0.45796776
3,0,2,0.9869932,0.99568427,0.44175312
3,0,2,0.9608575,0.7295824,0.41012532
3,0,2,0.80533254,0.7414037,0.5302487
3,0,0,0.74469846,0.93922275,0.4560364
3,0,0,0.87441415,0.99880815,0.40134346
3,0,1,0.7544629,0.9971118,0.4033012
3,0,1,0.82436085,0.99906343,0.39619258
3,0,1,0.82755965,0.9479345,0.4616524
3,0,2,0.8785151,0.82511085,0.43163544
3,0,2,0.5937838,0.72217447,0.4313065
3,0,2,0.7555287,0.9983638,0.35780773
3,0,2,0.6528136,0.99867934,0.39811364
2,0,1,0.4853514,0.8283851,0.42042398
3,0,1,0.7281726,0.7798764,0.4101384
3,0,2,0.8649449,0.76767087,0.4144226
3,0,1,0.8276778,0.8833988,0.42729762
3,0,2,0.8260901,0.99854434,0.38094133
3,0,1,0.80999875,0.99777895,0.41417298
3,0,2,0.97944516,0.99729866,0.36688814
3,0,1,0.8467761,0.75103074,0.43683395
3,0,0,0.9870934,0.9969807,0.41232133
3,0,1,0.7606047,0.99732447,0.4534818
3,0,1,0.87825096,0.85143995,0.36772412
3,0,2,0.880772,0.69824606,0.49186817
3,0,1,0.7419503,0.99629563,0.49979123
3,0,2,0.83350503,0.81089187,0.41806117
3,0,2,0.968935,0.709029,0.44900617
3,0,0,0.9590011,0.9982186,0.49515295
3,0,0,0.83745027,0.7912692,0.46102712
3,0,2,0.8248272,0.740906,0.4400321
3,0,1,0.78879094,0.9945967,0.41884366
3,0,1,0.73091024,0.9983658,0.4311595
3,0,1,0.9757294,0.9978436,0.33687288
3,0,2,0.9861481,0.9981213,0.46784762
3,0,0,0.8747579,0.7454816,0.4312757
3,0,2,0.54787725,0.9961655,0.44967732
3,0,1,0.9043902,0.7550632,0.39695185
3,0,0,0.833069,0.73200494,0.43975425
3,0,2,0.7624901,0.7746607,0.39198604
3,0,2,0.89561665,0.7502816,0.39508814
3,0,2,0.7893844,0.9959357,0.39831522
2,0,2,0.5241833,0.9971513,0.51426786
3,0,0,0.96733016,0.99573165,0.56750494
3,0,2,0.8610012,0.9980677,0.387996
3,0,2,0.8726671,0.9978259,0.416567
3,0,0,0.95635426,0.74529976,0.41854802
3,0,1,0.6114607,0.9986235,0.5966046
3,0,2,0.86036336,0.84818995,0.3727141
3,0,2,0.6456617,0.99752194,0.47452435
3,0,0,0.9585351,0.99860567,0.3699856
3,0,1,0.7644929,0.89723635,0.4192611
3,0,2,0.8903093,0.99889565,0.50699717
3,0,1,0.877625,0.996976,0.39151368
3,0,0,0.9858715,0.7583258,0.3649778
3,0,2,0.8657021,0.78392166,0.4061998
3,0,0,0.8027301,0.9985446,0.39477828
3,0,0,0.96492076,0.64337444,0.41847786
3,0,2,0.95296633,0.99872714,0.3595775
3,0,2,0.8729198,0.65529245,0.4342612
3,0,2,0.8518685,0.99834216,0.4383618
3,0,2,0.88719887,0.99861026,0.43994886
3,0,2,0.8579982,0.67879814,0.47269127
3,0,2,0.8637638,0.73124605,0.51631373
3,0,2,0.9821087,0.71419203,0.39379025
3,0,2,0.8951261,0.9974759,0.51178867
3,0,2,0.9795491,0.99811614,0.36793444
3,0,2,0.7869896,0.62785596,0.39012843
3,0,0,0.95813596,0.66235536,0.36426422
3,0,2,0.8779636,0.7651754,0.42893666
3,0,2,0.8408872,0.666335,0.5587287
3,0,2,0.8190064,0.99805295,0.46042362
3,0,1,0.6192644,0.7991478,0.49952444
3,0,0,0.9327979,0.7932498,0.44815785
3,0,2,0.8234635,0.99820685,0.38533986
3,0,1,0.77544487,0.8972872,0.46854696
3,0,2,0.86844337,0.9964768,0.46110263
3,0,1,0.64605814,0.74184704,0.43510655
3,0,2,0.7535698,0.9974252,0.84977144
3,0,0,0.8714351,0.7523747,0.42511404
3,0,2,0.86900085,0.7242212,0.49041834
3,0,0,0.83519053,0.9981925,0.40646625
3,0,0,0.7476905,0.8245373,0.35695174
3,0,2,0.8831822,0.7945516,0.5353342
3,0,1,0.84385735,0.7718153,0.40068507
3,0,2,0.87435853,0.79556066,0.53301257
3,0,0,0.799841,0.8112548,0.35390925
3,0,2,0.815716,0.8126714,0.5194538
3,0,2,0.8858098,0.99825186,0.46368486
3,0,0,0.9825334,0.9976459,0.44461665
3,0,2,0.8706462,0.7385957,0.5783812
3,0,2,0.8812196,0.813175,0.41933072
3,0,2,0.83257216,0.7129617,0.41073295
3,0,2,0.75238496,0.7261883,0.43569458
3,0,0,0.9503937,0.99865353,0.42069784
3,0,1,0.9771393,0.7392146,0.35902804
3,0,1,0.6353972,0.8064926,0.50853294
3,0,2,0.8718042,0.7328567,0.5290524
3,0,1,0.97014654,0.9986676,0.36491883
3,0,1,0.6256015,0.99627626,0.4792822
3,0,0,0.6443839,0.6293564,0.47570518
3,0,1,0.67606705,0.9964252,0.5685454
3,0,1,0.5607156,0.9972128,0.46653664
3,0,2,0.95922613,0.9978258,0.42069995
3,0,2,0.86055475,0.7237595,0.45519707
3,0,2,0.83252543,0.8494299,0.41951355
3,0,2,0.7651876,0.71581787,0.45455933
3,0,2,0.8141464,0.8432226,0.4117539
3,0,2,0.6175267,0.67219645,0.45748347
3,0,1,0.7848575,0.99793494,0.40211177
3,0,2,0.86753356,0.9986903,0.5307182
3,0,2,0.8620308,0.99733526,0.42108467
3,0,2,0.82230484,0.9972512,0.48748007
3,0,0,0.6306068,0.68345666,0.38521746
3,0,2,0.86440384,0.99826545,0.47848135
3,0,0,0.9562606,0.9957814,0.42801592
3,0,2,0.87790823,0.8500927,0.39188394
3,0,1,0.5785015,0.99790996,0.4926087
3,0,1,0.8605916,0.766461,0.38663122
3,0,2,0.6393409,0.9979704,0.4207224
3,0,2,0.6058979,0.99714124,0.44400772
3,0,2,0.79358596,0.9973137,0.42241743
3,0,2,0.78206605,0.7250109,0.48408526
3,0,0,0.83253723,0.993334,0.41274622
3,0,1,0.5933983,0.8462208,0.3943916
2,0,2,0.4967531,0.99684083,0.48388946
3,0,2,0.8515753,0.71035784,0.4117006
3,0,2,0.53628004,0.9927893,0.4749506
2,0,1,0.5437625,0.7428439,0.5115561
3,0,1,0.8578764,0.84606016,0.39766812
3,0,1,0.75456107,0.76705676,0.40096962
3,0,2,0.83029276,0.998616,0.4476808
3,0,2,0.6257421,0.6782053,0.43721607
3,0,2,0.98342013,0.7709637,0.38076988
3,0,2,0.65477115,0.77311265,0.40016338
3,0,2,0.6433346,0.9974654,0.4494367
3,0,1,0.7713356,0.69405675,0.34915826
3,0,2,0.8312238,0.8066096,0.4268998
3,0,0,0.86827976,0.8124973,0.3836494
2,0,1,0.49826592,0.758716,0.5424054
3,0,0,0.93988234,0.99805754,0.37003323
3,0,2,0.967476,0.7617425,0.36774188
3,0,2,0.8323593,0.73234856,0.52118427
3,0,0,0.8639567,0.99423176,0.39135557
2,0,2,0.55672604,0.996523,0.56546074
3,0,1,0.5736101,0.99844307,0.56560814
3,0,2,0.7871785,0.99671835,0.4280266
3,0,2,0.8365822,0.78786284,0.53770167
3,0,1,0.81073886,0.99855894,0.4309561
3,0,2,0.8858098,0.99904746,0.45746604
3,0,1,0.76480216,0.998607,0.4153332
3,0,2,0.9673621,0.9968058,0.34796393
3,0,2,0.8223693,0.73160696,0.45315936
3,0,2,0.6894772,0.74895906,0.45090297
3,0,2,0.74578524,0.86419624,0.4323599
3,0,1,0.7592984,0.99870527,0.4047688
3,0,2,0.86270297,0.99813205,0.4696192
3,0,0,0.77929956,0.7862578,0.3747333
3,0,1,0.8971542,0.8819885,0.40399295
3,0,1,0.8360139,0.8784017,0.46446455
3,0,2,0.8633114,0.99708325,0.43111828
3,0,2,0.82696223,0.6093047,0.4366156
3,0,0,0.97047305,0.7568812,0.40824902
3,0,1,0.75542295,0.7457158,0.34176844
3,0,2,0.9765415,0.9978629,0.37627658
3,0,2,0.8896103,0.9989489,0.5677777
3,0,1,0.9445261,0.99841464,0.3617196
3,0,0,0.9807262,0.99567336,0.35357285
3,0,1,0.84663606,0.88316476,0.5288556
3,0,1,0.84987587,0.99837,0.39129928
3,0,2,0.859406,0.73367244,0.5049347
3,0,2,0.8814736,0.9971035,0.47887072
2,0,2,0.5310806,0.54770744,0.588653
3,0,1,0.7498217,0.99723214,0.41182956
3,0,1,0.9868988,0.79301196,0.3544193
3,0,1,0.46311164,0.8339368,0.65884066
3,0,2,0.8569359,0.6319077,0.5221798
3,0,2,0.78980327,0.8269131,0.3765588
3,0,2,0.6219694,0.7143165,0.50157607
3,0,2,0.8195978,0.99773324,0.41807872
3,0,0,0.98383373,0.9974661,0.49321294
3,0,2,0.87036747,0.53456306,0.48307255
3,0,1,0.75993556,0.9139062,0.38602585
3,0,2,0.77645856,0.9968925,0.56708443
3,0,1,0.8419908,0.99811804,0.37049013
3,0,2,0.79374105,0.9980128,0.35839018
3,0,1,0.5739656,0.9957818,0.45426568
3,0,2,0.8286357,0.6998025,0.58796173
3,0,0,0.7999638,0.73565257,0.34494224
3,0,1,0.96638966,0.76856846,0.35250363
3,0,2,0.866554,0.87992024,0.4017395
3,0,0,0.8533249,0.7833273,0.4226792
3,0,1,0.5790019,0.9980261,0.45782012
3,0,1,0.94573385,0.9988267,0.3635743
3,0,2,0.5801179,0.99816567,0.4645742
3,0,0,0.9534411,0.7015355,0.35387295
3,0,2,0.87172467,0.76057416,0.49235225
3,0,2,0.64893687,0.9954965,0.57594883
3,0,1,0.7816915,0.76955825,0.36775365
3,0,2,0.70545065,0.7678496,0.3579434
3,0,1,0.5896212,0.9980281,0.41474396
3,0,1,0.7722846,0.8718366,0.48487723
3,0,2,0.8637696,0.9979786,0.423664
3,0,1,0.7726261,0.9928186,0.36453825
3,0,2,0.59067446,0.6829812,0.5213848
3,0,0,0.6125866,0.7477325,0.40282252
3,0,2,0.86922663,0.7248743,0.48025146
3,0,2,0.9695858,0.9986174,0.40452725
3,0,0,0.795056,0.7495787,0.47070882
3,0,2,0.8145147,0.8385439,0.36844912
3,0,1,0.8308647,0.99609524,0.4697998
3,0,2,0.85134095,0.70493394,0.5023548
2,0,2,0.58871084,0.6877449,0.47871402
3,0,0,0.7652909,0.72265667,0.4412247
3,0,1,0.5838918,0.99848527,0.42536873
3,0,2,0.89088243,0.9991742,0.4177475
3,0,2,0.8644078,0.9938939,0.409878
3,0,2,0.616907,0.73692125,0.48810354
3,0,1,0.8441669,0.8787071,0.44367412
3,0,2,0.8737074,0.99536633,0.44958028
3,0,2,0.7984204,0.7118829,0.39014408
3,0,1,0.7621644,0.8919045,0.54087716
3,0,2,0.86616206,0.7555731,0.35723174
3,0,2,0.83671,0.7297685,0.50193775
3,0,0,0.9534411,0.9952472,0.35897222
3,0,0,0.81245285,0.83149296,0.3770639
3,0,2,0.8730018,0.99773103,0.4943526
3,0,2,0.88882136,0.99617684,0.62272066
3,0,0,0.8734407,0.7959134,0.38487983
3,0,2,0.97063947,0.99639565,0.45054746
3,0,2,0.58898103,0.63797724,0.5910374
3,0,2,0.7444423,0.7929181,0.42344996
3,0,2,0.85180146,0.7334201,0.5634727
3,0,2,0.8877654,0.99660695,0.43736956
3,0,2,0.9700944,0.78360057,0.44144332
3,0,2,0.8841185,0.69372725,0.40711766
3,0,2,0.9088158,0.764601,0.44070017
3,0,2,0.87382644,0.65787005,0.48819733
3,0,2,0.81578463,0.99689853,0.36621237
3,0,2,0.6262651,0.7517151,0.48295474
3,0,0,0.94448674,0.99861574,0.41560438
3,0,2,0.8282266,0.7408495,0.48508948
3,0,2,0.79484034,0.99693894,0.41108558
3,0,1,0.7779868,0.7224515,0.37275618
3,0,2,0.66557145,0.76566106,0.46503317
3,0,2,0.8899605,0.9981462,0.39165258
3,0,1,0.7626164,0.8875304,0.48292303
2,0,1,0.5026999,0.77085364,0.43233624
3,0,2,0.7640432,0.66655105,0.3906007
3,0,2,0.95638186,0.9985104,0.3500767
3,0,2,0.8665095,0.99703443,0.42874318
3,0,2,0.6213088,0.9976355,0.44282642
3,0,2,0.7006956,0.80810285,0.43473712
3,0,2,0.79678863,0.957017,0.48273173
3,0,0,0.9812837,0.9985202,0.40558425
3,0,2,0.7031686,0.65321714,0.44344512
3,0,1,0.74130946,0.7595475,0.36925757
2,0,1,0.5227705,0.76405185,0.39904094
3,0,2,0.8801503,0.80473644,0.50962466
3,0,0,0.8644078,0.69077307,0.414259
3,0,1,0.74578524,0.99756706,0.36992458
3,0,2,0.98405206,0.7537778,0.39837074
3,0,2,0.79065794,0.9971149,0.54225326
3,0,1,0.55444574,0.7468051,0.5864637
3,0,0,0.8763264,0.8374949,0.3411562
3,0,2,0.8228052,0.7241382,0.39150578
3,0,2,0.8065391,0.7298624,0.36741224
3,0,2,0.6797295,0.9969831,0.37779614
3,0,2,0.9877401,0.99734724,0.3811004
3,0,1,0.64082175,0.8242375,0.44623816
3,0,0,0.8589437,0.6255531,0.37552932
3,0,1,0.54282546,0.9979943,0.5799771
3,0,0,0.95185906,0.7689656,0.46159178
3,0,2,0.7665451,0.993651,0.4641783
3,0,0,0.79022914,0.7608184,0.43651772
3,0,2,0.86579025,0.7500617,0.57087487
3,0,2,0.7772834,0.7376114,0.40158063
3,0,2,0.69015914,0.83267856,0.41744748
3,0,1,0.75248003,0.99822444,0.36875185
3,0,2,0.886085,0.7487195,0.4909914
3,0,2,0.48911893,0.7411023,0.4724442
3,0,1,0.68928856,0.9965539,0.45054638
3,0,0,0.7812531,0.9027112,0.40338928
3,0,1,0.84943974,0.7639481,0.39017797
3,0,1,0.77793676,0.99793625,0.42727464
3,0,2,0.8567495,0.99728656,0.36216468
3,0,2,0.96972823,0.7349971,0.3962916
3,0,2,0.8483153,0.9976853,0.37561345
3,0,2,0.86294377,0.7414028,0.39735612
3,0,0,0.98566204,0.9981091,0.3902136
3,0,2,0.7442586,0.7691409,0.3833679
3,0,2,0.8287359,0.9969505,0.6227048
3,0,0,0.830318,0.80148774,0.41302282
3,0,0,0.8425955,0.71818924,0.45943758
3,0,2,0.5556529,0.9939289,0.47293773
3,0,2,0.80474687,0.7771536,0.46821588
3,0,2,0.9050503,0.7897341,0.4432623
3,0,2,0.89171714,0.73491824,0.5006276
3,0,1,0.75494313,0.9978022,0.46767136
3,0,2,0.98712105,0.8043249,0.42810544
3,0,2,0.86232847,0.99741507,0.38286877
3,0,1,0.57793677,0.9958456,0.43445647
3,0,1,0.78826183,0.9964797,0.3400306
3,0,2,0.73703796,0.7214339,0.3661841
3,0,2,0.68148476,0.9957463,0.45515546
3,0,2,0.8562004,0.7757537,0.411785
3,0,0,0.9737839,0.99859816,0.4882311
3,0,1,0.829061,0.860447,0.40897834
3,0,2,0.7792685,0.7701621,0.40953812
3,0,1,0.88717717,0.9974716,0.40419227
3,0,1,0.9834331,0.9973827,0.3668756
3,0,2,0.74982995,0.73603886,0.3686002
3,0,1,0.7731832,0.99718755,0.4238042
3,0,0,0.8859714,0.9937511,0.3981834
3,0,2,0.73911834,0.94708604,0.34463373
3,0,2,0.8825503,0.99878937,0.5021406
3,0,2,0.9091852,0.9981856,0.3720576
3,0,2,0.63487244,0.6905665,0.4211488
3,0,1,0.8231177,0.9974648,0.36771825
3,0,1,0.87862307,0.99862623,0.34520867
3,0,0,0.8081885,0.99446636,0.38370228
3,0,2,0.75990266,0.99804735,0.47953087
3,0,1,0.8512746,0.8915317,0.48363665
3,0,2,0.614763,0.70325875,0.478237
3,0,2,0.9867148,0.99429107,0.38495883
3,0,2,0.9841982,0.99725217,0.3809219
3,0,1,0.73590195,0.9986137,0.42181805
3,0,0,0.98102105,0.9976828,0.46891302
3,0,2,0.7821767,0.72186244,0.54336625
3,0,1,0.73330516,0.69663465,0.40785694
3,0,2,0.69971776,0.73141277,0.35662735
3,0,0,0.83090705,0.70537496,0.35622773
3,0,2,0.9855773,0.99743724,0.42325172
3,0,1,0.841812,0.9983424,0.4201385
3,0,2,0.81752217,0.71896654,0.49350065
3,0,2,0.809329,0.7196862,0.5242019
3,0,0,0.9838126,0.9962962,0.3670468
2,0,1,0.5218999,0.6758657,0.48886707
3,0,1,0.84161687,0.8762956,0.56575143
3,0,2,0.8695403,0.74416,0.445755
3,0,1,0.61141366,0.8221817,0.47088236
3,0,2,0.83736,0.9980957,0.46775317
3,0,1,0.83857286,0.99914706,0.42310488
3,0,0,0.8585137,0.9973742,0.42411336
3,0,2,0.75710577,0.9986957,0.42979252
3,0,2,0.50252783,0.6736946,0.49929082
3,0,0,0.94621176,0.99592626,0.5696641
3,0,2,0.8792575,0.80691254,0.52716243
3,0,2,0.83667916,0.9985057,0.44226405
2,0,2,0.4839941,0.599993,0.47895613
3,0,2,0.7611094,0.78012836,0.41094095
3,0,1,0.64896655,0.99804854,0.3987884
3,0,2,0.62585646,0.9961845,0.44717854
3,0,2,0.84082234,0.74147606,0.36412662
3,0,2,0.90583134,0.7945132,0.5410354
3,0,0,0.9865674,0.7318464,0.42647532
3,0,0,0.864904,0.9979432,0.40364632
3,0,2,0.871854,0.9955244,0.43739465
3,0,2,0.8728548,0.7205821,0.41441295
3,0,0,0.9879693,0.9977852,0.3615648
3,0,0,0.8277693,0.6810505,0.36523297
3,0,2,0.81007016,0.72626287,0.6053412
3,0,0,0.7830703,0.9963528,0.42062697
3,0,2,0.8269125,0.73815477,0.48863697
3,0,2,0.79122233,0.9983754,0.4876355
3,0,2,0.685499,0.99687153,0.43024653
3,0,2,0.80261415,0.83427507,0.40127215
3,0,1,0.8137214,0.9980446,0.36208686
3,0,2,0.8807743,0.9984199,0.49061742
3,0,0,0.86206335,0.8442024,0.4231306
3,0,2,0.82506454,0.72564816,0.3624243
3,0,2,0.8819025,0.71047884,0.49468437
3,0,1,0.62928253,0.998151,0.5314313
3,0,2,0.97306395,0.99624985,0.4349944
3,0,1,0.78384227,0.9936991,0.39470252
3,0,2,0.84489566,0.7085976,0.38583115
3,0,2,0.7976814,0.69313216,0.40911487
3,0,2,0.7562132,0.9971222,0.3770715
3,0,2,0.8267436,0.79336303,0.530507
3,0,2,0.986271,0.9983816,0.4439914
3,0,2,0.5717383,0.6737615,0.5496999
3,0,1,0.6106888,0.99790525,0.4476777
3,0,1,0.6552756,0.9973924,0.54353595
3,0,2,0.88238245,0.997405,0.4194192
3,0,2,0.7487562,0.6787402,0.47393963
3,0,2,0.9621677,0.7292064,0.36783677
3,0,1,0.7499821,0.9991549,0.41123807
3,0,1,0.96030533,0.781074,0.4248699
3,0,1,0.5375224,0.87146753,0.46166337
3,0,2,0.8915041,0.9981509,0.56293637
3,0,2,0.7532054,0.7640127,0.37455955
3,0,0,0.9526939,0.7765537,0.37167293
2,0,1,0.5352776,0.7278553,0.47886884
3,0,2,0.8964227,0.7674805,0.45325747
2,0,2,0.5057394,0.67476696,0.47399917
3,0,2,0.8069474,0.9983065,0.5970773
3,0,2,0.82464206,0.99774146,0.43645516
3,0,2,0.49991122,0.702691,0.46105728
3,0,2,0.88143915,0.9951592,0.38059402
3,0,0,0.9865714,0.9981602,0.4347211
3,0,0,0.95018905,0.7387242,0.5055099
3,0,2,0.8090588,0.78371054,0.44724378
3,0,1,0.7781046,0.9974058,0.45580247
3,0,2,0.6836027,0.6408766,0.40266043
3,0,1,0.93657124,0.7447899,0.43401635
3,0,2,0.98602194,0.9987085,0.3516612
3,0,0,0.78322136,0.9968117,0.3901974
3,0,2,0.813966,0.7691673,0.5162044
3,0,0,0.68012667,0.7600939,0.39941394
3,0,1,0.9856861,0.66680163,0.36246127
3,0,2,0.6765096,0.82913506,0.418236
3,0,2,0.71614426,0.740997,0.4276872
3,0,2,0.84907365,0.76089466,0.34674168
3,0,2,0.96545714,0.99854064,0.38919643
3,0,0,0.640177,0.9982041,0.41564837
3,0,2,0.9608969,0.9973604,0.3641847
3,0,1,0.7777762,0.6772862,0.38191617
3,0,1,0.63866603,0.99785453,0.4768537
3,0,2,0.88760686,0.9988606,0.41230032
3,0,2,0.6145138,0.77528447,0.49382424
3,0,1,0.87637997,0.8841432,0.46580306
3,0,0,0.82197124,0.76461,0.41961163
3,0,2,0.75987995,0.99679923,0.5597178
3,0,2,0.59067446,0.72432613,0.42778417
3,0,2,0.8266458,0.9968472,0.43617633
3,0,1,0.8114317,0.99866474,0.512307
3,0,2,0.8643911,0.88577986,0.44942677
3,0,0,0.7868238,0.83934975,0.3873376
3,0,2,0.85923505,0.9967378,0.5003402
3,0,2,0.8697185,0.9950447,0.35498738
3,0,2,0.7585004,0.70841515,0.47581154
3,0,1,0.8643905,0.9957769,0.3400306
3,0,2,0.88583523,0.99701935,0.4541426
3,0,0,0.94744295,0.99713373,0.41618717
3,0,2,0.88465023,0.77071774,0.545028
3,0,0,0.860605,0.99848217,0.39167264
3,0,0,0.954162,0.7352475,0.34044605
3,0,1,0.84245765,0.75181645,0.37062156
3,0,1,0.82502335,0.9977191,0.34709308
3,0,2,0.827365,0.9986224,0.4564275
3,0,2,0.74081767,0.99774134,0.4070364
3,0,2,0.8466156,0.64887094,0.46082655
3,0,2,0.98863876,0.72660357,0.42472374
3,0,2,0.84409714,0.99822265,0.39803725
3,0,2,0.86442477,0.99792564,0.47560328
3,0,0,0.9677059,0.9960425,0.37652075
3,0,0,0.957521,0.9981133,0.41806692
3,0,2,0.8731959,0.76933366,0.43848962
3,0,2,0.87845516,0.9960919,0.38009182
3,0,0,0.7682129,0.99517375,0.41730905
3,0,2,0.75541353,0.9967745,0.3790453
3,0,0,0.8610821,0.7782801,0.4284862
3,0,0,0.8788245,0.998071,0.42038703
3,0,2,0.8348255,0.9978479,0.49661505
3,0,0,0.9822917,0.68813,0.37577933
3,0,2,0.84905446,0.99637246,0.48942384
3,0,0,0.97111094,0.79965574,0.40075678
3,0,0,0.7644307,0.7404145,0.3747106
3,0,2,0.855959,0.99818087,0.5227017
3,0,0,0.8582047,0.9975206,0.39530262
3,0,2,0.62921894,0.83923954,0.38574824
3,0,2,0.8480394,0.9989122,0.393647
3,0,0,0.9694769,0.73864865,0.42876446
3,0,0,0.857,0.99563855,0.43633166
3,0,2,0.9868602,0.7390378,0.38299415
3,0,0,0.7971006,0.7558556,0.3790214
3,0,2,0.60891193,0.8232591,0.47576815
3,0,2,0.87832546,0.714368,0.43243515
3,0,1,0.76874655,0.8843665,0.4385411
3,0,0,0.5559941,0.6693093,0.39392832
3,0,2,0.87869495,0.99847966,0.5058743
3,0,2,0.63810456,0.9963936,0.4399102
3,0,2,0.9709309,0.9986957,0.39708245
3,0,2,0.75116366,0.83688736,0.36999637
3,0,1,0.7703694,0.9990428,0.38173687
3,0,2,0.73574966,0.80883956,0.5314301
2,0,1,0.5389225,0.82610613,0.3848589
3,0,2,0.91713095,0.77145135,0.37452325
3,0,2,0.9834925,0.7156689,0.40467674
3,0,2,0.87662053,0.9985221,0.45911855
3,0,1,0.59232754,0.7395342,0.4663142
3,0,2,0.82456005,0.9954033,0.44948238
3,0,0,0.97113377,0.8116472,0.36564344
3,0,0,0.8541015,0.99796945,0.3571488
3,0,1,0.8566555,0.99736255,0.46292284
3,0,2,0.86554724,0.9978102,0.40584677
3,0,1,0.75177807,0.9961824,0.39497134
3,0,1,0.7804237,0.6638592,0.40097547
3,0,0,0.9880989,0.9983504,0.34926432
3,0,2,0.8275768,0.9980983,0.377002
3,0,1,0.75437164,0.7936747,0.37226322
3,0,2,0.8721225,0.99843484,0.42413688
3,0,2,0.8772343,0.9969036,0.47178027
3,0,1,0.6179957,0.8276061,0.44155997
3,0,0,0.86603457,0.75944686,0.51441556
3,0,2,0.79660964,0.7396198,0.3744655
3,0,2,0.5559449,0.79429203,0.4788913
3,0,1,0.63915163,0.99605006,0.41359752
3,0,1,0.80697757,0.7238062,0.3960131
3,0,2,0.9535881,0.9969278,0.4449813
3,0,1,0.6081308,0.99763095,0.3706995
3,0,2,0.9485662,0.67541206,0.40179405
3,0,2,0.8460433,0.74122804,0.47656545
3,0,2,0.8505337,0.72880065,0.41031617
3,0,2,0.9737342,0.9983485,0.4017477
3,0,2,0.8659439,0.9964025,0.4710809
3,0,1,0.5835746,0.82000333,0.41881663
3,0,1,0.579833,0.9976922,0.5250371
3,0,2,0.8721826,0.6813059,0.41492638
3,0,1,0.7594921,0.99738115,0.3861655
3,0,1,0.6122591,0.7409729,0.53050387
3,0,0,0.74629194,0.7459674,0.4128212
3,0,0,0.9720733,0.9984144,0.41131008
3,0,2,0.9757017,0.7433011,0.4716169
3,0,2,0.8019002,0.9982486,0.4991392
3,0,2,0.8726671,0.9958851,0.45527542
3,0,0,0.6254422,0.75270504,0.41211
3,0,2,0.8186884,0.998345,0.5350503
3,0,2,0.8552912,0.7077742,0.48735514
3,0,0,0.9533367,0.99828535,0.46326664
3,0,1,0.8584789,0.8474188,0.39762455
3,0,0,0.98364,0.9960854,0.43861765
3,0,1,0.7713374,0.7453263,0.38335976
3,0,0,0.9854034,0.9977132,0.37241
3,0,2,0.8585504,0.72047335,0.49804294
3,0,2,0.9514692,0.70982975,0.4512942
3,0,0,0.98200214,0.75200355,0.36563116
3,0,2,0.86571485,0.9980768,0.4212835
3,0,2,0.7983855,0.7493398,0.3775152
3,0,2,0.8422775,0.66643906,0.45352045
3,0,2,0.62367713,0.99656624,0.43352535
3,0,2,0.6645992,0.9981635,0.4583714
3,0,1,0.7981229,0.9988752,0.48233327
3,0,2,0.9840644,0.739884,0.35547155
3,0,0,0.82504344,0.7450856,0.42538935
3,0,1,0.75887555,0.9985141,0.440233
3,0,2,0.87705916,0.80960286,0.38566455
3,0,0,0.847062,0.99711514,0.44162422
3,0,0,0.8777003,0.8324615,0.4166441
3,0,2,0.64762735,0.7345452,0.43924582
3,0,2,0.8942782,0.7478342,0.38673162
3,0,2,0.9729849,0.99620456,0.38734213
3,0,1,0.6022587,0.9965804,0.45438018
3,0,2,0.96825343,0.74123716,0.4727986
3,0,2,0.57747054,0.9971691,0.47942364
3,0,2,0.83354294,0.7134574,0.57767594
3,0,2,0.73895216,0.7080735,0.35991672
2,0,2,0.59866273,0.6986968,0.51528096
3,0,2,0.85191107,0.7225625,0.4585063
3,0,2,0.97696567,0.7320123,0.4598976
3,0,1,0.75080585,0.99877435,0.51112103
3,0,2,0.7382991,0.79171795,0.36842418
3,0,0,0.8056098,0.8450268,0.37702537
3,0,0,0.87609714,0.9977927,0.36188918
3,0,0,0.97623706,0.99734193,0.39184785
3,0,2,0.7338565,0.903793,0.3817918
3,0,2,0.8719759,0.9990361,0.5030351
3,0,2,0.87058085,0.7516369,0.36964038
3,0,2,0.8118056,0.848476,0.40898952
3,0,2,0.82428414,0.9951687,0.54440516
3,0,2,0.8482173,0.9968286,0.4751216
3,0,2,0.8224848,0.7122286,0.49685472
3,0,2,0.9626284,0.99838877,0.42881852
3,0,2,0.8756021,0.9971929,0.39303172
3,0,1,0.820435,0.9966703,0.42797998
3,0,1,0.8344126,0.99425393,0.35011765
3,0,2,0.82988304,0.7996098,0.41862714
3,0,2,0.8282352,0.81489056,0.3531172
3,0,1,0.7581922,0.9939466,0.37514874
3,0,2,0.6358134,0.8579315,0.5023389
3,0,2,0.8280165,0.99346715,0.51505125
3,0,2,0.87734115,0.79078496,0.4534332
3,0,0,0.8493825,0.76537156,0.39915854
3,0,0,0.7827692,0.99490947,0.4016423
3,0,2,0.88172543,0.6855115,0.49144626
3,0,2,0.8234932,0.8144532,0.35921258
3,0,1,0.643316,0.99759185,0.42733124
3,0,1,0.8018214,0.75690514,0.4052053
3,0,1,0.5724952,0.7496447,0.46037713
3,0,2,0.9662434,0.99720496,0.444249
3,0,1,0.782962,0.8250831,0.5420078
3,0,2,0.7287609,0.6722409,0.45995253
3,0,2,0.6508585,0.6265865,0.5483137
3,0,0,0.9498551,0.997934,0.39834034
3,0,0,0.8560335,0.79695797,0.40761304
3,0,2,0.7032932,0.99796677,0.4643153
3,0,2,0.7882521,0.99811256,0.3869248
3,0,0,0.86360294,0.9972276,0.5098593
3,0,2,0.83495796,0.82690233,0.39141986
3,0,0,0.9469111,0.9974291,0.4276245
3,0,0,0.86552495,0.7455101,0.4849189
3,0,2,0.9689829,0.707875,0.41525653
3,0,2,0.5781469,0.9960908,0.49495277
3,0,0,0.80940914,0.9969183,0.41929165
3,0,2,0.8854314,0.99788994,0.4693204
3,0,0,0.77409106,0.7558308,0.4194084
3,0,2,0.8893814,0.9986749,0.5300013
3,0,2,0.72255737,0.75435966,0.39925843
3,0,0,0.9699645,0.99807227,0.44674212
3,0,2,0.87537426,0.928552,0.44624487
3,0,1,0.83997947,0.80194396,0.40080798
3,0,2,0.75010127,0.9943838,0.40040538
3,0,0,0.4951451,0.8336187,0.3594307
3,0,1,0.8391104,0.9987305,0.431715
3,0,2,0.79897,0.7413229,0.5542241
3,0,2,0.88122815,0.7669092,0.5393647
3,0,2,0.87319136,0.8953966,0.51734513
3,0,2,0.880772,0.72351944,0.45393968
3,0,0,0.91999096,0.99643624,0.4096448
3,0,2,0.86205524,0.631222,0.51373154
3,0,1,0.59802586,0.7060192,0.46046734
3,0,2,0.83934855,0.99767786,0.4064709
3,0,2,0.7585237,0.9941346,0.41593176
3,0,0,0.8766724,0.99744046,0.3812277
3,0,1,0.8190121,0.997581,0.36286604
3,0,2,0.9566757,0.9959125,0.4051339
3,0,2,0.8481819,0.9947166,0.43135294
3,0,0,0.9873991,0.71383464,0.37282383
3,0,2,0.98671234,0.68700755,0.35589978
3,0,2,0.9705685,0.8002796,0.4155771
3,0,2,0.7700612,0.9954201,0.35512993
3,0,1,0.6207543,0.75930876,0.48115703
3,0,1,0.73572576,0.73729247,0.42394653
3,0,2,0.86093473,0.996974,0.4280489
3,0,2,0.5718358,0.99710876,0.53409857
3,0,2,0.77968717,0.99706,0.42711666
3,0,2,0.8937459,0.9985843,0.5072436
3,0,0,0.7949861,0.9976164,0.33746567
3,0,1,0.7395557,0.7651329,0.38016483
3,0,2,0.98742825,0.99873596,0.37728733
3,0,0,0.9064372,0.8924501,0.34473258
3,0,2,0.8706462,0.995817,0.56652594
3,0,1,0.98020685,0.9969472,0.33583105
3,0,2,0.74289334,0.7814231,0.42922717
3,0,0,0.81325924,0.99807584,0.34987283
3,0,1,0.856289,0.99732804,0.41596872
3,0,2,0.80380523,0.99825495,0.5899293
3,0,2,0.8251507,0.6599769,0.5417473
3,0,2,0.7530344,0.78260064,0.35248926
3,0,2,0.7777269,0.58072144,0.84877175
3,0,0,0.68752027,0.760408,0.34563988
3,0,2,0.6620511,0.99852353,0.41403413
3,0,2,0.87815887,0.9976458,0.45535934
3,0,2,0.8000919,0.66051227,0.4198355
3,0,1,0.6309536,0.8346049,0.509317
3,0,2,0.5778682,0.9975439,0.53963166
3,0,2,0.49507838,0.50979316,0.5084016
3,0,0,0.82141966,0.7636215,0.3899372
3,0,1,0.768947,0.99838114,0.47168264
3,0,2,0.9900239,0.802059,0.39411536
3,0,2,0.98495704,0.7772944,0.46911755
3,0,1,0.7447245,0.99854386,0.38709807
3,0,2,0.7064651,0.78497976,0.38408807
3,0,1,0.67540467,0.9623133,0.49579293
3,0,2,0.8288501,0.7359022,0.47314644
3,0,0,0.85931844,0.99842453,0.36461425
3,0,2,0.86842304,0.6820242,0.4671023
3,0,2,0.88543046,0.9969241,0.4758826
3,0,1,0.810564,0.7756082,0.38384968
3,0,2,0.8832533,0.8603116,0.44330636
3,0,2,0.75262415,0.6821119,0.39334595
3,0,2,0.834015,0.99502337,0.39869383
3,0,2,0.8481434,0.79205024,0.4018873
3,0,0,0.80321014,0.838958,0.3956915
3,0,2,0.86662376,0.99767715,0.4342424
3,0,2,0.82700443,0.63973427,0.46690923
3,0,0,0.88320374,0.99745005,0.44972157
3,0,2,0.6718332,0.99575704,0.47797552
3,0,0,0.855191,0.99798834,0.43747213
3,0,0,0.87102807,0.99764913,0.38761264
3,0,0,0.96334016,0.7203919,0.4840986
3,0,0,0.98678094,0.99738806,0.41064808
3,0,1,0.8400324,0.8645739,0.43580642
3,0,2,0.7065437,0.9937529,0.5179285
3,0,0,0.8657647,0.71535486,0.4711986
3,0,2,0.79502875,0.99624926,0.3852809
3,0,2,0.8262849,0.99816376,0.46259412
3,0,2,0.80903685,0.720713,0.4024008
3,0,1,0.77745044,0.9976472,0.34810883
3,0,2,0.88447464,0.9980494,0.53734213
3,0,1,0.8477025,0.7760428,0.36936232
3,0,2,0.75927,0.77885276,0.3694209
3,0,2,0.82984626,0.9980457,0.33583698
3,0,0,0.97723687,0.7444658,0.38869748
3,0,1,0.7557635,0.99714404,0.386021
3,0,2,0.6220191,0.6452594,0.86258215
3,0,2,0.86086404,0.77245915,0.42763034
3,0,2,0.8495884,0.61784065,0.4197887
3,0,2,0.88380456,0.78752357,0.51098037
3,0,2,0.85577047,0.99853027,0.4939459
3,0,0,0.8528723,0.9972523,0.37805575
3,0,2,0.5500405,0.9970625,0.5357473
3,0,1,0.7887971,0.99866986,0.3547614
3,0,2,0.8732068,0.7053389,0.39925003
3,0,2,0.86866003,0.99890804,0.46385875
3,0,2,0.8173614,0.7653573,0.47608736
3,0,2,0.85979044,0.6653146,0.3930576
3,0,2,0.98091584,0.9969632,0.4043214
3,0,2,0.8361364,0.9962573,0.36355612
3,0,2,0.8282832,0.71402776,0.41653994
3,0,0,0.88278574,0.8236712,0.37075695
3,0,2,0.7982719,0.753344,0.41043043
3,0,2,0.82514274,0.9988703,0.5867253
3,0,2,0.78384775,0.75985414,0.3700902
3,0,2,0.8408643,0.71893376,0.5436386
2,0,1,0.549259,0.7722533,0.54279613
3,0,2,0.8762442,0.7000001,0.4857334
3,0,2,0.6124772,0.7267057,0.5351348
3,0,1,0.8181368,0.9978794,0.34371585
3,0,1,0.7593718,0.9983815,0.48246
3,0,2,0.8835681,0.75153357,0.39111665
3,0,2,0.8791267,0.8031081,0.40642545
3,0,0,0.96393657,0.75501144,0.41432264
3,0,2,0.8690941,0.9967906,0.51475346
3,0,2,0.86074877,0.99550605,0.38460812
3,0,2,0.8403326,0.99638224,0.38269895
3,0,2,0.8508308,0.81406283,0.41972882
3,0,2,0.8927395,0.772641,0.49756065
3,0,2,0.81337136,0.78788674,0.35423583
3,0,0,0.8418395,0.99423146,0.40446052
3,0,1,0.61818624,0.6508724,0.44691396
3,0,2,0.8940964,0.9969874,0.43332586
3,0,0,0.77193356,0.8083755,0.40862384
3,0,2,0.96448463,0.8046478,0.42898035
3,0,2,0.61074305,0.99274606,0.42104664
3,0,2,0.42372653,0.9982351,0.36856064
3,0,1,0.6658285,0.9982999,0.43174765
3,0,0,0.9737342,0.9985291,0.43706346
3,0,2,0.84987587,0.7830184,0.4311558
3,0,1,0.69450444,0.7996729,0.44129464
3,0,2,0.5725671,0.99493474,0.54788345
3,0,1,0.6497136,0.6299799,0.38868284
3,0,2,0.9529093,0.51024646,0.6768294
3,0,0,0.7858219,0.713429,0.3785731
3,0,0,0.7784124,0.74165595,0.38979325
3,0,2,0.88133025,0.8065432,0.5788361
3,0,0,0.9510501,0.64309967,0.45417044
3,0,2,0.809329,0.7865963,0.46823102
3,0,1,0.86307204,0.8579698,0.4578037
3,0,2,0.6532084,0.6945679,0.4818668
3,0,1,0.67514336,0.99887174,0.44060364
3,0,0,0.9844732,0.99636346,0.42607453
3,0,1,0.59434205,0.9948094,0.46942478
3,0,2,0.822758,0.75705093,0.3886128
3,0,2,0.8413606,0.99809283,0.527682
3,0,0,0.8286129,0.9960265,0.37832707
3,0,0,0.8307159,0.994559,0.5072165
3,0,2,0.7978724,0.9980552,0.36555058
3,0,0,0.78599775,0.9977519,0.39769754
3,0,0,0.77341866,0.641373,0.40029597
3,0,0,0.8517062,0.74721634,0.35903987
3,0,2,0.80236346,0.99802256,0.49907315
3,0,1,0.6369634,0.82878363,0.34410986
2,0,1,0.5615082,0.72745377,0.4903073
3,0,0,0.8554655,0.99766314,0.38556984
3,0,2,0.83734983,0.9983859,0.49359417
3,0,1,0.6268446,0.7180142,0.36586392
3,0,2,0.89043695,0.75020015,0.50133914
3,0,2,0.8792458,0.997943,0.36258164
3,0,0,0.8617611,0.78362083,0.38086915
3,0,1,0.88717717,0.851051,0.41056925
3,0,2,0.6372716,0.7475445,0.4003372
3,0,2,0.86765194,0.99701893,0.4535181
3,0,2,0.83309287,0.9979024,0.4182424
3,0,2,0.84218323,0.99758685,0.41567814
3,0,2,0.78965014,0.99742484,0.49325973
3,0,2,0.8835227,0.73086935,0.3672612
3,0,2,0.968991,0.995195,0.3692978
3,0,1,0.4890744,0.9966562,0.53617305
3,0,2,0.8699696,0.9985019,0.41415596
3,0,2,0.9858715,0.71029335,0.42810255
3,0,0,0.85388696,0.9955005,0.43750313
3,0,0,0.8513279,0.99693525,0.41733196
3,0,2,0.98453957,0.9969708,0.36271954
3,0,2,0.74156636,0.7776113,0.40258288
3,0,1,0.7616051,0.78168637,0.37486273
3,0,2,0.8940964,0.99729925,0.4868987
3,0,2,0.8299959,0.996967,0.38121867
3,0,0,0.665865,0.9985448,0.36862612
3,0,2,0.8236993,0.99822825,0.39041874
3,0,1,0.7513813,0.7998351,0.4877413
3,0,2,0.9774007,0.9970402,0.40125936
3,0,2,0.8213568,0.69435793,0.4331339
3,0,1,0.75591147,0.85224456,0.4882418
3,0,2,0.78549564,0.9964671,0.42705616
3,0,2,0.8514635,0.74337846,0.38127
3,0,2,0.82347983,0.99519205,0.39179963
3,0,2,0.88541776,0.99841607,0.5387521
3,0,2,0.8697469,0.6407742,0.5103938
2,0,2,0.4899113,0.9980855,0.45551422
3,0,2,0.8731801,0.9962469,0.44788396
3,0,2,0.56856406,0.6725661,0.4701552
3,0,2,0.79215795,0.77778256,0.42017254
3,0,0,0.7327858,0.9984835,0.37816253
3,0,1,0.9861952,0.99799025,0.38099328
3,0,1,0.8405171,0.9977276,0.3821109
3,0,1,0.83527404,0.9966259,0.44490415
3,0,2,0.82069683,0.9976319,0.40564787
3,0,2,0.8492722,0.99805874,0.49203977
3,0,2,0.8555124,0.99704176,0.3952124
3,0,2,0.7500332,0.80438095,0.3578204
3,0,2,0.98686194,0.7071936,0.44992352
3,0,2,0.888645,0.9988035,0.5306593
3,0,2,0.8629754,0.9977823,0.46116862
3,0,0,0.8235971,0.7954564,0.39899465
3,0,0,0.9785292,0.8068138,0.45495772
3,0,2,0.84672606,0.7656969,0.44315198
3,0,2,0.54816556,0.99576867,0.44058272
3,0,1,0.8260176,0.77516913,0.40655133
3,0,0,0.98610884,0.99716526,0.46441782
3,0,2,0.87010497,0.9972638,0.4922349
3,0,2,0.8276465,0.7830155,0.47004887
3,0,1,0.77094245,0.9977556,0.4495922
3,0,2,0.8280759,0.9979255,0.43619683
3,0,0,0.8090634,0.99685526,0.38452858
3,0,2,0.87186533,0.7883583,0.5120416
3,0,2,0.6038122,0.99524826,0.49720463
3,0,0,0.79995406,0.63156015,0.3561261
3,0,2,0.8127417,0.74602425,0.5224428
3,0,1,0.75497645,0.9219197,0.3939244
3,0,2,0.6498768,0.99587846,0.4172674
3,0,2,0.83136076,0.9978338,0.4120341
3,0,2,0.6900268,0.84972316,0.45227084
3,0,1,0.7392903,0.9965329,0.5942549
3,0,2,0.59101385,0.99693656,0.4684292
3,0,2,0.7603666,0.7933608,0.43796343
3,0,1,0.7510205,0.86273384,0.40551758
3,0,1,0.77423936,0.8563909,0.37771785
3,0,1,0.8687855,0.7338926,0.35641488
3,0,0,0.8237792,0.99470335,0.37383863
3,0,0,0.94935423,0.9977234,0.44884443
3,0,2,0.7945665,0.99502593,0.43616056
3,0,2,0.6151255,0.9965502,0.44357237
3,0,0,0.75642323,0.9957349,0.35162932
3,0,0,0.8356894,0.8544067,0.3641719
3,0,2,0.79911596,0.72313803,0.42953125
3,0,0,0.9406631,0.99515766,0.4093969
3,0,0,0.9861137,0.9968604,0.43288937
3,0,0,0.88299024,0.9982083,0.41651398
3,0,2,0.78990805,0.99627435,0.5108695
3,0,2,0.6995581,0.73179716,0.39152777
3,0,1,0.7873445,0.71314865,0.45673501
3,0,2,0.8596894,0.61371666,0.43288177
3,0,2,0.83146495,0.7412795,0.5592038
3,0,2,0.8749052,0.77886945,0.3633922
3,0,0,0.9410219,0.99322426,0.500495
3,0,1,0.75355715,0.8041937,0.46156725
3,0,0,0.79911596,0.99779093,0.4211818
3,0,2,0.8363302,0.70047987,0.4275274
3,0,2,0.5560464,0.9974491,0.47458303
3,0,2,0.9694416,0.9979742,0.45079407
3,0,0,0.85612077,0.9965623,0.39575222
3,0,2,0.8759646,0.99898094,0.44893587
3,0,1,0.6058593,0.99582124,0.4721738
3,0,2,0.76380223,0.9961235,0.35605636
3,0,2,0.86451304,0.7118131,0.479382
3,0,2,0.549568,0.9963297,0.47524148
3,0,0,0.88988364,0.9976756,0.4317436
3,0,2,0.9687038,0.9964824,0.40591753
3,0,2,0.8612684,0.55743545,0.47086713
3,0,2,0.58208823,0.9955063,0.52077264
3,0,0,0.97014654,0.99657613,0.3767556
3,0,1,0.7781312,0.99863833,0.3757969
3,0,2,0.9724635,0.81033576,0.42345655
3,0,0,0.850204,0.8431988,0.40791106
3,0,2,0.98520887,0.99678886,0.4030982
3,0,2,0.5957528,0.99771,0.4977097
3,0,1,0.6616851,0.8546468,0.4566317
3,0,2,0.9879131,0.99665904,0.4088862
3,0,2,0.62050045,0.9977831,0.39565754
3,0,2,0.8584684,0.66653764,0.3818275
3,0,2,0.81215423,0.7321405,0.62995344
2,0,2,0.5096244,0.9982545,0.47098172
3,0,2,0.84598905,0.69675034,0.3881528
3,0,1,0.75341874,0.7533131,0.39403397
3,0,2,0.73572576,0.9952565,0.4052719
3,0,2,0.8663491,0.9970657,0.5308966
3,0,2,0.98481005,0.7114364,0.37544787
3,0,1,0.87104666,0.82895154,0.3581663
3,0,1,0.8707451,0.8085805,0.37196973
3,0,1,0.6677582,0.7510319,0.4855928
3,0,2,0.6150936,0.77809155,0.3461866
3,0,2,0.83984613,0.7821573,0.37759772
3,0,0,0.6224132,0.9981871,0.5148978
3,0,2,0.7161412,0.99726236,0.5356425
3,0,2,0.8619449,0.7350014,0.42580578
3,0,1,0.8670879,0.99897194,0.36604077
3,0,1,0.5808842,0.74842995,0.45261398
3,0,2,0.98487157,0.9986771,0.34758627
2,0,1,0.47723588,0.7690061,0.566213
3,0,2,0.83479923,0.7180724,0.3926759
3,0,0,0.7975699,0.69167745,0.420368
3,0,2,0.8590743,0.69351006,0.41478062
3,0,0,0.68897617,0.7401437,0.3904473
3,0,1,0.7511254,0.70278686,0.39628497
3,0,1,0.7856288,0.8592305,0.39114752
3,0,2,0.8433563,0.9986933,0.38953054
3,0,2,0.8653713,0.6014675,0.49102613
3,0,1,0.74578524,0.9949915,0.39706463
3,0,0,0.8272766,0.6163138,0.3903509
3,0,1,0.86670643,0.99508566,0.43942246
3,0,2,0.7431952,0.7788987,0.5494214
3,0,2,0.8412997,0.997647,0.4949106
3,0,2,0.85274494,0.6883874,0.49334213
3,0,1,0.8261512,0.8002375,0.42894736
3,0,1,0.80720085,0.99832493,0.34008121
3,0,2,0.81325924,0.76316935,0.4995079
3,0,2,0.7126785,0.79645884,0.46095031
3,0,2,0.8909183,0.99795866,0.45943153
3,0,2,0.817286,0.74615127,0.49921036
3,0,2,0.65555894,0.9969351,0.43579268
3,0,2,0.8591694,0.67241764,0.47855228
3,0,1,0.8778624,0.6999733,0.46809512
3,0,1,0.82198536,0.9984176,0.3473379
3,0,0,0.9861137,0.9981737,0.44015068
3,0,2,0.743061,0.99683666,0.3844132
3,0,1,0.7813484,0.8559053,0.40646824
3,0,2,0.88089824,0.99807584,0.46685654
3,0,1,0.8038968,0.997138,0.4184914
3,0,1,0.8230715,0.99653876,0.53689224
3,0,2,0.6446425,0.99511397,0.40626574
3,0,2,0.83003825,0.9962943,0.37306014
3,0,1,0.9869338,0.99746966,0.3733528
3,0,2,0.87616074,0.99884146,0.5027975
3,0,2,0.8098393,0.9941445,0.48112357
3,0,0,0.85862136,0.9986388,0.3681217
3,0,2,0.88547754,0.52918553,0.5189549
3,0,2,0.83992255,0.99751306,0.51969934
3,0,2,0.69773424,0.7822821,0.40384945
3,0,2,0.9855575,0.6658518,0.42799264
3,0,2,0.6827976,0.7433724,0.52255046
3,0,2,0.8229492,0.7867162,0.37349603
3,0,2,0.8651653,0.6995202,0.45679072
3,0,2,0.5926888,0.99682164,0.5375059
3,0,2,0.84682256,0.68928087,0.447279
3,0,1,0.73751754,0.7816906,0.40365177
3,0,1,0.98680115,0.7453962,0.38758966
3,0,2,0.6721955,0.9974126,0.48048666
3,0,2,0.8159564,0.677455,0.47004598
3,0,1,0.7595982,0.9523889,0.5746882
3,0,2,0.6662066,0.69069886,0.47606176
3,0,1,0.7912402,0.99756694,0.4194893
3,0,1,0.7338565,0.9978218,0.38240686
3,0,1,0.6168382,0.99571323,0.40611622
3,0,1,0.75862867,0.99637336,0.37214044
3,0,2,0.8195373,0.9974126,0.50385576
3,0,2,0.76847047,0.679127,0.36341617
3,0,2,0.88045436,0.7682634,0.43486187
3,0,1,0.5732152,0.99763894,0.5428996
3,0,1,0.81610644,0.8026897,0.3916454
3,0,2,0.7415557,0.99836415,0.42857608
3,0,2,0.8483164,0.8108651,0.44391167
3,0,2,0.58146286,0.67552686,0.5254787
3,0,1,0.9781236,0.73534536,0.36259088
3,0,0,0.98149186,0.99760973,0.4381433
3,0,1,0.71422535,0.7662281,0.4310255
3,0,1,0.98531544,0.7777872,0.35122466
3,0,2,0.87471855,0.9963941,0.38621947
3,0,2,0.6296146,0.99767035,0.5409205
3,0,2,0.8320538,0.76770735,0.54533935
3,0,2,0.8334025,0.69583076,0.41049
3,0,2,0.89100236,0.75545263,0.52382314
3,0,2,0.82347345,0.99717355,0.45215204
3,0,2,0.8123179,0.9982438,0.37357575
3,0,2,0.74348915,0.67472225,0.46138334
2,0,1,0.5269445,0.7522693,0.45425633
3,0,1,0.83088183,0.9981173,0.46958572
3,0,1,0.8304619,0.7281096,0.4167879
3,0,0,0.9828509,0.99750924,0.37340462
3,0,0,0.8521435,0.88106716,0.42407405
3,0,2,0.8755452,0.6868277,0.44545135
3,0,0,0.88074654,0.9975923,0.4524461
3,0,2,0.85660076,0.9960103,0.3482336
3,0,1,0.5963243,0.9953076,0.4792407
3,0,0,0.98751706,0.7777837,0.3977759
3,0,2,0.9809528,0.7030929,0.3767313
3,0,0,0.85821325,0.9970227,0.40445927
3,0,0,0.9713703,0.99835086,0.38855755
3,0,2,0.8780311,0.8656833,0.48698884
3,0,2,0.79466194,0.9970086,0.4803392
3,0,1,0.85361886,0.9964371,0.39441422
3,0,2,0.6145427,0.9980336,0.42741153
3,0,2,0.88325876,0.7801373,0.53810006
3,0,2,0.9523607,0.7790344,0.40490016
3,0,2,0.7990834,0.6936943,0.43460795
3,0,1,0.6172755,0.997447,0.5641871
3,0,1,0.5972277,0.9948278,0.35531843
2,0,1,0.5362999,0.99745136,0.4174736
3,0,2,0.85023665,0.9970464,0.4558602
3,0,0,0.8664845,0.9969586,0.3785414
3,0,0,0.82241166,0.70811915,0.4082297
3,0,2,0.6383986,0.70995194,0.47969118
3,0,2,0.8656665,0.99261934,0.4884841
3,0,2,0.6679447,0.99816304,0.41114244
3,0,0,0.98594075,0.6920069,0.41492757
3,0,0,0.94690543,0.7504508,0.43988463
3,0,2,0.8434078,0.7190595,0.3351129
3,0,0,0.98599094,0.9988397,0.41439432
3,0,1,0.7340839,0.9983059,0.40599072
3,0,2,0.7474671,0.8201235,0.39825666
3,0,2,0.81347114,0.9986424,0.5164668
3,0,0,0.80136985,0.60436434,0.543478
3,0,0,0.8717705,0.9977768,0.45476043
3,0,2,0.6716602,0.72660553,0.4382512
3,0,1,0.8948741,0.7532234,0.48226634
3,0,2,0.98127544,0.9981001,0.38430205
3,0,2,0.8787268,0.76105696,0.57388043
3,0,0,0.82254624,0.9979662,0.39187628
3,0,1,0.75986564,0.8667879,0.4850734
3,0,2,0.83348125,0.74537665,0.45673642
3,0,0,0.9855936,0.78317434,0.40470544
3,0,2,0.7530286,0.994402,0.4575934
3,0,2,0.8742159,0.9988192,0.40683603
3,0,1,0.78689873,0.8012837,0.3565095
3,0,2,0.54002076,0.59363544,0.57763636
3,0,1,0.8367764,0.9979869,0.43006802
3,0,1,0.7808521,0.765309,0.40304962
3,0,2,0.9797396,0.6744579,0.3999561
3,0,0,0.7623985,0.9980578,0.37051558
3,0,0,0.8389598,0.802304,0.4092331
3,0,1,0.742247,0.9981121,0.3641417
3,0,2,0.6667907,0.75639427,0.47642872
3,0,2,0.59048325,0.7436112,0.4440208
3,0,2,0.794034,0.9986425,0.558412
3,0,0,0.9451649,0.7697238,0.4187718
3,0,1,0.8585107,0.8504699,0.38388243
3,0,1,0.8613703,0.8731129,0.48198813
3,0,2,0.86451674,0.7675197,0.41808942
3,0,2,0.6585726,0.8358276,0.4472505
3,0,0,0.985824,0.7562587,0.43117687
3,0,0,0.49215513,0.99769104,0.4305342
3,0,0,0.9452559,0.75109094,0.48714158
3,0,2,0.7999262,0.9982206,0.41717502
3,0,2,0.871403,0.61763525,0.4828889
3,0,2,0.5865926,0.9921423,0.42008573
3,0,1,0.83397776,0.9966499,0.37053105
3,0,2,0.88740516,0.99891543,0.38976783
3,0,1,0.7655593,0.87431395,0.53504807
3,0,2,0.98711187,0.9981165,0.3868053
3,0,1,0.7621644,0.9966614,0.60434264
3,0,2,0.8087466,0.7006605,0.47264406
3,0,2,0.5842494,0.99775946,0.49832165
3,0,2,0.8791768,0.9985728,0.5249016
3,0,2,0.9498411,0.73943913,0.43476704
3,0,2,0.87096936,0.99823064,0.49107534
3,0,2,0.8970809,0.66699123,0.38280025
3,0,2,0.70777607,0.99895656,0.40420458
3,0,2,0.58013743,0.99675614,0.44097197
3,0,2,0.954162,0.6972867,0.40110672
3,0,0,0.98545015,0.9987342,0.39901853
3,0,1,0.74993736,0.7791442,0.43269926
3,0,2,0.63396865,0.99334407,0.38441324
3,0,1,0.6093711,0.99740237,0.4977434
3,0,0,0.9371246,0.9962534,0.5402224
3,0,1,0.8487627,0.8913279,0.49300024
3,0,2,0.87662053,0.9986345,0.44473103
3,0,0,0.8739093,0.9990646,0.34693792
3,0,2,0.88255715,0.8946352,0.3791464
3,0,1,0.57309055,0.99702305,0.5178216
3,0,2,0.885226,0.9980958,0.4415784
3,0,2,0.7307883,0.79727584,0.35751483
3,0,2,0.772424,0.68002427,0.40291336
3,0,1,0.7725295,0.9977798,0.41761523
3,0,0,0.7603027,0.8340706,0.37413278
3,0,2,0.8783616,0.5053949,0.56524485
3,0,2,0.8647378,0.9987012,0.36355895
3,0,0,0.9677411,0.9983468,0.3746179
3,0,1,0.8138333,0.99706,0.38016328
3,0,1,0.5901469,0.71064717,0.36061728
3,0,0,0.6004899,0.7940416,0.37654176
3,0,2,0.5978654,0.73049426,0.47662675
3,0,1,0.6403883,0.9932505,0.4755573
3,0,0,0.9519864,0.9979067,0.4238787
3,0,2,0.85048676,0.7236084,0.41975218
3,0,2,0.9600585,0.69962716,0.3852169
3,0,2,0.8606867,0.7647993,0.52288777
3,0,1,0.8702104,0.8862133,0.4531183
3,0,1,0.63214535,0.99485755,0.38609
3,0,1,0.71766835,0.9983529,0.41704905
3,0,0,0.93855023,0.99868184,0.41665027
3,0,1,0.842128,0.7672421,0.38771817
3,0,1,0.7595982,0.9990107,0.5426883
3,0,2,0.62806886,0.9957925,0.4218569
3,0,2,0.8781242,0.7459066,0.41517293
3,0,0,0.74766797,0.99780947,0.41736794
3,0,0,0.9668023,0.69376,0.34642008
3,0,1,0.9737419,0.70981234,0.3446455
3,0,2,0.863152,0.80947495,0.47324818
3,0,0,0.7189551,0.7589271,0.4608109
3,0,0,0.8598342,0.9946567,0.39709428
3,0,1,0.8545023,0.99651283,0.3800176
3,0,1,0.8655646,0.9970908,0.49905664
3,0,2,0.8934364,0.75049204,0.50236464
3,0,0,0.98477155,0.9972989,0.37291318
3,0,0,0.86702204,0.9976841,0.41143373
3,0,2,0.95897853,0.7123166,0.37334728
3,0,2,0.8698644,0.60696346,0.5405418
3,0,2,0.8500681,0.99626416,0.38665977
3,0,1,0.8459763,0.8536724,0.3850379
3,0,2,0.68486315,0.9981659,0.5935228
3,0,0,0.86945933,0.9974606,0.47079244
3,0,2,0.8511056,0.75746435,0.35387385
3,0,0,0.9566648,0.6793404,0.4117685
3,0,0,0.8041005,0.9989354,0.40001938
3,0,2,0.8428104,0.99487597,0.409954
2,0,2,0.48698875,0.56041294,0.45096377
3,0,2,0.95733154,0.9984894,0.3913374
3,0,0,0.7957531,0.6951115,0.3396152
3,0,1,0.7613188,0.8122344,0.39763182
3,0,2,0.9696908,0.9975714,0.42653328
3,0,1,0.7639471,0.67189276,0.4116659
3,0,2,0.72609127,0.77147406,0.4597752
3,0,2,0.98379207,0.78254366,0.42286226
3,0,2,0.80632484,0.7165584,0.57706314
3,0,1,0.5024511,0.9976205,0.38983762
3,0,1,0.76506823,0.9302087,0.37899643
3,0,2,0.581897,0.9965282,0.39667243
3,0,0,0.86183625,0.7969816,0.39660814
3,0,1,0.7689737,0.80641586,0.4178269
3,0,0,0.5923318,0.7574763,0.55528724
3,0,2,0.85109687,0.5109498,0.41072658
3,0,2,0.8637381,0.99711716,0.40044323
3,0,2,0.86440384,0.7159662,0.48975044
3,0,0,0.7959356,0.8682051,0.40237793
3,0,1,0.8589326,0.99473757,0.41871858
3,0,1,0.84551823,0.7439558,0.34748986
3,0,0,0.58607465,0.807379,0.3701079
3,0,2,0.81893194,0.99817765,0.40766668
3,0,2,0.88276076,0.9990152,0.43008226
3,0,0,0.85654557,0.99388844,0.4422689
3,0,2,0.86972433,0.9956613,0.3941626
3,0,2,0.88380605,0.761284,0.55855334
3,0,1,0.73507386,0.7519013,0.4223001
3,0,1,0.7399684,0.99725085,0.42183292
3,0,2,0.85657907,0.99559504,0.35064352
3,0,2,0.8857204,0.998604,0.44627595
3,0,2,0.8797108,0.9976954,0.40856782
3,0,2,0.9871678,0.7329749,0.5145865
3,0,2,0.66677225,0.7715357,0.3822452
3,0,2,0.8362887,0.99827564,0.47200888
3,0,0,0.7643665,0.7160791,0.3817393
3,0,0,0.9640199,0.7643877,0.39584905
3,0,2,0.7540477,0.735903,0.39859807
3,0,1,0.6238591,0.99521196,0.44804966
3,0,2,0.8201747,0.63478404,0.45045087
3,0,2,0.9579517,0.7229522,0.3789764
3,0,0,0.7431089,0.8844866,0.42573148
3,0,2,0.87562406,0.99879056,0.48183104
3,0,0,0.87294877,0.79646534,0.43059677
2,0,1,0.5446048,0.9952851,0.43263963
3,0,1,0.75320876,0.87643844,0.40086445
3,0,0,0.9705993,0.99890053,0.39733303
3,0,1,0.76144207,0.9978551,0.48536983
3,0,2,0.97250575,0.79578555,0.44630498
3,0,2,0.8681507,0.737041,0.5207647
3,0,2,0.9866947,0.9945679,0.38762417
3,0,2,0.83899176,0.7226353,0.41827354
3,0,0,0.58109826,0.7702816,0.36467668
3,0,2,0.5671848,0.9970605,0.42275068
3,0,2,0.8277112,0.71473813,0.4336734
3,0,2,0.7953895,0.6848263,0.357776
3,0,2,0.82518387,0.9959407,0.4762271
3,0,2,0.87739795,0.99872667,0.42148083
3,0,1,0.8493124,0.9979814,0.42323306
3,0,1,0.88151056,0.9988292,0.4059568
3,0,2,0.73784196,0.89302176,0.38245255
3,0,1,0.6531384,0.8774928,0.5890549
3,0,2,0.9760433,0.9986786,0.40101278
3,0,0,0.8421226,0.9927954,0.37132213
3,0,0,0.79007894,0.85146797,0.37972534
3,0,1,0.7430178,0.73968154,0.35288146
3,0,0,0.98743886,0.99674773,0.35358152
3,0,2,0.86292714,0.99842155,0.43297663
3,0,0,0.95518583,0.7942041,0.4043718
3,0,2,0.5241449,0.9980671,0.44497508
3,0,2,0.6629993,0.9969863,0.5011051
3,0,0,0.6602727,0.9971534,0.5643854
3,0,2,0.8695192,0.7834216,0.4932792
3,0,2,0.86761594,0.9948301,0.44191065
3,0,2,0.81597996,0.7778215,0.57821125
3,0,2,0.65452504,0.99599,0.38121367
3,0,0,0.87903297,0.76492304,0.39064035
3,0,2,0.8764202,0.99708587,0.47208315
3,0,2,0.7556734,0.768521,0.44864744
3,0,1,0.7379292,0.99840313,0.37284875
3,0,2,0.876994,0.99389607,0.39908507
3,0,0,0.95518583,0.76289326,0.38982564
3,0,0,0.957521,0.9965688,0.33943698
2,0,0,0.53529143,0.9985526,0.39297998
3,0,0,0.936619,0.997442,0.3900348
3,0,0,0.86292475,0.80652905,0.3971998
3,0,2,0.860169,0.63849616,0.53287554
3,0,1,0.8270305,0.9987092,0.43704808
3,0,2,0.8677097,0.9959979,0.40979838
3,0,2,0.8745705,0.7333571,0.40233457
3,0,2,0.8355246,0.7940893,0.4533379
3,0,2,0.76194406,0.73444694,0.4850601
3,0,2,0.7754684,0.8339065,0.37286785
3,0,2,0.5788878,0.99604034,0.45881513
3,0,2,0.84529835,0.99228436,0.43213326
3,0,1,0.58635527,0.99814177,0.45650956
3,0,1,0.77312756,0.9970229,0.4886093
3,0,2,0.6382568,0.9984769,0.4200043
3,0,2,0.8460905,0.9924119,0.44526172
3,0,1,0.5800035,0.6921249,0.5134642
3,0,2,0.63282293,0.99789834,0.44736433
3,0,2,0.8476703,0.74617326,0.45540774
3,0,0,0.81831664,0.99717027,0.3552064
3,0,2,0.975244,0.9971808,0.40215245
3,0,2,0.82882017,0.99750805,0.4904468
3,0,1,0.7573535,0.9981421,0.37232688
3,0,2,0.83793443,0.76072645,0.36813182
3,0,1,0.75045246,0.89078116,0.41321322
3,0,2,0.98602575,0.79890645,0.35664234
3,0,1,0.7553619,0.85460675,0.4972459
3,0,2,0.8831589,0.7639795,0.5142199
3,0,2,0.8932514,0.79159755,0.46573332
3,0,2,0.85210276,0.9979942,0.45076796
3,0,1,0.6098044,0.9980071,0.4052335
3,0,2,0.5767581,0.6854776,0.49590266
3,0,2,0.8814736,0.99863714,0.5126034
3,0,2,0.878367,0.9949799,0.48498645
3,0,1,0.7565011,0.99644274,0.4242315
3,0,2,0.8090439,0.99797493,0.5131259
3,0,1,0.77877647,0.8897313,0.45484963
2,0,1,0.5052786,0.8004815,0.4398276
3,0,1,0.7570097,0.80652815,0.43693078
3,0,2,0.8785283,0.7826456,0.4408479
3,0,0,0.7848614,0.99770904,0.41217363
3,0,1,0.7636596,0.9982496,0.5356383
3,0,2,0.8684396,0.8218891,0.5405799
3,0,0,0.96807486,0.9932098,0.3808529
3,0,2,0.98924214,0.99388367,0.37152708
2,0,2,0.4920686,0.9978483,0.49146232
3,0,2,0.7833943,0.76620483,0.4451758
3,0,2,0.74936265,0.9969048,0.3460193
3,0,1,0.58579594,0.75730807,0.44372195
3,0,2,0.5759283,0.9957113,0.4193016
3,0,1,0.80043644,0.7472389,0.3878717
3,0,2,0.8421802,0.80463046,0.41347912
3,0,2,0.96904075,0.75784266,0.42614037
3,0,2,0.9878856,0.99629056,0.35840982
3,0,2,0.71469307,0.877461,0.37788635
3,0,2,0.98269135,0.99792373,0.43292108
3,0,2,0.8232318,0.9975103,0.59322083
3,0,2,0.64633244,0.9941063,0.4621413
3,0,2,0.8736527,0.9965636,0.5478504
3,0,1,0.9846854,0.7916832,0.3888349
3,0,2,0.8901612,0.75203866,0.5338429
3,0,1,0.59000206,0.70888937,0.49097928
3,0,2,0.8978524,0.99789965,0.4949928
3,0,2,0.9702417,0.6937638,0.3960486
3,0,0,0.8104668,0.7784144,0.4600113
3,0,0,0.8868724,0.8134551,0.38231456
3,0,2,0.878059,0.9978313,0.4438354
3,0,2,0.7576329,0.9977835,0.35855925
3,0,1,0.9693787,0.9982487,0.3903015
3,0,2,0.51430976,0.8141643,0.4306083
3,0,2,0.8203559,0.99727434,0.44878602
3,0,0,0.9863049,0.7651488,0.5082638
3,0,2,0.81777865,0.7183412,0.39498615
3,0,2,0.82377034,0.99705756,0.3501556
3,0,2,0.7934746,0.9974995,0.47585186
3,0,2,0.7893844,0.8126251,0.4040068
3,0,2,0.7894959,0.72031957,0.4667814
3,0,2,0.98491526,0.78980076,0.45773095
3,0,2,0.8313123,0.61624587,0.4578676
3,0,0,0.9669953,0.99664587,0.4430791
3,0,2,0.96146464,0.6054875,0.36282706
3,0,2,0.7351246,0.7898562,0.44482115
3,0,1,0.7617709,0.81352204,0.39886844
3,0,0,0.9836679,0.7634869,0.36355308
3,0,1,0.84724873,0.9971317,0.36640137
3,0,1,0.76465535,0.9970318,0.42590043
3,0,0,0.76399773,0.9980332,0.36966777
3,0,1,0.81850874,0.7044182,0.37135816
3,0,2,0.8470597,0.99738175,0.44090787
3,0,2,0.6086612,0.71753234,0.42742255
3,0,2,0.87239933,0.919622,0.4303432
3,0,1,0.75809157,0.7338899,0.36792552
3,0,2,0.9868085,0.99729854,0.38266537
3,0,2,0.8111179,0.72387034,0.38507304
3,0,1,0.787559,0.9979062,0.4330484
3,0,1,0.67657644,0.99812406,0.35477185
3,0,1,0.66679907,0.83519906,0.45786735
3,0,1,0.7647918,0.9984296,0.42268324
3,0,0,0.8994661,0.9983254,0.4234539
3,0,2,0.85815835,0.9972567,0.38241193
3,0,2,0.7514725,0.7591802,0.35936573
3,0,2,0.7543846,0.9983854,0.4754202
2,0,2,0.5651935,0.66562265,0.58749354
3,0,2,0.851999,0.99821186,0.40123326
3,0,0,0.98878866,0.99614906,0.4328353
3,0,0,0.8541015,0.99809617,0.37928456
3,0,2,0.6567247,0.67782587,0.4891193
3,0,2,0.81104726,0.9989103,0.37866828
3,0,0,0.9828498,0.99626946,0.3757299
3,0,2,0.8229492,0.9976076,0.48892292
3,0,0,0.823456,0.77328265,0.3841429
3,0,1,0.7693383,0.80680645,0.5537957
3,0,0,0.84696746,0.9964252,0.40286526
3,0,0,0.95141953,0.99737537,0.4110886
3,0,1,0.83781964,0.99804914,0.36538464
3,0,2,0.98183537,0.9969212,0.36132327
3,0,1,0.869007,0.9951514,0.37259722
3,0,1,0.5808779,0.9984641,0.43486682
3,0,1,0.7621539,0.84611255,0.40143794
3,0,2,0.63135034,0.6609558,0.5787039
3,0,1,0.75885785,0.9980894,0.42815894
3,0,0,0.9724789,0.99823135,0.3441743
3,0,2,0.83014345,0.9983059,0.4020812
3,0,0,0.831415,0.7589539,0.41706082
3,0,2,0.8702182,0.99721646,0.40002197
3,0,2,0.8713773,0.70315754,0.40071982
3,0,2,0.7660507,0.69776577,0.4517044
3,0,2,0.84469044,0.69772315,0.38581115
3,0,0,0.8661328,0.77659106,0.42236763
3,0,0,0.75615263,0.72244906,0.36270884
3,0,2,0.97594255,0.99847287,0.3755631
3,0,0,0.96460176,0.9975114,0.40413007
3,0,2,0.83418417,0.78647697,0.49214947
3,0,2,0.8791768,0.79292077,0.3574425
3,0,2,0.8703238,0.9983936,0.42380676
3,0,0,0.92026234,0.9967865,0.4206965
3,0,0,0.8594351,0.77559656,0.3728798
3,0,2,0.57816446,0.99738556,0.47966704
3,0,2,0.7837587,0.99760216,0.43536142
2,0,1,0.5334415,0.9982665,0.5842518
3,0,2,0.85875666,0.7595424,0.46675947
3,0,2,0.8952228,0.7090986,0.55339056
3,0,2,0.80344427,0.99612206,0.374088
3,0,2,0.8635518,0.9966131,0.41083235
3,0,0,0.9523465,0.7959696,0.4563311
3,0,2,0.89524764,0.8524559,0.37863582
3,0,2,0.98260236,0.9970162,0.40365422
3,0,2,0.8667573,0.6709372,0.3747839
3,0,0,0.8634435,0.99734324,0.3661674
3,0,1,0.6172931,0.7581775,0.4751537
3,0,2,0.83701897,0.70846164,0.44435507
3,0,1,0.8633217,0.99845433,0.37697926
3,0,2,0.8043224,0.9943931,0.42705983
3,0,2,0.8700954,0.7581183,0.5072613
3,0,2,0.9677059,0.99638075,0.45542496
3,0,2,0.9723901,0.99691343,0.34832755
3,0,2,0.8431597,0.99752694,0.38195294
3,0,2,0.8381146,0.9986265,0.44028854
3,0,2,0.85430807,0.70483166,0.49818343
3,0,0,0.7872779,0.77710825,0.37812734
3,0,2,0.88353264,0.9987459,0.5253538
3,0,0,0.98569274,0.99812025,0.3880665
3,0,1,0.64549017,0.9959592,0.40738568
3,0,1,0.86588675,0.8525053,0.40710154
2,0,2,0.49404165,0.6622314,0.4626677
3,0,2,0.88945866,0.766528,0.5388884
3,0,2,0.96635526,0.7410594,0.4509406
3,0,1,0.55054027,0.75087327,0.46015483
3,0,1,0.7594796,0.7489958,0.39834028
3,0,1,0.57961655,0.99880624,0.47409824
3,0,2,0.86717683,0.998072,0.3917421
3,0,2,0.83541363,0.750052,0.3894027
3,0,1,0.8718986,0.99724424,0.3949397
3,0,2,0.88122815,0.7878755,0.5490869
3,0,2,0.57992256,0.9976793,0.525122
3,0,1,0.8235735,0.99876153,0.3911896
3,0,2,0.98280716,0.81927425,0.3532357
3,0,2,0.81434417,0.7322043,0.44152036
3,0,2,0.8277808,0.619096,0.4074366
3,0,0,0.88790834,0.791882,0.3950355
3,0,1,0.7298056,0.9962386,0.3654195
3,0,2,0.8855232,0.9981969,0.46964204
3,0,2,0.8669898,0.69463426,0.47134072
3,0,2,0.8090504,0.792573,0.3909498
3,0,1,0.60755473,0.798766,0.5061416
3,0,2,0.8397266,0.9975956,0.43168378
3,0,2,0.891838,0.69833475,0.43493664
3,0,2,0.97849756,0.9970463,0.3956936
3,0,2,0.8689655,0.9946585,0.4733965
3,0,0,0.76830405,0.8471801,0.36095962
3,0,0,0.9420783,0.9989109,0.41583356
3,0,0,0.9710485,0.77523005,0.39122456
3,0,2,0.9861618,0.70709276,0.41495445
3,0,2,0.8791768,0.99865496,0.46980768
3,0,2,0.8878557,0.6418298,0.51997423
3,0,2,0.8581712,0.9980398,0.43622896
3,0,0,0.86623085,0.69408584,0.3609741
3,0,0,0.80492014,0.7653047,0.35874814
3,0,0,0.76792145,0.9972402,0.34222832
3,0,1,0.88224596,0.9982645,0.38343513
3,0,2,0.66032183,0.7375414,0.40949318
3,0,2,0.72166103,0.99772006,0.4010041
3,0,2,0.8815423,0.65238243,0.46626332
3,0,1,0.7603596,0.99579793,0.43100974
3,0,2,0.88355404,0.8854403,0.44148722
3,0,2,0.6298303,0.99803346,0.48762336
3,0,1,0.784667,0.75600964,0.38561863
3,0,0,0.89005053,0.99900275,0.41379896
3,0,2,0.8577775,0.79854476,0.39475954
3,0,2,0.88501084,0.7607173,0.5118359
3,0,1,0.65116894,0.9986014,0.46631324
3,0,1,0.7674892,0.9966516,0.39417556
3,0,0,0.7147629,0.9985996,0.3696398
3,0,2,0.7665536,0.997866,0.42614448
3,1,2,0.89052874,0.53287596,0.49534196
2,0,2,0.5086429,0.6431179,0.4301826
3,0,2,0.8437037,0.66552895,0.46904254
3,0,1,0.6213874,0.9978467,0.45524043
3,0,2,0.7494941,0.71072084,0.37183797
3,0,2,0.83072776,0.69509155,0.42524526
3,0,1,0.58423567,0.9984079,0.47621495
3,0,2,0.85028607,0.9986308,0.3564827
3,0,2,0.94726753,0.78868216,0.3428551
3,0,2,0.9853623,0.7324455,0.46772206
3,0,0,0.68829453,0.7498443,0.42134634
3,0,0,0.8243775,0.87109995,0.39570528
3,0,1,0.83508706,0.9971405,0.40966058
3,0,2,0.85458446,0.996415,0.51311547
3,0,2,0.8562707,0.76669586,0.41031054
3,0,1,0.8361498,0.8606259,0.4257289
3,0,2,0.82147783,0.9968071,0.53895825
3,0,0,0.84252924,0.7218693,0.43076757
3,0,2,0.8299281,0.74926287,0.34801486
3,0,0,0.6562367,0.9951207,0.40190932
3,0,2,0.82224923,0.9985851,0.36330953
3,0,2,0.85091424,0.7307536,0.44188747
3,0,0,0.7624576,0.7654162,0.45037583
3,0,2,0.74412256,0.87221026,0.37753266
3,0,2,0.8439261,0.9969054,0.5193717
3,0,1,0.66349363,0.76739454,0.52202857
3,0,1,0.5640963,0.771912,0.44619763
3,0,2,0.81919193,0.99368626,0.3931487
3,0,2,0.9024262,0.7379922,0.40777022
3,0,2,0.95647085,0.74378216,0.5111868
3,0,1,0.7755659,0.86600596,0.45886406
3,0,2,0.9427593,0.6752836,0.37245244
3,0,0,0.9853217,0.99823296,0.41220933
3,0,2,0.84342474,0.99757475,0.52927274
3,0,2,0.7621644,0.8955266,0.36191186
3,0,2,0.84289235,0.8375316,0.40475377
3,0,2,0.75541353,0.99529344,0.3822265
3,0,0,0.940049,0.77558535,0.42046213
3,0,2,0.72910845,0.9973482,0.4233544
3,0,2,0.8554666,0.99297285,0.39055574
3,0,2,0.7405298,0.9975974,0.42211515
3,0,1,0.7928878,0.6977685,0.3599348
3,0,1,0.8359509,0.99426275,0.42317423
3,0,0,0.98438674,0.9979285,0.38195854
3,0,2,0.8149572,0.9982193,0.5840565
3,0,2,0.9887304,0.7632118,0.46095917
3,0,2,0.8608578,0.8056859,0.40616536
3,0,2,0.5898398,0.7024467,0.41585323
3,0,2,0.8383757,0.99756706,0.5151585
3,0,2,0.8478496,0.7069817,0.49323195
3,0,1,0.8297183,0.816158,0.41213435
3,0,2,0.84724873,0.9981439,0.3648387
3,0,2,0.8731539,0.6171388,0.3647899
3,0,2,0.8372298,0.9989427,0.46875578
3,0,2,0.85030824,0.70299745,0.49145153
3,0,2,0.855664,0.66666305,0.49544206
3,0,2,0.6915814,0.7820141,0.40170035
3,0,2,0.8395978,0.7574374,0.38552487
3,0,1,0.9773448,0.68332446,0.38551167
3,0,0,0.83129996,0.76770097,0.37527442
3,0,2,0.8760404,0.99672616,0.38987586
3,0,0,0.98678243,0.99792373,0.36138982
3,0,2,0.5711339,0.75699335,0.45470923
3,0,2,0.9497531,0.9962759,0.37722227
3,0,2,0.80185366,0.78351796,0.42793995
3,0,2,0.61242193,0.8075936,0.4669072
3,0,0,0.84618443,0.7830881,0.38074115
3,0,0,0.87296367,0.99819905,0.48252958
3,0,2,0.8245102,0.99688846,0.4351639
3,0,0,0.9851252,0.7244132,0.3570679
3,0,2,0.83810633,0.9977865,0.42613184
2,0,1,0.46978244,0.7544599,0.5183043
3,0,1,0.98133564,0.71312684,0.40550625
3,0,1,0.712331,0.7893098,0.37016714
3,0,0,0.8612943,0.9971609,0.36263365
3,0,2,0.82857233,0.82746506,0.39220884
3,0,2,0.8794517,0.9970247,0.46465454
3,0,1,0.7630971,0.83273435,0.42790872
3,0,2,0.879137,0.5313532,0.5293352
3,0,0,0.7632296,0.71807575,0.383948
3,0,2,0.6572446,0.66385114,0.42342755
3,0,0,0.85097194,0.76868623,0.3472754
3,0,0,0.8406283,0.80564773,0.36027732
3,0,2,0.98078316,0.7465006,0.4075268
3,0,2,0.851075,0.99710804,0.39649516
3,0,2,0.89849067,0.99784327,0.43967515
3,0,2,0.8669575,0.9980482,0.40498334
3,0,2,0.8894494,0.99877006,0.5155031
3,0,2,0.82581,0.71039563,0.568369
3,0,1,0.6089808,0.69103336,0.40969017
3,0,2,0.987258,0.99835277,0.40950826
3,0,1,0.84444094,0.9957171,0.49730226
3,0,1,0.8692712,0.63643146,0.45398638
3,0,2,0.9835834,0.9983431,0.48547375
3,0,1,0.7697621,0.848386,0.40627968
3,0,2,0.8498646,0.9986204,0.44900146
3,0,0,0.779322,0.9949667,0.36811033
3,0,2,0.64680755,0.71148133,0.41483867
3,0,2,0.7667611,0.9966499,0.40947104
3,0,2,0.57660615,0.99842,0.4619193
3,0,2,0.8571021,0.65362245,0.4128848
3,0,2,0.8834187,0.75500375,0.46143472
3,0,2,0.743318,0.8171548,0.3888735
3,0,2,0.86591315,0.9970855,0.41068104
3,0,2,0.8676071,0.7484155,0.3786889
3,0,0,0.9557318,0.99456984,0.33840197
3,0,0,0.82644767,0.75961673,0.3922416
3,0,2,0.86077875,0.9988036,0.62247616
3,0,1,0.75639963,0.73058736,0.43484634
3,0,0,0.8730944,0.99704546,0.5089934
3,0,1,0.7527959,0.6956454,0.44685754
3,0,0,0.851999,0.9954835,0.3851242
3,0,1,0.5790019,0.9975643,0.44221887
3,0,0,0.75320876,0.9433308,0.43770403
3,0,2,0.79040426,0.75247,0.41671857
3,0,2,0.74603593,0.99872357,0.4385082
3,0,2,0.6184306,0.6427864,0.54540604
3,0,2,0.87359303,0.9962658,0.50276905
3,0,2,0.77486503,0.9976024,0.41286176
3,0,2,0.48447135,0.6582261,0.5038546
3,0,1,0.86146635,0.99790937,0.3601449
3,0,2,0.8233688,0.6974371,0.49191016
3,0,0,0.8811575,0.8839665,0.39759797
3,0,1,0.76471233,0.9976942,0.37762675
3,0,2,0.86825603,0.9974335,0.39630452
3,0,0,0.8386138,0.6189007,0.43839964
3,0,2,0.79797274,0.995047,0.42374146
3,0,2,0.5838124,0.9967951,0.43898186
3,0,0,0.81568784,0.76759386,0.37697732
3,0,1,0.477492,0.787715,0.51303005
3,0,2,0.69238263,0.89693666,0.379983
3,0,2,0.66677225,0.77899194,0.38687944
3,0,2,0.6401645,0.99613225,0.40610456
3,0,2,0.6654651,0.76875067,0.41158688
3,0,0,0.98575866,0.99765223,0.39242518
3,0,2,0.8687417,0.99758387,0.5780888
3,0,2,0.8228553,0.99445665,0.56955
3,0,0,0.9863738,0.75043845,0.44542447
3,0,2,0.84388775,0.9957015,0.44226646
3,0,2,0.8409956,0.9949987,0.39639187
2,0,1,0.53432924,0.83032495,0.35911962
3,0,2,0.8728538,0.9978517,0.46220338
3,0,2,0.8562707,0.7574592,0.38134542
3,0,2,0.842838,0.6911677,0.46854445
3,0,2,0.8238639,0.9971052,0.38000938
3,0,1,0.7550706,0.77780145,0.4517054
3,0,1,0.8477025,0.99841416,0.37737164
3,0,2,0.87652737,0.9973578,0.5083244
3,0,1,0.76917374,0.8837188,0.40345585
3,0,2,0.8613335,0.6069838,0.5177793
3,0,2,0.9534411,0.994935,0.493178
3,0,2,0.6321711,0.73212767,0.4731777
3,0,0,0.8509843,0.99633384,0.4364642
3,0,2,0.9514692,0.67459315,0.39990488
3,0,2,0.9856652,0.8063651,0.42913574
3,0,2,0.65220225,0.7142833,0.5040786
3,0,0,0.7584672,0.9951649,0.33774844
3,0,0,0.9859049,0.7337305,0.3831862
3,0,2,0.82529104,0.7520009,0.5226027
3,0,2,0.6275789,0.9960794,0.4365993
3,0,2,0.86766773,0.9983993,0.5231101
3,0,2,0.8685084,0.996953,0.5201431
3,0,2,0.54393727,0.7655516,0.43648446
3,0,0,0.82570064,0.7848719,0.3904997
3,0,2,0.8125461,0.9962604,0.3704995
3,0,2,0.8578861,0.8428139,0.3826918
3,0,2,0.98964685,0.69321495,0.40957716
3,0,1,0.7449378,0.9077316,0.5015874
3,0,1,0.7507464,0.9968953,0.4172488
3,0,2,0.7583873,0.6588744,0.3652346
3,0,2,0.880772,0.99832433,0.5208817
3,0,1,0.8471691,0.9055133,0.4149601
3,0,0,0.8563417,0.69719857,0.46875432
3,0,2,0.59051824,0.9962962,0.53714806
3,0,2,0.84089524,0.99852175,0.36192915
3,0,2,0.8373561,0.702103,0.49646458
3,0,2,0.83870983,0.6604505,0.37220782
3,0,2,0.98597175,0.9985159,0.39537066
3,0,2,0.968659,0.99877316,0.3621786
3,0,2,0.63157606,0.753036,0.54616714
3,0,0,0.9854506,0.9981414,0.378426
3,0,2,0.61393017,0.99648285,0.47513106
3,0,2,0.77990854,0.70486164,0.4690725
3,0,2,0.81359816,0.7337488,0.47082382
3,0,2,0.9698103,0.8602059,0.4960602
3,0,2,0.86581177,0.9977323,0.4518616
3,0,2,0.8604638,0.7889441,0.40877265
3,0,1,0.87519604,0.60997754,0.4309773
3,0,1,0.8404794,0.8265778,0.3854707
3,0,1,0.8256933,0.9969472,0.37306234
3,0,2,0.8513279,0.70912474,0.42987177
3,0,2,0.66978365,0.68878305,0.4581876
3,0,0,0.987644,0.998548,0.38848898
3,0,1,0.75068015,0.9984628,0.46967697
3,0,2,0.6059473,0.99593925,0.45378914
3,0,1,0.8602528,0.9065581,0.48223096
3,0,2,0.8413588,0.99423814,0.37484735
3,0,1,0.8406283,0.99700624,0.38916683
3,0,2,0.76043653,0.8135524,0.507218
3,0,2,0.8839954,0.73052603,0.4705253
3,0,2,0.63334596,0.99673104,0.4663093
3,0,2,0.8412997,0.99896395,0.44327444
3,0,2,0.81897396,0.9969394,0.44844794
3,0,2,0.974157,0.99700874,0.43220022
3,0,1,0.96356773,0.8124585,0.39508137
3,0,1,0.9866435,0.99728525,0.3348808
3,0,0,0.71794605,0.7617228,0.40137014
3,0,0,0.85657907,0.9977869,0.38525558
3,0,2,0.7086487,0.6545571,0.48341614
3,0,2,0.9860027,0.7464466,0.39964837
3,0,2,0.8628718,0.7871859,0.39787272
3,0,2,0.83888197,0.997274,0.41758132
3,0,2,0.9809528,0.9971522,0.41052276
3,0,2,0.88467556,0.90932995,0.47488946
3,0,2,0.9864202,0.7842153,0.4282641
3,0,2,0.58439255,0.9975,0.5286464
3,0,2,0.83233804,0.74414474,0.42537406
3,0,1,0.8450403,0.8637735,0.4465818
3,0,0,0.6829308,0.81588197,0.42468125
3,0,1,0.584812,0.78995353,0.392133
3,0,2,0.8108629,0.7711804,0.38795212
3,0,2,0.7867807,0.9968252,0.41984883
3,0,0,0.5370054,0.60352474,0.3958386
3,0,2,0.72878134,0.9976922,0.4061417
3,0,0,0.9566083,0.99835074,0.3782169
3,0,1,0.6140605,0.9975055,0.47794187
3,0,0,0.6733558,0.81934124,0.36502013
3,0,2,0.8098024,0.99536777,0.36052006
3,0,1,0.7855063,0.74154025,0.40265608
3,0,0,0.85536855,0.99837327,0.39614016
3,0,0,0.6248508,0.8366961,0.35166746
3,0,0,0.8202804,0.99614775,0.3985065
3,0,2,0.8544789,0.9981431,0.4718642
3,0,0,0.98397887,0.69420874,0.46225968
3,0,1,0.78058183,0.89083886,0.45098957
3,0,0,0.8697362,0.6816876,0.38135964
3,0,1,0.83304805,0.8657789,0.41413534
3,0,1,0.7631338,0.99120414,0.38811493
3,0,2,0.7084769,0.7470789,0.42204118
3,0,1,0.6150766,0.99724776,0.507076
3,0,2,0.8806979,0.9988249,0.50886214
3,0,2,0.9853479,0.80094564,0.3507074
3,0,2,0.7843359,0.7069779,0.47317526
3,0,1,0.8362698,0.9954476,0.44550207
3,0,1,0.79642665,0.9985808,0.4393906
3,0,2,0.7266942,0.6603494,0.5296983
3,0,2,0.8023976,0.99831665,0.46688625
3,0,2,0.73479927,0.6855771,0.44886133
3,0,1,0.8360139,0.89385355,0.47407755
3,0,2,0.8467314,0.9959914,0.37230676
3,0,1,0.7723052,0.9986766,0.40670788
3,0,2,0.75291955,0.77311087,0.44030282
3,0,0,0.96640277,0.80639255,0.38346943
3,0,1,0.73984224,0.9956714,0.36441723
3,0,2,0.82791656,0.65736353,0.51867664
3,0,2,0.7003039,0.9973459,0.5568331
3,0,2,0.8717892,0.9982338,0.5434662
3,0,2,0.95465195,0.99774975,0.39510944
3,0,0,0.85995513,0.7569643,0.47637266
3,0,2,0.8875498,0.99817574,0.44380108
3,0,2,0.9857736,0.7428487,0.49699843
3,0,0,0.6452836,0.9971937,0.39063066
3,0,2,0.86607033,0.997926,0.38703686
3,0,1,0.66752964,0.99800724,0.45670667
3,0,1,0.63221157,0.99845684,0.48774743
3,0,2,0.78183573,0.8200771,0.50878
3,0,2,0.8528537,0.7090598,0.45780897
3,0,2,0.84654534,0.7302161,0.42865616
3,0,2,0.6306458,0.726479,0.4370325
3,0,1,0.8704593,0.84751976,0.4390486
3,0,1,0.82755965,0.9978179,0.40183377
3,0,2,0.88956934,0.99846977,0.3593609
3,0,1,0.67284536,0.7938432,0.4341463
3,0,2,0.842219,0.727699,0.38669562
3,0,0,0.76097536,0.875964,0.37240264
3,0,2,0.87769216,0.8800272,0.442844
3,0,2,0.9022766,0.99872094,0.4573823
3,0,1,0.6406297,0.9978109,0.4327778
3,0,2,0.8169832,0.99711096,0.39820573
3,0,2,0.88364846,0.6252968,0.36810884
3,0,2,0.98405695,0.74332035,0.3980414
3,0,0,0.85316056,0.99730515,0.39511645
3,0,2,0.9926508,0.65153974,0.7245787
3,0,2,0.87201,0.99742043,0.41773123
3,0,1,0.8342831,0.99785715,0.39000052
3,0,2,0.66343087,0.7605875,0.47327676
3,0,1,0.84477824,0.83276296,0.39738694
3,0,2,0.86578256,0.99838173,0.5313505
3,0,2,0.8755505,0.99881566,0.43586773
3,0,2,0.8967872,0.6802172,0.4566142
3,0,0,0.98401874,0.9979527,0.43446726
0,0,1,0.50745636,0.8336285,0.39061964
3,0,1,0.9858893,0.99593854,0.3596519
3,0,2,0.88616306,0.99710876,0.44265786
3,0,1,0.75986564,0.9328692,0.46428713
3,0,2,0.7917162,0.997715,0.38753003
3,0,2,0.9768067,0.9962675,0.40699634
3,0,2,0.6914631,0.72599727,0.4659631
3,0,1,0.4925889,0.78588176,0.41212943
3,0,1,0.6414429,0.75518256,0.47334003
3,0,0,0.7741606,0.99835,0.39815181
3,0,1,0.8693759,0.99789965,0.37880987
3,0,1,0.7937046,0.7196897,0.351493
3,0,1,0.84527194,0.8644786,0.37579864
3,0,2,0.8253171,0.996723,0.51832217
3,0,0,0.8609016,0.9963798,0.4343936
3,0,2,0.97086495,0.7323265,0.38249427
3,0,2,0.7618988,0.80278707,0.43078998
3,0,2,0.8360485,0.69956076,0.46004674
3,0,2,0.58062345,0.7178579,0.5379193
3,0,1,0.7843185,0.8024545,0.44860935
3,0,2,0.88614213,0.7391548,0.46777436
3,0,2,0.5644289,0.6607939,0.43965027
3,0,1,0.8241739,0.6822072,0.42941618
3,0,0,0.5012459,0.7510327,0.3439899
3,0,0,0.6491087,0.9964232,0.34411356
3,0,0,0.7491592,0.6827556,0.36630246
3,0,1,0.7305656,0.9981895,0.39923692
3,0,1,0.82003653,0.87908906,0.44400525
3,0,2,0.98575866,0.7113487,0.4273148
3,0,2,0.60251313,0.9979972,0.45790198
3,0,2,0.8531964,0.85728145,0.38475427
3,0,1,0.9670291,0.99733764,0.38632876
3,0,2,0.7872621,0.788501,0.41414425
3,0,1,0.7347843,0.9982498,0.44315642
3,0,2,0.8682227,0.78985935,0.42331704
3,0,1,0.63315254,0.9972805,0.42985168
3,0,1,0.7522713,0.9964796,0.38815132
3,0,2,0.84239,0.9980307,0.43445286
3,0,1,0.60105264,0.8736712,0.37812153
3,0,1,0.9854944,0.9977581,0.36549237
3,0,2,0.85163665,0.99775416,0.40657014
3,0,2,0.7830024,0.99512804,0.44404548
3,0,2,0.9850344,0.8151495,0.36626247
3,0,1,0.7379292,0.99832886,0.3572753
3,0,2,0.987462,0.68111485,0.47022605
3,0,1,0.8649456,0.7997977,0.35834098
3,0,2,0.82456005,0.99840647,0.41265526
3,0,2,0.72910845,0.8072898,0.3933637
3,0,2,0.87685394,0.99888104,0.39257067
2,0,1,0.507344,0.7812741,0.482509
3,0,1,0.824802,0.99871004,0.5247066
3,0,0,0.7576329,0.9986191,0.3772217
3,0,0,0.9509565,0.9956489,0.4512078
3,0,2,0.84845924,0.99692637,0.36852965
3,0,2,0.98125976,0.70900655,0.3644006
3,0,2,0.7604501,0.9982187,0.48305064
3,0,2,0.7072968,0.9973616,0.4681541
3,0,0,0.939181,0.99543685,0.4202514
3,0,0,0.97425544,0.9974438,0.4617249
3,0,1,0.7585855,0.8439391,0.40046334
3,0,2,0.7479738,0.7655483,0.45714056
3,0,2,0.8198172,0.99824524,0.3657129
3,0,0,0.66645867,0.73591924,0.34148693
3,0,2,0.9855332,0.78839755,0.35295203
3,0,0,0.6163593,0.7817264,0.42342636
3,0,1,0.59232754,0.7709718,0.48371395
3,0,2,0.6949439,0.99471855,0.36456323
3,0,0,0.8470865,0.7853709,0.36057615
3,0,2,0.63810885,0.7079029,0.46267772
3,0,2,0.64337724,0.99625057,0.40236115
3,0,2,0.6432022,0.99554586,0.40281343
3,0,2,0.8295973,0.99660695,0.44822428
3,0,2,0.57761216,0.7414181,0.4765913
3,0,0,0.9469753,0.7828825,0.35262468
3,0,2,0.61118454,0.7681106,0.4764514
3,0,2,0.98149765,0.9968354,0.52692556
3,0,2,0.86277646,0.99763775,0.4493839
3,0,2,0.86662084,0.99832875,0.48503795
3,0,0,0.94936305,0.78279316,0.38542458
3,0,2,0.81572795,0.7725307,0.4014792
3,0,2,0.66824555,0.9981477,0.5572487
3,0,1,0.8547828,0.9979704,0.3810369
3,0,2,0.80366075,0.7168616,0.4863465
3,0,2,0.8591107,0.9933328,0.44584644
3,0,2,0.9862475,0.8222285,0.3968164
3,0,0,0.8429939,0.6309563,0.3980677
3,0,0,0.82875866,0.99814,0.42233306
3,0,2,0.9665037,0.9984309,0.38936606
3,0,2,0.8386987,0.9976749,0.3592491
3,0,2,0.751431,0.86118144,0.3979032
3,0,0,0.98567444,0.9972154,0.3938822
3,0,0,0.79104334,0.9983321,0.36773598
3,0,0,0.7574856,0.9958689,0.35909972
3,0,2,0.8617434,0.7361009,0.44581914
3,0,2,0.75148743,0.99734914,0.40507725
3,0,2,0.88498926,0.72553086,0.48299995
3,0,2,0.9724034,0.77201396,0.4709777
3,0,0,0.7754114,0.994935,0.3513224
3,0,2,0.59055495,0.9979482,0.48427182
3,0,2,0.55151314,0.6775536,0.36028442
3,0,2,0.7722899,0.746787,0.3993834
3,0,1,0.974157,0.7719674,0.3485726
3,0,2,0.98593223,0.771944,0.3959154
3,0,1,0.8219032,0.998541,0.53140223
3,0,2,0.751431,0.99859494,0.38950035
3,0,2,0.9462574,0.9975036,0.3595123
3,0,2,0.8894494,0.9985233,0.50380784
3,0,2,0.6834859,0.8193252,0.3993098
3,0,2,0.89385027,0.99877745,0.39721346
3,0,0,0.83646536,0.6893228,0.39801908
3,0,0,0.7947095,0.9957837,0.3413488
3,0,0,0.82327724,0.9977234,0.48856413
3,0,2,0.63063455,0.76857144,0.40453416
3,0,1,0.9823406,0.75581396,0.3613644
3,0,2,0.86502725,0.8305841,0.4176675
3,0,2,0.49802017,0.75115824,0.4443307
3,0,2,0.88089824,0.9992053,0.5587624
3,0,0,0.9854673,0.79233646,0.39711285
3,0,0,0.848285,0.99675024,0.4295402
3,0,1,0.83491975,0.9959335,0.37662753
3,0,2,0.9877549,0.9935468,0.44263855
3,0,2,0.88664323,0.9968411,0.4657841
3,0,0,0.9539415,0.9982974,0.48612183
3,0,2,0.85636085,0.6852505,0.43419287
3,0,2,0.653567,0.65072584,0.41068608
3,0,1,0.85995823,0.9985353,0.5491742
3,0,1,0.83449954,0.9986896,0.3821538
3,0,1,0.5081678,0.77751577,0.51630485
3,0,2,0.7974971,0.9934164,0.45863196
3,0,2,0.86786586,0.84604234,0.37927538
3,0,2,0.71420485,0.99840707,0.41488025
3,0,1,0.7544629,0.9451645,0.36929372
3,0,0,0.8182395,0.7978232,0.4768694
3,0,1,0.7647532,0.99437463,0.46268633
3,0,2,0.83207333,0.9978048,0.38555104
3,0,0,0.97733533,0.9981173,0.4028139
3,0,0,0.9509565,0.99600714,0.4265064
3,0,2,0.904216,0.77993214,0.42105237
3,0,2,0.83667916,0.99669063,0.45061693
3,0,2,0.7575734,0.72309333,0.459298
3,0,1,0.8798464,0.99853504,0.4468701
3,0,2,0.964575,0.9987274,0.41698632
3,0,2,0.5525835,0.65454423,0.49395782
3,0,2,0.85948366,0.56830484,0.5890119
3,0,2,0.8106962,0.998531,0.42665225
3,0,0,0.98178756,0.80705297,0.39433149
3,0,2,0.69478685,0.99777514,0.46269742
3,0,1,0.75494313,0.9921976,0.39993584
3,0,1,0.8686029,0.9984384,0.36095056
3,0,2,0.9880255,0.9971342,0.37433708
3,0,0,0.9812096,0.66902995,0.3875338
3,0,2,0.76115096,0.7966049,0.5977121
3,0,1,0.5945146,0.65340436,0.47632283
3,0,1,0.871182,0.9967398,0.3722707
3,0,2,0.9861152,0.9965655,0.375904
3,0,2,0.8927127,0.9987134,0.4990177
3,0,1,0.9170298,0.9967796,0.4164423
3,0,2,0.65815073,0.9959552,0.47589198
3,0,2,0.6354984,0.6900823,0.43046996
3,0,1,0.87647235,0.99732614,0.37752065
3,0,2,0.71386385,0.6799824,0.48844278
3,0,2,0.8879545,0.7965877,0.5218166
3,0,2,0.7701113,0.99730396,0.42725915
3,0,2,0.7454668,0.76523054,0.3645762
3,0,1,0.8721121,0.9972167,0.40080607
3,0,2,0.7321066,0.8187329,0.36347938
3,0,1,0.7258854,0.9959204,0.41814357
3,0,2,0.98644143,0.99675745,0.37314817
3,0,2,0.8228342,0.9963781,0.44718426
3,0,2,0.78183436,0.80203825,0.35126692
3,0,2,0.8330143,0.72405434,0.387358
3,0,2,0.97367245,0.79934835,0.40701628
3,0,0,0.86712587,0.9981741,0.35312924
3,0,0,0.8615642,0.9960064,0.3609653
3,0,2,0.7340839,0.994892,0.41366115
3,0,2,0.8654859,0.9949254,0.37775782
3,0,2,0.87745917,0.7841393,0.42617574
3,0,0,0.9865311,0.99691063,0.39426875
3,0,1,0.8693817,0.8755785,0.35031623
3,0,0,0.93879485,0.9966893,0.40146908
3,0,2,0.84891516,0.99623716,0.44912025
3,0,0,0.8537791,0.7081589,0.41968068
3,0,0,0.9049953,0.9964845,0.4342144
3,0,2,0.7308177,0.65823305,0.48649415
3,0,2,0.82890654,0.9950582,0.42914343
3,0,2,0.73614234,0.9981908,0.40054578
3,0,2,0.5999986,0.9982072,0.4001572
3,0,2,0.88331413,0.7116721,0.50355405
3,0,1,0.75918216,0.79614604,0.44632486
3,0,1,0.729755,0.9970963,0.36070687
3,0,1,0.7856288,0.843277,0.49960384
3,0,2,0.8130774,0.99834573,0.5171718
3,0,2,0.80146885,0.997081,0.53037244
3,0,0,0.8367605,0.9950364,0.4480006
3,0,2,0.95727026,0.9963251,0.37399146
3,0,0,0.825871,0.9958878,0.50224346
3,0,2,0.8584097,0.7587941,0.43076852
3,0,1,0.5810684,0.9965682,0.43866995
3,0,2,0.8661058,0.99738425,0.49396008
3,0,2,0.7513016,0.83399343,0.45916256
3,0,0,0.9733714,0.99824405,0.46631798
3,0,1,0.83765066,0.99725455,0.48042616
3,0,0,0.5990061,0.9977615,0.41818243
3,0,1,0.75116366,0.84255344,0.40214023
3,0,2,0.9382253,0.9971245,0.37170386
3,0,1,0.5760133,0.693895,0.44612566
3,0,1,0.63603395,0.998035,0.43413022
3,0,2,0.85350335,0.7874568,0.395921
3,0,1,0.48981044,0.73308504,0.36784437
3,0,0,0.78476286,0.99760807,0.3391871
3,0,0,0.74357516,0.99536175,0.34149763
3,0,2,0.8535064,0.99809986,0.3661521
3,0,1,0.5859004,0.99422616,0.45999536
3,0,2,0.98663586,0.7330306,0.44454092
3,0,2,0.9857135,0.7721726,0.3728412
3,0,1,0.8176882,0.8411638,0.4272874
3,0,0,0.9534411,0.72946537,0.3764023
3,0,0,0.87485486,0.99867237,0.38379747
3,0,1,0.75541353,0.7963161,0.3646806
3,0,2,0.68795097,0.9974153,0.36216033
3,0,2,0.82936203,0.79966915,0.4822309
3,0,2,0.89272535,0.99830186,0.50609267
3,0,2,0.86371464,0.9988938,0.41366687
3,0,1,0.62146705,0.7131913,0.4743829
3,0,2,0.8915872,0.6463317,0.38583618
3,0,1,0.610389,0.78095937,0.3512929
3,0,1,0.6060239,0.75793785,0.58832884
3,0,0,0.98594284,0.9952615,0.3753916
3,0,2,0.96593285,0.9976427,0.37549868
3,0,2,0.63428986,0.9983902,0.40503946
3,0,2,0.88044083,0.88950324,0.5063184
3,0,1,0.7546801,0.80946076,0.46276343
3,0,1,0.96174896,0.70299494,0.3441093
3,0,2,0.8151907,0.9965011,0.45287916
3,0,2,0.58004606,0.6747972,0.48656026
3,0,2,0.83771294,0.9955189,0.49720287
3,0,1,0.76669073,0.9956821,0.46630153
3,0,0,0.7748348,0.99581534,0.39765206
3,0,2,0.799863,0.99740535,0.38676262
3,0,2,0.88972336,0.9972283,0.53125346
3,0,2,0.96318483,0.998135,0.49893275
3,0,2,0.8167657,0.9976463,0.45382693
3,0,1,0.744008,0.8818488,0.40085313
3,0,2,0.6493978,0.78098404,0.3501153
3,0,2,0.9791565,0.9985636,0.40935776
3,0,2,0.98545235,0.7648711,0.3570192
3,0,0,0.98288786,0.99521047,0.44551897
3,0,2,0.82658005,0.6853285,0.47525746
3,0,2,0.86509675,0.99852645,0.46987885
3,0,0,0.98364,0.7547357,0.42868775
3,0,1,0.75986564,0.94161767,0.5260046
3,0,2,0.7161742,0.9985904,0.5277393
3,0,2,0.51850325,0.6801748,0.42508483
3,0,2,0.72942424,0.7783343,0.46983522
3,0,1,0.76824135,0.99814963,0.55184305
3,0,2,0.9851716,0.75523764,0.45668587
3,0,2,0.8417769,0.9967685,0.48944113
3,0,1,0.7621644,0.90536666,0.55013335
3,0,0,0.69934696,0.8059454,0.37749568
3,0,1,0.7477522,0.8736672,0.35270387
3,0,2,0.62920165,0.9982482,0.3666783
3,0,2,0.84409386,0.6473683,0.4654949
3,0,0,0.97006804,0.8297812,0.3644972
3,0,2,0.6053935,0.99604356,0.49214688
2,0,2,0.53224987,0.67665166,0.5426734
3,0,1,0.87514764,0.6633739,0.4133836
3,0,2,0.96494305,0.9982009,0.3585279
3,0,2,0.7527652,0.9957158,0.36396012
3,0,2,0.8745554,0.81202775,0.43181387
3,0,0,0.71043086,0.99864036,0.36582553
3,0,0,0.8808736,0.9973678,0.38778278
3,0,0,0.7622017,0.7518477,0.3930673
3,0,2,0.80284053,0.75980973,0.5575153
3,0,2,0.8269725,0.7240701,0.35577112
3,0,2,0.86722654,0.7644819,0.34594333
3,0,2,0.8846851,0.9989567,0.580904
3,0,0,0.75775474,0.87247145,0.37547433
3,0,2,0.87880033,0.99816656,0.45514914
3,0,2,0.8657554,0.79356426,0.6011616
3,0,2,0.8745872,0.5788158,0.4620139
3,0,0,0.80515516,0.79976004,0.40761924
3,0,2,0.88439465,0.9940519,0.570453
3,0,0,0.98493886,0.9981462,0.3993684
3,0,2,0.8271292,0.9982779,0.4791115
3,0,0,0.9699645,0.73049384,0.4530523
3,0,2,0.61055106,0.99687386,0.42857623
3,0,1,0.7487755,0.76914734,0.42416048
3,0,1,0.8236564,0.99800414,0.39588222
3,0,2,0.77641404,0.99865496,0.41117814
3,0,2,0.953024,0.99844235,0.3858538
3,0,1,0.75792956,0.99702495,0.36372557
3,0,1,0.9816913,0.9976967,0.36005762
3,0,2,0.86746407,0.7730308,0.42385215
3,0,2,0.8203435,0.99748284,0.4276012
3,0,1,0.73226607,0.71778584,0.36066294
3,0,2,0.84430206,0.9986865,0.51556945
3,0,0,0.97282887,0.9976338,0.41976312
3,0,0,0.852215,0.99703,0.42719227
3,0,2,0.86077785,0.9986206,0.4354049
3,0,2,0.80481124,0.9979925,0.42091206
3,0,2,0.53607696,0.691624,0.5015267
3,0,1,0.75088775,0.76232684,0.39108098
3,0,2,0.8362367,0.99844307,0.42750508
3,0,2,0.87352854,0.6754412,0.38058603
3,0,0,0.9672086,0.9964611,0.3804185
3,0,2,0.85021,0.9958151,0.37357163
3,0,0,0.73296326,0.99676347,0.39504796
3,0,2,0.9848416,0.7956616,0.40398914
3,0,1,0.74968,0.9972914,0.3994843
3,0,2,0.8403036,0.6612071,0.4132667
3,0,2,0.85417134,0.99796283,0.4662157
3,0,1,0.77043134,0.99646324,0.4379724
3,0,2,0.86422914,0.7577859,0.37264538
3,0,2,0.75720274,0.9360162,0.3450346
3,0,2,0.85939133,0.99530363,0.45566928
3,0,2,0.87422276,0.9977055,0.47297665
3,0,1,0.7466287,0.99871945,0.44270757
3,0,0,0.97005916,0.76153314,0.40010262
3,0,2,0.75010127,0.99472684,0.44349328
3,0,0,0.9861669,0.70536333,0.3909839
3,0,0,0.9794956,0.7468081,0.36469206
3,0,2,0.886085,0.7097035,0.52349424
3,0,0,0.8700908,0.99566793,0.40817723
3,0,2,0.9575728,0.7426191,0.36548385
3,0,2,0.980616,0.68999076,0.3808055
3,0,1,0.7877479,0.78502285,0.390426
3,0,1,0.6899091,0.784593,0.4429309
3,0,0,0.97308457,0.74955136,0.3787574
3,0,0,0.98793155,0.8168705,0.356798
3,0,2,0.87904584,0.99820685,0.34573147
3,0,1,0.81612563,0.8756051,0.43082437
3,0,0,0.9655635,0.7929538,0.384266
3,0,2,0.82006294,0.7870608,0.43912324
3,0,1,0.8303025,0.79653794,0.39600423
3,0,1,0.8896743,0.69353825,0.46895856
3,0,0,0.98493886,0.9967662,0.39026245
3,0,2,0.98493886,0.72258043,0.4421155
3,0,2,0.8265283,0.7809481,0.3923813
3,0,0,0.98364,0.72611165,0.39729506
3,0,0,0.9690981,0.9929403,0.436481
3,0,1,0.6983753,0.8013923,0.46540627
3,0,0,0.8298759,0.709658,0.42283583
3,0,2,0.69395244,0.99780387,0.43547496
3,0,2,0.8854099,0.9969861,0.54918504
3,0,1,0.8713958,0.82137704,0.3891466
3,0,2,0.9492652,0.99840826,0.3784794
3,0,2,0.88004214,0.99804175,0.5539852
3,0,0,0.9809218,0.9957995,0.3693512
3,0,0,0.8680271,0.76220036,0.39701065
3,0,1,0.76720697,0.8889637,0.4740447
3,0,2,0.8811462,0.9974721,0.3757335
3,0,0,0.9281224,0.99699545,0.47156194
3,0,0,0.7359945,0.77193606,0.4494052
3,0,0,0.9534411,0.9958735,0.35611314
3,0,0,0.7650552,0.9966011,0.37834534
3,0,2,0.87883514,0.9958996,0.41219205
3,0,0,0.8232739,0.99507326,0.3786943
3,0,0,0.8057559,0.99832684,0.40032783
3,0,2,0.9842726,0.9985964,0.40218484
3,0,0,0.8370014,0.9988681,0.449945
3,0,2,0.5760786,0.99770087,0.4869365
3,0,1,0.9757598,0.998536,0.38921177
3,0,2,0.7510193,0.65775084,0.3723442
3,0,1,0.66118246,0.770223,0.36944535
3,0,2,0.81196165,0.8034232,0.38467607
3,0,2,0.87815046,0.7065516,0.48453394
3,0,1,0.65509236,0.99666,0.41832823
3,0,0,0.8773537,0.8052399,0.35857898
3,0,0,0.9409717,0.6868981,0.38409567
3,0,2,0.9824952,0.99819,0.4067495
3,0,2,0.64726686,0.71073824,0.4216609
3,0,1,0.75905657,0.86546993,0.38740224
3,0,1,0.8534049,0.79571784,0.35406253
3,0,1,0.56952226,0.7013053,0.47709566
3,0,0,0.8654805,0.757008,0.4370202
3,0,1,0.84163636,0.9966209,0.397491
3,0,2,0.8736672,0.77840763,0.57006615
3,0,0,0.9844642,0.998302,0.39022273
3,0,2,0.8748861,0.78421026,0.49050272
3,0,0,0.83464867,0.9975768,0.39712492
3,0,1,0.79253334,0.8394841,0.37092724
3,0,2,0.8166762,0.9979128,0.40652117
3,0,2,0.8323171,0.9966599,0.4260021
3,0,2,0.87869143,0.9967097,0.4144321
3,0,1,0.6625549,0.99722266,0.4329146
3,0,1,0.6404503,0.74334246,0.58750784
3,0,2,0.7527652,0.7005986,0.43098414
3,0,0,0.9863338,0.99836475,0.3656462
3,0,0,0.89659756,0.99908745,0.4073723
3,0,1,0.7340839,0.9975333,0.39697108
3,0,2,0.8588141,0.77187645,0.40354142
3,0,1,0.77964836,0.9967854,0.37205175
3,0,2,0.85034287,0.874122,0.4256621
3,0,2,0.7842688,0.7160644,0.46964568
3,0,2,0.7783488,0.8805692,0.5174346
3,0,1,0.48191705,0.82276577,0.5615082
3,0,1,0.5812744,0.7962486,0.4297005
3,0,2,0.6497763,0.7074611,0.4673149
3,0,2,0.59146774,0.99682343,0.46241945
3,0,1,0.646982,0.73273194,0.4223268
3,0,1,0.82227653,0.86292076,0.40470645
3,0,2,0.867973,0.9914568,0.43676323
3,0,1,0.8487094,0.78051925,0.4271555
3,0,1,0.8079111,0.99821836,0.358365
3,0,2,0.86343545,0.9978807,0.3674169
3,0,2,0.79705715,0.995421,0.5046984
3,0,1,0.9438385,0.9980629,0.40888378
3,0,2,0.7697692,0.77396643,0.4291451
3,0,2,0.7507606,0.99786794,0.41714987
3,0,2,0.76968604,0.73629206,0.37313163
3,0,2,0.8639668,0.99400085,0.40607664
3,0,0,0.94673103,0.9982893,0.35614258
3,0,1,0.63354504,0.9985483,0.5631278
3,0,2,0.875601,0.786439,0.53187114
3,0,0,0.76276207,0.9985234,0.40216413
3,0,2,0.5664728,0.6198788,0.46836296
3,0,2,0.8575738,0.8374623,0.33941826
3,0,2,0.6236289,0.9978339,0.51195663
3,0,2,0.8991074,0.73939276,0.3660829
3,0,2,0.8687237,0.81561553,0.44801462
3,0,0,0.84159786,0.81178814,0.39379245
3,0,2,0.6685781,0.9132747,0.40940964
3,0,0,0.8780353,0.99899834,0.39986128
3,0,1,0.8696126,0.9981148,0.4226235
3,0,2,0.8716962,0.71450114,0.41846138
3,0,2,0.96798474,0.99582255,0.3610871
3,0,2,0.7608291,0.78536254,0.41359586
3,0,2,0.81619406,0.99830973,0.48270872
3,0,0,0.95772904,0.7686014,0.40484387
3,0,1,0.88820314,0.8970246,0.43636295
3,0,2,0.80603826,0.70821315,0.42012113
3,0,2,0.86371124,0.9973955,0.3524185
3,0,0,0.8615113,0.9979096,0.3831522
3,0,2,0.81114966,0.6814168,0.545293
3,0,2,0.80667984,0.99878114,0.62318224
3,0,2,0.7993157,0.71956635,0.37633654
3,0,2,0.8126155,0.7856107,0.39521375
3,0,2,0.8634683,0.9984666,0.37328258
3,0,1,0.76533717,0.9985189,0.47117075
3,0,1,0.8108431,0.9966461,0.3639925
3,0,2,0.78344816,0.7317673,0.40946764
3,0,1,0.7589324,0.9985738,0.4015553
3,0,0,0.80578965,0.99696004,0.40321308
3,0,0,0.8109693,0.99758565,0.37119886
3,0,2,0.78959703,0.99830854,0.48338628
3,0,1,0.76430535,0.8403295,0.4041265
3,0,2,0.8866214,0.68471986,0.4021578
3,0,2,0.8068756,0.9981761,0.5857746
3,0,2,0.7842072,0.99922466,0.44675925
3,0,2,0.62525535,0.77878094,0.35826626
3,0,0,0.8348757,0.8547596,0.3808679
3,0,0,0.6861782,0.9961604,0.3650106
3,0,1,0.8397366,0.83284384,0.40644878
3,0,1,0.49356598,0.70733076,0.48872086
3,0,2,0.77917796,0.9976031,0.3408414
3,0,2,0.7499419,0.9986344,0.38730735
3,0,1,0.95577407,0.7622927,0.3535738
3,0,0,0.85034287,0.78180563,0.40705475
3,0,2,0.6945557,0.6017521,0.6613764
3,0,2,0.82646984,0.800286,0.40759918
3,0,2,0.86223406,0.9959009,0.35574433
3,0,2,0.75364333,0.80390745,0.3756248
3,0,2,0.8635548,0.9920168,0.43733945
3,0,1,0.6310839,0.7418681,0.44110125
3,0,2,0.8189282,0.7267954,0.51301044
3,0,1,0.86786824,0.7683067,0.36030722
3,0,0,0.96657526,0.9978144,0.48584503
3,0,2,0.97005916,0.9957963,0.40536904
3,0,2,0.7665464,0.7083872,0.39104235
3,0,0,0.85124063,0.9938891,0.38429728
3,0,1,0.8466898,0.9973705,0.3791931
3,0,0,0.86675954,0.9927683,0.39272153
3,0,0,0.9700716,0.9974269,0.38958573
3,0,1,0.8508283,0.9983229,0.42079428
3,0,1,0.83228433,0.9975592,0.4253971
3,0,1,0.9845143,0.9974456,0.3522889
3,0,2,0.8662641,0.99626017,0.39505115
2,0,1,0.4629583,0.70870334,0.46167257
3,0,0,0.98161113,0.8142262,0.3457156
3,0,1,0.6229509,0.9972249,0.55417496
3,0,1,0.65636736,0.99613696,0.4475005
3,0,2,0.8207034,0.7693012,0.42222732
3,0,2,0.8940964,0.99734,0.427832
3,0,1,0.82314676,0.71624404,0.38174617
3,0,0,0.98632634,0.80145085,0.40064955
3,0,0,0.85743326,0.9976494,0.43488553
3,0,2,0.9849979,0.9984282,0.4461491
3,0,2,0.80119336,0.78158796,0.52640516
3,0,2,0.8451665,0.70945364,0.54054856
3,0,1,0.57027894,0.7737863,0.46236312
3,0,1,0.58860195,0.7913467,0.51429397
3,0,2,0.7622004,0.99880505,0.3653655
3,0,1,0.5605148,0.9972843,0.46684843
3,0,0,0.8647378,0.8732045,0.36110297
3,0,2,0.886701,0.9987596,0.5600356
2,0,2,0.536096,0.6367156,0.44761702
3,0,2,0.9735335,0.66942304,0.67965364
3,0,1,0.8704593,0.9984825,0.47065896
3,0,2,0.87233937,0.76487863,0.45524022
3,0,1,0.6006077,0.7191639,0.47155756
3,0,1,0.7719757,0.99570364,0.52124697
3,0,2,0.7505029,0.9974287,0.37927204
3,0,1,0.797601,0.7480351,0.37590954
3,0,2,0.8643296,0.7783619,0.37916446
3,0,2,0.8949523,0.7652461,0.5544768
3,0,2,0.88068056,0.62357914,0.41550422
3,0,0,0.8442895,0.99499583,0.33593616
3,0,0,0.8497893,0.9981761,0.38560072
3,0,2,0.7850301,0.7176051,0.37115827
3,0,2,0.8763338,0.7714397,0.39668113
3,0,2,0.74287134,0.7595296,0.38111144
3,0,2,0.87440145,0.8252273,0.3714456
3,0,0,0.9716229,0.9959636,0.39472848
3,0,2,0.8646549,0.724768,0.47082075
3,0,2,0.87511057,0.73922944,0.47454673
3,0,2,0.8614265,0.99522275,0.4384432
3,0,2,0.7500332,0.9977018,0.40652394
3,0,2,0.60108566,0.99620396,0.4332068
3,0,2,0.9856248,0.67928666,0.3948438
3,0,2,0.98308706,0.99638915,0.40627378
3,0,2,0.80816555,0.6208053,0.5325362
3,0,1,0.82225794,0.7713759,0.4238864
3,0,2,0.94925207,0.99851173,0.44657835
2,0,1,0.48062575,0.7540986,0.5277492
3,0,0,0.5962537,0.79687375,0.43357757
2,0,1,0.47998053,0.7367464,0.5090505
3,0,2,0.95631844,0.7334548,0.4410724
3,0,0,0.7007105,0.7091243,0.39660594
3,0,2,0.88543046,0.9973572,0.5116686
3,0,2,0.9708582,0.9976546,0.43883178
3,0,0,0.6514378,0.75105387,0.44730377
3,0,0,0.9891728,0.99835616,0.36858702
3,0,0,0.90433085,0.690739,0.47916886
3,0,1,0.6383196,0.996876,0.4637756
3,0,2,0.88705176,0.998613,0.5002058
3,0,0,0.79618204,0.9950181,0.41229245
3,0,2,0.776728,0.9974299,0.56493944
3,0,0,0.9790259,0.99715257,0.36639148
3,0,2,0.864904,0.9965412,0.39826757
3,0,2,0.85899734,0.86050224,0.33662623
3,0,2,0.97047305,0.7775496,0.350511
3,0,2,0.60713917,0.6615366,0.4061288
3,0,1,0.5946458,0.99570304,0.49963287
3,0,2,0.9807733,0.7359362,0.39466175
3,0,2,0.86686355,0.7628641,0.47294733
3,0,0,0.8367668,0.9953591,0.42898303
3,0,1,0.8535427,0.8839571,0.38697806
3,0,2,0.885347,0.7099725,0.4894937
3,0,2,0.56631577,0.9972256,0.46319935
3,0,2,0.8231036,0.7269384,0.47704548
3,0,2,0.88613844,0.99738735,0.47620142
3,0,0,0.96877456,0.99872524,0.43888265
3,0,0,0.8693817,0.8634801,0.422928
3,0,1,0.6301025,0.998302,0.5526496
3,0,0,0.75389624,0.9967527,0.34397408
3,0,0,0.9836848,0.9979627,0.3824291
3,0,2,0.9872634,0.7391401,0.38445467
3,0,2,0.8940996,0.7774279,0.5153057
3,0,2,0.7361918,0.60099036,0.47039327
3,0,2,0.83525467,0.6806583,0.44667622
3,0,0,0.6612403,0.9982749,0.37602985
3,0,2,0.6444988,0.7588583,0.44483808
3,0,0,0.8499235,0.9981944,0.3572854
3,0,2,0.8648416,0.7295873,0.44835103
3,0,1,0.76179075,0.9985202,0.43573263
3,0,2,0.7808957,0.997827,0.51743466
3,0,2,0.7693904,0.6602796,0.3801129
3,0,2,0.7148207,0.7342259,0.3804488
3,0,0,0.52405393,0.8401169,0.40201837
3,0,0,0.94744295,0.9980111,0.45758897
3,0,1,0.59404916,0.7100618,0.44612566
3,0,2,0.8721624,0.77048516,0.39578006
3,0,0,0.9396823,0.9989442,0.36247537
3,0,1,0.9847718,0.99732697,0.37992516
3,0,1,0.67809993,0.99764496,0.47008756
3,0,2,0.98692757,0.7958419,0.47097197
3,0,0,0.7625552,0.8598849,0.3953352
3,0,2,0.80499953,0.99785656,0.5279381
3,0,1,0.8385574,0.7866063,0.34038287
3,0,2,0.9835834,0.8169,0.37867182
3,0,1,0.7204226,0.76519734,0.36838338
3,0,2,0.8746679,0.86796266,0.4342037
3,0,0,0.9866757,0.9970505,0.36489365
3,0,2,0.8992109,0.99788445,0.39270738
3,0,2,0.7553415,0.9978258,0.4154206
3,0,1,0.7647566,0.9960155,0.40070122
3,0,2,0.8330336,0.99752825,0.3791358
3,0,0,0.8587946,0.68778247,0.3857808
3,0,0,0.82977,0.9961533,0.41451377
3,0,2,0.8615381,0.99869007,0.5122831
3,0,2,0.79200876,0.9981712,0.3558408
3,0,2,0.9043939,0.7444717,0.5000244
3,0,2,0.8287609,0.9979012,0.4597067
3,0,1,0.7595982,0.8797529,0.36966506
3,0,2,0.6986743,0.9981192,0.5169945
3,0,2,0.7604444,0.9982053,0.436175
3,0,1,0.60504514,0.76702577,0.50932544
3,0,2,0.8867835,0.7775407,0.3819711
3,0,0,0.95036954,0.80319786,0.5318201
3,0,0,0.9879274,0.99523646,0.35746533
3,0,0,0.86502725,0.9987833,0.3431476
3,0,2,0.84607565,0.99327445,0.43909782
3,0,2,0.81000054,0.7406968,0.5368433
3,0,0,0.8664896,0.9981901,0.3851965
3,0,1,0.74933547,0.9957426,0.4249087
3,0,0,0.8811575,0.8833467,0.42196754
3,0,2,0.90023744,0.65089816,0.52892435
3,0,1,0.866231,0.99715567,0.37535304
3,0,0,0.972795,0.9981653,0.4270465
3,0,0,0.7600438,0.7131296,0.34230623
3,0,1,0.7147629,0.6858879,0.34698322
3,0,2,0.98555195,0.8044086,0.36307418
3,0,2,0.6425785,0.99803334,0.522988
3,0,0,0.9866947,0.99615943,0.47645393
3,0,2,0.7922975,0.99871695,0.40035075
3,0,1,0.7708484,0.998782,0.47591537
3,0,2,0.9529506,0.9965545,0.3882657
3,0,1,0.58861595,0.9960955,0.5349541
3,0,0,0.9608099,0.99575126,0.40354943
3,0,1,0.8513575,0.99726284,0.47129515
3,0,2,0.5665522,0.72341186,0.50658756
3,0,1,0.5949146,0.9975012,0.3977634
3,0,1,0.74692875,0.851572,0.47527713
3,0,2,0.88120556,0.68716365,0.5298734
3,0,2,0.81455207,0.7558398,0.5199316
3,0,0,0.9683967,0.99757606,0.41462195
3,0,1,0.84677124,0.9978035,0.3717088
3,0,1,0.8457485,0.8324607,0.35123092
3,0,1,0.7658246,0.8466491,0.3527645
3,0,2,0.9711223,0.76576906,0.46371505
3,0,1,0.7785277,0.8723714,0.4186367
3,0,2,0.5983582,0.99800247,0.45892954
3,0,1,0.8010192,0.88679856,0.5490526
3,0,2,0.7671684,0.7044308,0.45184782
3,0,2,0.8498007,0.9981164,0.42160687
3,0,2,0.97296876,0.79547524,0.36738813
3,0,0,0.81534266,0.77707237,0.40524316
3,0,2,0.8337518,0.75378686,0.5292327
3,0,1,0.9639162,0.7205811,0.39330578
3,0,1,0.8040029,0.9988109,0.4792291
3,0,2,0.8160574,0.7583503,0.46218434
3,0,2,0.94100386,0.7865929,0.4112166
3,0,2,0.6053077,0.99788874,0.5535315
3,0,0,0.590855,0.9984041,0.37775877
3,0,1,0.8435746,0.79415286,0.4077861
3,0,2,0.8962235,0.9991209,0.36709753
3,0,2,0.9853932,0.9965838,0.37500864
3,0,2,0.66014606,0.9979753,0.4115731
3,0,2,0.87004375,0.83908325,0.4523741
3,0,1,0.56745183,0.9982559,0.42881256
3,0,2,0.85407853,0.9981225,0.3678719
3,0,2,0.8185153,0.7645232,0.3694335
3,0,2,0.80538905,0.7127184,0.41745582
3,0,2,0.8273314,0.9970817,0.42276612
3,0,1,0.8483621,0.7637324,0.36927667
3,0,2,0.84076005,0.9968989,0.47660765
3,0,2,0.85768026,0.9960426,0.41744444
3,0,1,0.866231,0.899036,0.40191844
3,0,2,0.7806811,0.99697757,0.42794374
3,0,2,0.83804864,0.69777113,0.34640527
3,0,1,0.60433775,0.7089879,0.51898587
3,0,2,0.89257383,0.9981212,0.57221156
3,0,2,0.9858445,0.99859196,0.39665836
3,0,1,0.7134911,0.8471906,0.42301178
3,0,1,0.7379292,0.79513544,0.4873985
3,0,0,0.8261066,0.7369758,0.4393002
3,0,0,0.9619628,0.76600033,0.38549992
3,0,1,0.62729764,0.6766916,0.38615263
3,0,2,0.60334474,0.68617857,0.4836671
3,0,1,0.7488563,0.78090143,0.40397507
3,0,2,0.8874626,0.99686843,0.40205118
3,0,2,0.85931826,0.99446577,0.4182161
3,0,2,0.8580173,0.99864405,0.36329508
3,0,2,0.61721075,0.994023,0.3665661
3,0,2,0.7879102,0.9981901,0.39570218
3,0,2,0.7430178,0.9986802,0.3824093
3,0,1,0.6221827,0.671557,0.48078644
3,0,0,0.9573002,0.67572844,0.45989102
3,0,0,0.98493886,0.7209676,0.3862761
3,0,2,0.8557429,0.6733137,0.47915113
3,0,2,0.81381226,0.6989481,0.35632995
3,0,2,0.8700094,0.99767274,0.45798054
3,0,2,0.83711374,0.996534,0.48525786
3,0,2,0.62011117,0.9982474,0.38629162
3,0,2,0.8828509,0.62650305,0.43201616
3,0,2,0.5930129,0.99574345,0.39234582
3,0,2,0.62820894,0.9934222,0.44495204
3,0,2,0.6715499,0.6644588,0.6240609
3,0,0,0.86125517,0.62315685,0.4015405
3,0,2,0.984906,0.9969292,0.43387088
3,0,2,0.6503463,0.7547142,0.5066093
3,0,2,0.65267783,0.99583423,0.46943027
3,0,0,0.8334982,0.9981158,0.38916475
3,0,0,0.83839273,0.7938618,0.40923578
3,0,1,0.6062002,0.99774384,0.372026
3,0,2,0.6399236,0.63050216,0.4576929
3,0,2,0.8194748,0.8379932,0.40091982
3,0,2,0.8929888,0.9984296,0.3504512
3,0,0,0.98673844,0.8188778,0.3954682
3,0,2,0.88193244,0.74274635,0.5690411
3,0,1,0.6364865,0.76425844,0.41626957
3,0,2,0.57881093,0.99643135,0.49936244
3,0,2,0.63374263,0.7261259,0.46798226
3,0,2,0.98243755,0.73488,0.42167422
3,0,2,0.90380573,0.7484218,0.5324105
2,0,2,0.5754629,0.99560577,0.55827934
3,0,1,0.7535592,0.99841774,0.424801
3,0,0,0.61150336,0.8290534,0.45337263
3,0,1,0.9793218,0.82237965,0.50885296
3,0,2,0.96965516,0.68062204,0.39245176
3,0,0,0.8563417,0.6940325,0.4922729
2,0,2,0.49122477,0.9973341,0.35884178
3,0,2,0.8013133,0.9972916,0.35205758
3,0,2,0.82380795,0.74720144,0.37260574
3,0,1,0.8745961,0.9988423,0.41195846
3,0,1,0.7775658,0.8772106,0.44521308
3,0,1,0.8130848,0.9970209,0.41280162
3,0,2,0.8442683,0.9981456,0.47812214
3,0,2,0.827352,0.75483906,0.47291958
3,0,2,0.5980523,0.9984372,0.44259012
3,0,2,0.75122976,0.9948206,0.38412765
3,0,2,0.9693787,0.76633745,0.4247983
2,0,1,0.48809475,0.9985384,0.5403095
3,0,1,0.7700745,0.8156315,0.47548974
3,0,2,0.82099116,0.74442625,0.521905
3,0,0,0.9470859,0.73347193,0.5250553
3,0,0,0.86261886,0.7379608,0.4031984
3,0,2,0.86382586,0.9966691,0.34350553
3,0,2,0.9859861,0.9944405,0.376345
3,0,0,0.85008883,0.99714077,0.4862408
3,0,2,0.5816465,0.9980167,0.44628906
3,0,1,0.75666225,0.9964935,0.46935955
3,0,2,0.7035554,0.66750526,0.41757557
3,0,2,0.9726399,0.9964678,0.43878746
3,0,2,0.8202423,0.7650934,0.46254593
3,0,2,0.76298237,0.69234747,0.5449939
3,0,1,0.5692983,0.9975279,0.38198036
3,0,2,0.967476,0.99736804,0.35753295
3,0,2,0.57588196,0.99697244,0.4247759
3,0,0,0.6078567,0.77197284,0.3907656
3,0,2,0.84202904,0.99474937,0.48829925
3,0,2,0.85176575,0.7327103,0.476759
3,0,2,0.8207121,0.64583486,0.46744245
3,0,2,0.83098227,0.99756014,0.4870919
3,0,0,0.85508347,0.9975637,0.44173118
3,0,1,0.55144256,0.7214493,0.43633735
3,0,2,0.85855514,0.7801621,0.47176975
3,0,2,0.65309757,0.81010216,0.41533008
3,0,2,0.84987587,0.70198137,0.39243495
3,0,1,0.76156807,0.99811625,0.49596974
3,0,0,0.7250256,0.749016,0.37349048
3,0,2,0.86612725,0.65845275,0.5176839
3,0,1,0.7583488,0.8662838,0.53417414
3,0,0,0.9861369,0.99757785,0.4162327
3,0,2,0.7975567,0.7664403,0.46993303
3,0,2,0.65153545,0.9978472,0.61305815
3,0,2,0.98638713,0.99896395,0.40245676
3,0,2,0.78476447,0.99843425,0.42677742
3,0,2,0.75048465,0.74245954,0.4479604
3,0,0,0.6154332,0.99381423,0.36079258
3,0,2,0.8140157,0.7263149,0.37218845
3,0,1,0.75116366,0.91001654,0.41956028
3,0,1,0.74127394,0.79805285,0.4022577
3,0,2,0.8581712,0.9985543,0.39345384
3,0,2,0.82285243,0.69729435,0.50203514
3,0,2,0.6094921,0.681423,0.39630187
3,0,2,0.6931408,0.71608937,0.46936134
3,0,2,0.74348104,0.99711776,0.4508491
3,0,2,0.8033465,0.7790635,0.37511304
3,0,1,0.7383484,0.9981072,0.4020379
3,0,0,0.85023016,0.76872283,0.35630658
3,0,1,0.87072235,0.874664,0.37044147
3,0,2,0.85129446,0.9984452,0.5233438
3,0,0,0.68982095,0.72586316,0.483317
3,0,2,0.9857473,0.7855174,0.371856
3,0,2,0.9840397,0.70295775,0.37800455
3,0,2,0.7868876,0.77198243,0.4894544
3,0,2,0.53877825,0.9972716,0.38503283
3,0,2,0.7825636,0.71386623,0.48357937
3,0,2,0.80842215,0.7290953,0.37720585
3,0,2,0.8748264,0.99756324,0.43493265
3,0,1,0.86085904,0.9982621,0.41073015
3,0,1,0.78747135,0.8868756,0.45859557
3,0,2,0.8717925,0.9983242,0.5689524
3,0,2,0.6915814,0.779777,0.3659632
3,0,2,0.9822818,0.7877869,0.43894282
3,0,2,0.7686631,0.7227145,0.36502415
3,0,1,0.88739896,0.99828416,0.3543124
3,0,2,0.97120875,0.99614257,0.41711214
3,0,0,0.96810895,0.7900301,0.43483952
3,0,2,0.978462,0.99404496,0.38629314
3,0,0,0.86807185,0.70296335,0.40800756
3,0,2,0.6352022,0.7657162,0.48013905
3,0,1,0.8262951,0.78187954,0.41990536
3,0,2,0.79467773,0.99680954,0.36625427
3,0,0,0.98739314,0.9963665,0.38415486
3,0,2,0.8590245,0.80199707,0.4410482
3,0,1,0.8369354,0.99888164,0.47775823
3,0,2,0.8540028,0.5761148,0.39600727
3,0,1,0.6670503,0.84886175,0.39052764
3,0,1,0.7384779,0.9968399,0.36622545
3,0,2,0.8126108,0.6910262,0.50658435
3,0,2,0.95000845,0.99715745,0.3703929
3,0,2,0.5414505,0.7145044,0.6754884
3,0,2,0.8927861,0.99908864,0.3595891
3,0,1,0.75497645,0.9147299,0.38300908
3,0,0,0.859969,0.9958423,0.38371167
3,0,1,0.6005653,0.9980343,0.48976135
3,0,2,0.65660596,0.77258646,0.43323478
3,0,1,0.80339336,0.84672487,0.36519498
3,0,0,0.95547575,0.7613863,0.37213045
3,0,2,0.8999055,0.9984896,0.4358722
3,0,0,0.96199554,0.7314712,0.37537077
3,0,1,0.95664144,0.798022,0.39650032
3,0,1,0.7993326,0.9071722,0.40847868
3,0,2,0.8506247,0.99825376,0.39840728
3,0,2,0.8359787,0.99751806,0.36423978
3,0,2,0.9686849,0.7860397,0.3649086
3,0,2,0.8383174,0.99831057,0.4106769
3,0,2,0.8342304,0.57189345,0.47665405
3,0,2,0.75767684,0.8303244,0.43640983
3,0,2,0.8856984,0.77222544,0.4172892
3,0,2,0.84029263,0.7830445,0.5189479
3,0,2,0.8146755,0.99830854,0.59202117
3,0,2,0.82492834,0.99653924,0.41728562
3,0,2,0.89035285,0.9981086,0.51998854
3,0,2,0.5788878,0.99728787,0.443406
3,0,2,0.9525454,0.7274883,0.39164495
3,0,0,0.8751392,0.99677724,0.43748713
3,0,2,0.8908453,0.64947784,0.46991614
3,0,0,0.97540843,0.7351709,0.41008908
3,0,1,0.81996673,0.99652356,0.38649103
3,0,2,0.82791656,0.9976895,0.5305304
3,0,0,0.79048675,0.9957344,0.3995498
3,0,2,0.75467193,0.8371454,0.3831045
3,0,0,0.82488334,0.9973724,0.41580012
3,0,2,0.5879467,0.99626523,0.47376505
3,0,0,0.9604856,0.776316,0.35507017
3,0,1,0.85234475,0.9963229,0.36857677
3,0,2,0.62834924,0.99759346,0.43561453
3,0,1,0.8612265,0.7670528,0.45114082
3,0,1,0.78363633,0.7687328,0.439169
3,0,2,0.84570456,0.99281317,0.4218022
2,0,2,0.49626273,0.99870765,0.42388242
3,0,2,0.66434115,0.6996458,0.47574776
3,0,2,0.7476004,0.7984235,0.5771488
3,0,2,0.97014654,0.99594456,0.3634421
3,0,1,0.9250745,0.9971239,0.44065633
3,0,2,0.85831267,0.9906495,0.437402
3,0,0,0.85172784,0.69568324,0.4402498
3,0,1,0.62228584,0.7050141,0.4722166
3,0,2,0.7717874,0.9938558,0.36521912
3,0,2,0.5847163,0.9952602,0.59619874
3,0,2,0.8563417,0.68832475,0.446954
3,0,0,0.8600867,0.9974131,0.39732626
3,0,2,0.84550744,0.7467741,0.46860003
3,0,2,0.7483462,0.99562824,0.3755628
3,0,2,0.7847109,0.7751216,0.41276157
3,0,2,0.5722946,0.65099746,0.5062397
3,0,0,0.87642956,0.7676635,0.36886576
3,0,2,0.61536497,0.7069774,0.4520129
3,0,1,0.5493166,0.68141574,0.4899829
3,0,2,0.78884137,0.70969963,0.6114259
3,0,1,0.7383381,0.82302654,0.35113513
3,0,0,0.76998055,0.8353872,0.44795746
3,0,1,0.821522,0.99837154,0.35644782
3,0,2,0.8713579,0.75460654,0.3949452
3,0,2,0.87844807,0.9981029,0.5187934
3,0,2,0.84418887,0.74053234,0.43609163
3,0,0,0.86317587,0.64965355,0.42774695
3,0,2,0.8624716,0.9969348,0.37676933
3,0,2,0.8543461,0.73677874,0.4930895
3,0,0,0.9701273,0.83513594,0.37723547
3,0,0,0.9469753,0.99770916,0.37943876
3,0,2,0.6235655,0.7273458,0.49646968
3,0,2,0.83416,0.99656785,0.5231421
3,0,0,0.62272197,0.7830633,0.4689847
3,0,0,0.65793586,0.74607605,0.46276563
3,0,1,0.85630107,0.9975418,0.46265474
3,0,2,0.7382991,0.9982503,0.44952926
3,0,2,0.8110183,0.73019797,0.4943342
3,0,2,0.86949676,0.7389388,0.5977363
3,0,2,0.8125113,0.99863714,0.44858968
3,0,2,0.8612822,0.99811894,0.44661015
3,0,1,0.77173,0.8509751,0.45597005
3,0,2,0.8504955,0.7775811,0.36258206
3,0,0,0.8934702,0.8435573,0.37860712
3,0,2,0.75145745,0.80470645,0.39719066
2,0,2,0.51650023,0.63273585,0.41933233
3,0,2,0.6982166,0.9977677,0.57749
3,0,2,0.87865967,0.99799013,0.41292307
3,0,2,0.8365644,0.99748385,0.38966456
3,0,2,0.7199689,0.9984577,0.49400896
3,0,2,0.868941,0.99858415,0.42940512
3,0,2,0.97658896,0.9970906,0.3477423
3,0,2,0.88005763,0.605984,0.44895023
3,0,2,0.70500576,0.9963033,0.5083774
3,0,2,0.8156736,0.7835616,0.40006065
3,0,2,0.78664136,0.9962353,0.48382065
3,0,0,0.61844623,0.9964373,0.42931205
3,0,1,0.75706565,0.6949373,0.41167897
3,0,2,0.98554844,0.9964095,0.41172075
3,0,2,0.886085,0.74745697,0.4212145
3,0,2,0.5722946,0.99624145,0.5092264
3,0,2,0.7849223,0.7407246,0.36890498
3,0,2,0.8444107,0.7616008,0.39029706
3,0,1,0.7748348,0.77724576,0.3802905
3,0,2,0.58821785,0.6891616,0.47607592
3,0,0,0.98128957,0.9967032,0.41022784
3,0,2,0.80119336,0.7351587,0.5250635
3,0,1,0.65022373,0.80459636,0.39054978
3,0,2,0.7865905,0.76919276,0.38111582
3,0,1,0.7713558,0.85032856,0.4751611
3,0,1,0.82687426,0.99725324,0.37923118
3,0,2,0.94621176,0.7109982,0.44579977
3,0,2,0.639608,0.99569976,0.45822492
3,0,1,0.77705705,0.77911663,0.38130036
3,0,2,0.6475086,0.99765766,0.44472864
3,0,1,0.75148755,0.82551765,0.44356358
3,0,2,0.875719,0.80613625,0.40845433
3,0,2,0.8607782,0.6046425,0.5157772
3,0,2,0.95757335,0.80054414,0.3880626
3,0,1,0.7980574,0.9973285,0.4962278
3,0,1,0.8682222,0.9970446,0.4350938
3,0,2,0.9852683,0.7763886,0.41686556
3,0,2,0.77013594,0.9981964,0.3953578
3,0,1,0.7764263,0.8848804,0.581527
3,0,1,0.98346347,0.6882844,0.38282052
3,0,0,0.8495669,0.9970849,0.38953435
3,0,0,0.80628544,0.72228366,0.42057908
3,0,2,0.66671693,0.99733824,0.48030707
3,0,1,0.9560978,0.9974527,0.3755552
3,0,2,0.8814736,0.99769837,0.54705304
3,0,2,0.80499136,0.9982869,0.4667508
3,0,1,0.81518364,0.7760691,0.39666313
3,0,2,0.83078825,0.8288764,0.41779655
3,0,2,0.9851291,0.99880826,0.378896
3,0,2,0.8723118,0.99740785,0.41130796
3,0,2,0.8817012,0.78835565,0.4152513
3,0,2,0.48937216,0.76531565,0.47945192
3,0,0,0.9729407,0.9970692,0.36880368
3,0,1,0.77224696,0.8416611,0.43018144
3,0,2,0.97850937,0.9986002,0.39929485
3,0,2,0.96932876,0.7259464,0.3610184
3,0,0,0.8688572,0.90347916,0.39750597
3,0,2,0.7787195,0.99793255,0.37023082
3,0,2,0.8628894,0.73419005,0.3999111
3,0,0,0.95558447,0.75054383,0.44582734
3,0,0,0.557602,0.77986,0.45831588
3,0,1,0.5555209,0.8111636,0.37468514
3,0,1,0.9872579,0.7692772,0.36411703
3,0,2,0.8249855,0.7748826,0.47278658
3,0,0,0.95413476,0.69354844,0.34854555
3,0,2,0.8558116,0.9986268,0.39942598
3,0,2,0.77133477,0.6805687,0.34937447
3,0,2,0.9563742,0.6985309,0.5580441
3,0,0,0.7767739,0.80719286,0.35467824
3,0,2,0.98628056,0.9959252,0.3701292
3,0,0,0.78710335,0.6284304,0.3963642
3,0,0,0.8122296,0.7430169,0.4099813
3,0,2,0.85406494,0.9940771,0.55250853
3,0,2,0.8283504,0.9960078,0.58779365
3,0,2,0.82802725,0.9981364,0.5421394
3,0,2,0.8717674,0.99269354,0.4800098
3,0,2,0.49077943,0.6512095,0.5210238
3,0,0,0.8258633,0.7710523,0.3394137
3,0,0,0.95547414,0.99586004,0.46076447
3,0,2,0.75270545,0.998467,0.46209794
2,0,2,0.5405962,0.6603983,0.59250623
3,0,2,0.8778446,0.7814902,0.5793177
3,0,2,0.8913943,0.7479899,0.5714703
3,0,2,0.76316345,0.9964102,0.36829856
3,0,2,0.9534828,0.7152988,0.44819352
3,0,0,0.85482466,0.99526167,0.37915024
3,0,0,0.8683559,0.875301,0.4130054
3,0,2,0.8540549,0.9973115,0.39099112
3,0,2,0.8584188,0.9981401,0.55747736
3,0,0,0.9763347,0.76843685,0.38202333
3,0,2,0.8894494,0.99881494,0.47333983
2,0,2,0.52669007,0.7147924,0.45349064
3,0,2,0.5019064,0.77860194,0.46133128
3,0,2,0.79636836,0.99784434,0.41183737
3,0,2,0.828155,0.99834704,0.55908823
3,0,0,0.8445547,0.7404587,0.4198134
3,0,1,0.5823943,0.99723035,0.4203407
3,0,1,0.64288723,0.99743205,0.426513
3,0,2,0.9717349,0.69005215,0.3702758
3,0,2,0.65505785,0.9973725,0.4863154
3,0,2,0.6001169,0.9964784,0.49948102
3,0,2,0.9872148,0.9969586,0.3900199
3,0,0,0.9853479,0.7686794,0.38934782
3,0,2,0.89482903,0.9978619,0.47072348
3,0,2,0.734962,0.9983701,0.38367993
3,0,1,0.6379005,0.91462547,0.4207178
3,0,0,0.8961292,0.7346113,0.40659395
3,0,1,0.83825415,0.9982596,0.38663122
3,0,0,0.8784318,0.9988018,0.40431017
3,0,0,0.9705244,0.9967194,0.4009646
3,0,1,0.6357269,0.65456843,0.4596268
3,0,0,0.9159512,0.8091512,0.45743272
3,0,2,0.7468024,0.6706338,0.4239587
3,0,2,0.72127146,0.7074397,0.45111582
3,0,1,0.5874015,0.99774337,0.46148193
3,0,2,0.8333059,0.72648096,0.47625604
3,0,1,0.74968,0.88746244,0.44470367
3,0,2,0.8706462,0.79082626,0.46782285
3,0,2,0.84869117,0.7809653,0.40622187
3,0,2,0.86124253,0.99647224,0.4578354
3,0,1,0.81177855,0.80390507,0.41002664
3,0,1,0.73330235,0.8117145,0.35874707
3,0,1,0.80971974,0.9951918,0.42500326
3,0,2,0.8350216,0.7779713,0.4484464
3,0,1,0.8125681,0.996926,0.38496122
3,0,2,0.8410939,0.9975141,0.5353075
3,0,2,0.986541,0.9967102,0.35161707
2,0,2,0.5854295,0.68419254,0.55030584
3,0,0,0.754001,0.80816805,0.39990747
3,0,0,0.9863738,0.99483865,0.34555638
3,0,0,0.6222627,0.8575045,0.46985412
3,0,2,0.58882815,0.9965816,0.5207732
3,0,0,0.871632,0.99708825,0.39145908
3,0,2,0.8942157,0.70477587,0.40954193
3,0,2,0.63521796,0.99680173,0.56756294
3,0,2,0.655604,0.68540424,0.4528185
3,0,2,0.9810699,0.99831885,0.4598831
3,0,2,0.8560616,0.7392719,0.4233679
3,0,2,0.78506243,0.78034025,0.43016624
3,0,0,0.80929583,0.76156735,0.40176973
3,0,2,0.87070864,0.7767743,0.5060446
3,0,2,0.8245102,0.7132459,0.344195
3,0,1,0.85911524,0.9949498,0.3758898
3,0,0,0.7605179,0.72456616,0.3636804
3,0,1,0.7744323,0.74173605,0.34888124
3,0,2,0.7314565,0.6438038,0.36836416
3,0,1,0.727709,0.8055955,0.3617597
3,0,2,0.77956885,0.99774855,0.37909603
3,0,2,0.9860336,0.76575583,0.38951093
3,0,2,0.80640286,0.7813245,0.52696633
3,0,2,0.83309776,0.99765694,0.4929468
3,0,2,0.6389159,0.9966059,0.40012124
3,0,1,0.7585792,0.83311313,0.41596594
3,0,2,0.87169677,0.5709273,0.47844484
3,0,2,0.985693,0.9981046,0.3976402
3,0,0,0.83489597,0.7809196,0.34084067
3,0,2,0.81619406,0.9978624,0.45807207
3,0,2,0.8711707,0.9966648,0.40836242
3,0,2,0.9754444,0.9975994,0.36149284
3,0,2,0.84484404,0.7154643,0.40253693
3,0,2,0.96452665,0.72805804,0.47111428
3,0,2,0.55796087,0.9943374,0.49893558
3,0,1,0.9427936,0.99862146,0.38665518
3,0,1,0.7607282,0.9982293,0.37462354
3,0,2,0.7664285,0.7445565,0.4324427
3,0,2,0.80903685,0.69759727,0.45996147
3,0,2,0.85379255,0.99704844,0.37868938
3,0,2,0.6657269,0.99790096,0.38915023
3,0,2,0.82070583,0.99567646,0.3481457
3,0,1,0.73572576,0.7902612,0.39330813
3,0,1,0.6254794,0.997889,0.42911988
3,0,1,0.7851075,0.9973264,0.36926356
3,0,0,0.625827,0.76347387,0.4759606
3,0,2,0.8691072,0.76226217,0.5483274
3,0,0,0.85799575,0.9973558,0.36405152
3,0,1,0.78026426,0.99890697,0.4333164
3,0,1,0.5765317,0.6863801,0.43754846
3,0,1,0.95201015,0.9965154,0.392133
3,0,2,0.90690213,0.7499402,0.4283327
3,0,2,0.63924706,0.6713357,0.3498117
3,0,1,0.7625552,0.992698,0.41834894
3,0,2,0.79970807,0.7553548,0.42545813
3,0,1,0.7733734,0.8191624,0.40608537
3,0,0,0.8747353,0.8539884,0.4439994
3,0,0,0.98600113,0.9957372,0.40878272
3,0,2,0.8358312,0.99809617,0.50825113
3,0,2,0.8092433,0.7319327,0.5064546
3,0,1,0.83707106,0.99772435,0.40600646
3,0,2,0.87088144,0.9983895,0.4858753
3,0,0,0.608641,0.997294,0.5035657
3,0,1,0.85602283,0.7812595,0.398799
3,0,2,0.88830936,0.8183355,0.47685218
3,0,0,0.98704123,0.998382,0.40580148
3,0,1,0.75875324,0.995634,0.4141561
3,0,1,0.6901972,0.9983108,0.39515606
3,0,1,0.85307604,0.99598074,0.47178558
3,0,1,0.7775304,0.998304,0.42476007
3,0,1,0.8892164,0.85310674,0.46010694
3,0,0,0.8110167,0.7898242,0.40768936
3,0,1,0.6333625,0.9943902,0.4581115
3,0,2,0.89580256,0.77205634,0.60416484
3,0,0,0.70622563,0.72528124,0.38096726
3,0,2,0.750894,0.996725,0.4015521
3,0,2,0.8048453,0.99722147,0.4398267
3,0,0,0.9689829,0.73268366,0.3638289
2,0,1,0.5170788,0.7692169,0.3571487
3,0,2,0.8500425,0.9929502,0.40918735
3,0,2,0.8788101,0.9965675,0.40906465
3,0,2,0.5274944,0.76025945,0.42231175
3,0,1,0.984092,0.9976864,0.40512887
3,0,2,0.8924454,0.80207145,0.46618295
3,0,1,0.8186679,0.99658054,0.382528
3,0,2,0.67933536,0.73452944,0.39100656
3,0,2,0.8591857,0.7813159,0.36994284
3,0,1,0.8560049,0.9968906,0.3692809
3,0,1,0.6454078,0.77394724,0.42256615
3,0,0,0.98403764,0.68800074,0.36568972
3,0,2,0.8011986,0.78259957,0.45427424
3,0,2,0.98766255,0.9978709,0.3972658
3,0,0,0.97832274,0.9985582,0.41440034
3,0,1,0.9547304,0.99746096,0.3669932
3,0,2,0.8683924,0.6577231,0.53043693
3,0,2,0.815446,0.99558747,0.44146326
2,0,1,0.5467309,0.70623887,0.3845956
3,0,2,0.71737456,0.9946572,0.3652061
3,0,0,0.7399684,0.99799037,0.39404038
3,0,2,0.98153543,0.99865353,0.36107665
3,0,2,0.6723778,0.8258777,0.41614184
3,0,2,0.98690784,0.9987897,0.39647594
3,0,0,0.94621176,0.9961324,0.44701678
3,0,2,0.9713722,0.9989322,0.37698072
3,0,0,0.7554439,0.9972916,0.36413807
3,0,2,0.8679124,0.9974476,0.43701077
2,0,2,0.5203396,0.5287574,0.55805844
3,0,2,0.81869674,0.9984199,0.39186007
3,0,0,0.93688154,0.99706644,0.37239656
3,0,2,0.88254017,0.9982278,0.5218675
3,0,0,0.8535064,0.837694,0.4107629
3,0,2,0.82758415,0.68959004,0.4766858
3,0,0,0.8492236,0.9965063,0.40226457
3,0,2,0.82180184,0.99761707,0.4869944
3,0,1,0.8301853,0.9982962,0.37633446
3,0,1,0.63745725,0.7116019,0.39931545
3,0,2,0.87234586,0.99742943,0.38517535
3,0,2,0.8631925,0.9976968,0.37990776
3,0,1,0.82212585,0.99862266,0.3943128
3,0,2,0.755857,0.8051807,0.47089013
3,0,0,0.6616646,0.99765587,0.42070588
3,0,1,0.65629345,0.9973802,0.48315123
3,0,0,0.8396844,0.9980027,0.36207658
3,0,2,0.6223798,0.8484674,0.42775336
3,0,2,0.8130086,0.9963438,0.42764923
3,0,2,0.66677225,0.99814916,0.4389312
3,0,2,0.8205598,0.9939454,0.5464376
3,0,1,0.63221157,0.69878304,0.4449132
3,0,0,0.7698192,0.9983658,0.40030774
3,0,2,0.87128896,0.99749917,0.39148086
3,0,1,0.7589736,0.99771357,0.36824915
3,0,1,0.79148215,0.99570554,0.40901002
3,0,1,0.7626164,0.9988462,0.43982118
3,0,1,0.78919303,0.9985862,0.34281126
3,0,0,0.8137286,0.7631202,0.36284584
3,0,2,0.86101514,0.7238363,0.49397835
3,0,2,0.4973015,0.58209676,0.54287153
3,0,2,0.8253432,0.9956766,0.37222806
3,0,2,0.781175,0.9979633,0.53612375
3,0,0,0.7536513,0.9974867,0.38818288
3,0,2,0.9036821,0.998601,0.45699275
3,0,2,0.7176437,0.99373734,0.3879069
3,0,2,0.9867219,0.9965927,0.40885544
3,0,2,0.8637763,0.74789995,0.5011794
2,0,1,0.54470336,0.8324582,0.47482646
3,0,2,0.8925649,0.72652876,0.42814302
3,0,1,0.7744376,0.9965557,0.49066493
3,0,2,0.75059485,0.7653842,0.48888007
3,0,2,0.8394175,0.9986186,0.43108335
3,0,2,0.79247624,0.7562071,0.46662962
3,0,2,0.8476186,0.76449066,0.36448237
3,0,0,0.7252622,0.9973641,0.36779845
3,0,1,0.79493576,0.7852483,0.44673017
3,0,2,0.83300716,0.9972325,0.43577266
3,0,2,0.83397496,0.9968976,0.47184607
3,0,2,0.8737988,0.99703157,0.43659452
3,0,2,0.77645516,0.99647325,0.34283984
3,0,2,0.8205971,0.9979759,0.56754863
3,0,1,0.5767205,0.9952083,0.46388236
3,0,2,0.6237649,0.70463604,0.50126815
3,0,2,0.9423853,0.74267614,0.38026887
3,0,2,0.86466,0.6816027,0.50827974
3,0,0,0.8013341,0.7512199,0.5330763
3,0,1,0.7644286,0.9971469,0.44519618
3,0,2,0.8856502,0.9975383,0.44296888
3,0,1,0.703276,0.9988661,0.38143295
3,0,2,0.83042145,0.9984577,0.59629714
3,0,2,0.6916168,0.7629667,0.55079883
3,0,0,0.7527652,0.7722169,0.44508195
3,0,0,0.9415209,0.9964414,0.41365427
3,0,0,0.60370374,0.99611807,0.45016226
3,0,2,0.6180521,0.9951095,0.3946316
3,0,2,0.83788234,0.6551067,0.4613905
3,0,0,0.9671804,0.80111784,0.42443362
3,0,1,0.9594292,0.99554056,0.39775205
3,0,0,0.8374463,0.76397437,0.3586539
3,0,2,0.82689494,0.6581939,0.40043023
3,0,2,0.5871347,0.9966008,0.5400183
3,0,0,0.84427285,0.99712116,0.41954485
3,0,2,0.8169832,0.9983468,0.59598744
3,0,2,0.825498,0.9957658,0.38673574
3,0,1,0.6244674,0.7623151,0.57005763
3,0,2,0.67508274,0.9970878,0.54197216
3,0,2,0.78262365,0.9967462,0.38107675
3,0,2,0.96525574,0.7693342,0.429283
3,0,1,0.82324547,0.9964011,0.3957772
3,0,2,0.8874711,0.7207202,0.39422894
3,0,2,0.97267115,0.99851364,0.38455045
3,0,2,0.85115707,0.72557163,0.42324588
3,0,2,0.8063485,0.7307863,0.42407072
3,0,2,0.73875636,0.67074597,0.5228367
3,0,0,0.80447435,0.9955446,0.3646699
3,0,1,0.8515106,0.9968612,0.40051433
3,0,0,0.9891923,0.9970368,0.3802177
3,0,2,0.69299334,0.99582857,0.4230075
3,0,2,0.7698503,0.68796426,0.43085894
3,0,1,0.781826,0.7821478,0.37802392
3,0,1,0.644552,0.99629813,0.4304861
3,0,2,0.57357645,0.717996,0.5729423
3,0,2,0.7585855,0.82026625,0.40135697
3,0,2,0.83716017,0.99436,0.44906655
3,0,0,0.62367105,0.99858874,0.4240414
3,0,2,0.714643,0.99726033,0.41634104
3,0,0,0.5818189,0.71548116,0.4136879
3,0,2,0.85759723,0.9976463,0.37047487
3,0,1,0.97226834,0.71887875,0.35309523
3,0,2,0.8823868,0.71511465,0.5008598
3,0,1,0.61437637,0.99785006,0.588694
3,0,2,0.58404225,0.69879115,0.45763475
3,0,2,0.9683528,0.7422239,0.3772487
3,0,0,0.73512214,0.7362146,0.4322473
3,0,2,0.7648758,0.77615947,0.38212395
3,0,2,0.7107214,0.9981932,0.37090558
3,0,1,0.6520757,0.7069565,0.5072474
3,0,0,0.5926076,0.81410444,0.35461256
3,0,2,0.88391066,0.73334104,0.4030585
3,0,2,0.88602984,0.99688405,0.4478603
3,0,1,0.6853661,0.99760604,0.36764637
3,0,2,0.88227046,0.9981421,0.4797191
3,0,2,0.8830508,0.74136806,0.45385224
2,0,2,0.48351434,0.6666515,0.547772
3,0,2,0.623672,0.9960181,0.46755978
3,0,2,0.81334823,0.9969459,0.3909913
3,0,1,0.8558116,0.9965677,0.40023857
3,0,1,0.9825417,0.9966959,0.41283166
3,0,0,0.9701359,0.7776467,0.40496638
3,0,0,0.98182696,0.7546268,0.37219307
3,0,2,0.87974757,0.7294108,0.55065364
3,0,0,0.8692606,0.99721575,0.43108955
3,0,1,0.8452377,0.9987733,0.3909658
3,0,2,0.8761469,0.9036822,0.5684503
3,0,2,0.8660714,0.76128334,0.38744178
3,0,2,0.754001,0.7476098,0.4056271
3,0,0,0.98265946,0.99835026,0.37473145
3,0,1,0.85250133,0.8185209,0.34480372
3,0,2,0.8283097,0.9943619,0.34589732
3,0,2,0.7373557,0.78237736,0.3864178
3,0,1,0.8174126,0.8592343,0.44121662
3,0,2,0.62435293,0.6813008,0.45258832
3,0,2,0.86871666,0.58977526,0.5108874
3,0,2,0.89293164,0.7935335,0.45211354
3,0,2,0.79829794,0.7580383,0.42972952
3,0,0,0.8272766,0.6106755,0.38380522
3,0,0,0.9813742,0.9960508,0.48007375
3,0,2,0.8583225,0.80879045,0.3745772
3,0,2,0.94822663,0.9977114,0.35248995
3,0,0,0.8781904,0.8756268,0.38703385
3,0,2,0.877791,0.99880373,0.39000115
3,0,0,0.8646946,0.7649906,0.39537883
3,0,0,0.76804316,0.8505913,0.36101946
3,0,1,0.78676116,0.9943386,0.37097833
3,0,2,0.8212291,0.66131896,0.42914584
3,0,2,0.62201405,0.99818426,0.4173367
3,0,0,0.9861618,0.9970118,0.3424398
3,0,2,0.8350265,0.997488,0.40555805
3,0,2,0.9765911,0.7115133,0.35788885
3,0,2,0.6162117,0.9975763,0.4211012
3,0,2,0.7622875,0.76523787,0.42547926
3,0,2,0.8819025,0.75908667,0.5111911
3,0,2,0.88142747,0.99905294,0.449492
3,0,2,0.63396543,0.7216333,0.45730653
3,0,2,0.8751208,0.9981773,0.5520838
3,0,2,0.982932,0.6869343,0.43220636
3,0,2,0.77300775,0.76119745,0.39619613
3,0,0,0.7943482,0.77869976,0.5244475
3,0,1,0.59099764,0.99564445,0.45350197
3,0,1,0.7868374,0.9966593,0.42384234
3,0,2,0.86175805,0.7513049,0.398953
3,0,2,0.6543838,0.9988525,0.54909754
3,0,2,0.7893772,0.9955356,0.43072948
2,0,2,0.4935283,0.6503893,0.42437217
3,0,0,0.9434767,0.7766255,0.43652338
3,0,0,0.94744295,0.994612,0.49381888
3,0,2,0.858281,0.99629813,0.41530913
3,0,1,0.7425075,0.7198883,0.39297235
3,0,2,0.68143594,0.9973345,0.5145238
3,0,2,0.6260352,0.72516143,0.4687492
3,0,2,0.7926914,0.6554872,0.5739992
3,0,2,0.8064481,0.9981086,0.4422952
3,0,0,0.86054003,0.9966036,0.45581555
3,0,0,0.98568976,0.71262705,0.34585264
3,0,2,0.70738184,0.6777986,0.4885555
3,0,2,0.6721048,0.6567396,0.44534323
3,0,1,0.65302914,0.66020787,0.44021353
3,0,2,0.7860922,0.8998304,0.49387196
3,0,0,0.797601,0.77731955,0.40409842
3,0,2,0.83165383,0.7599603,0.4486663
3,0,0,0.98053646,0.9969415,0.41850808
3,0,2,0.668807,0.99661046,0.4801966
3,0,2,0.7500735,0.7425941,0.41361102
3,0,1,0.88496435,0.82324356,0.43242994
3,0,2,0.8608554,0.9978701,0.50454825
3,0,2,0.87356627,0.9990114,0.42682177
3,0,2,0.8968028,0.9986267,0.5632273
3,0,2,0.8808736,0.9978759,0.42681864
3,0,0,0.9672326,0.9961211,0.3907078
3,0,1,0.8321194,0.7442826,0.3679778
3,0,2,0.8914648,0.99714714,0.44473624
3,0,2,0.9805103,0.99483746,0.43647033
3,0,0,0.98600113,0.9971185,0.35957515
3,0,2,0.8618119,0.9979236,0.4012882
3,0,1,0.5872655,0.9951498,0.43291107
3,0,2,0.8267555,0.9953365,0.45894623
3,0,1,0.7990173,0.8929978,0.4116454
3,0,1,0.7621644,0.99713147,0.510852
3,0,2,0.83785605,0.998381,0.47618866
3,0,2,0.89626956,0.7044326,0.40653226
3,0,0,0.85180146,0.7863025,0.40345198
3,0,0,0.93280154,0.9955776,0.4623189
3,0,0,0.92067665,0.80795366,0.47159603
3,0,2,0.98493886,0.68000144,0.4517662
2,0,1,0.48413956,0.99817216,0.49851745
3,0,2,0.9593548,0.9983639,0.5053614
3,0,1,0.75666946,0.75703853,0.46407944
3,0,0,0.76345164,0.8652125,0.37418967
3,0,2,0.56833035,0.998097,0.418682
3,0,2,0.7510205,0.7628341,0.40652305
3,0,0,0.7040446,0.7752229,0.40690923
3,0,1,0.837772,0.9963236,0.3433218
3,0,0,0.8656574,0.8663516,0.4343379
3,0,2,0.6401645,0.70075643,0.3785989
3,0,2,0.98704123,0.54297405,0.4187275
3,0,1,0.8099179,0.99810106,0.36208835
3,0,2,0.8394508,0.8034102,0.38565513
3,0,2,0.8042424,0.74213016,0.3882212
3,0,2,0.8107084,0.99790275,0.37354568
3,0,2,0.8606402,0.84326315,0.37977406
3,0,2,0.977827,0.99636734,0.3583952
3,0,1,0.81617904,0.865226,0.42019638
3,0,2,0.5952641,0.99169415,0.45811552
3,0,0,0.9459759,0.70046735,0.5398428
3,0,2,0.63669807,0.99734616,0.42781034
3,0,2,0.8238227,0.79456717,0.48058587
3,0,0,0.9808177,0.7429801,0.34571117
3,0,0,0.85524523,0.8361791,0.413833
3,0,2,0.83746076,0.63079685,0.45575058
3,0,0,0.94996834,0.9968125,0.40631807
3,0,0,0.8751177,0.99788743,0.41487086
3,0,1,0.85036117,0.8061767,0.39643532
3,0,0,0.8175411,0.7069365,0.41348228
3,0,2,0.894314,0.8006151,0.56117976
3,0,2,0.72890884,0.68873954,0.4704482
3,0,2,0.60370374,0.76379883,0.38753244
3,0,1,0.94573385,0.9982132,0.3808458
3,0,0,0.9567964,0.9979134,0.49577957
3,0,2,0.7940054,0.76881003,0.45109934
3,0,1,0.8711047,0.782834,0.40508306
3,0,2,0.8515818,0.69878185,0.46007872
3,0,1,0.78363633,0.9974515,0.428533
3,0,2,0.6325407,0.9964096,0.46460563
3,0,0,0.8501682,0.78893614,0.42666078
3,0,0,0.5495532,0.997689,0.36007822
3,0,2,0.7052541,0.7314324,0.42312342
3,0,2,0.8541015,0.99837434,0.38338038
3,0,2,0.59274286,0.7298432,0.4409674
3,0,2,0.6177583,0.99787164,0.40395504
3,0,2,0.879987,0.9985732,0.47722438
3,0,2,0.84379745,0.70476574,0.4709254
3,0,1,0.76718706,0.8512275,0.54673684
3,0,1,0.5925083,0.9957468,0.4939688
3,0,2,0.8314094,0.72568446,0.38527918
3,0,2,0.7774689,0.99562943,0.40468392
3,0,2,0.8714933,0.8238168,0.5132676
3,0,2,0.8404575,0.9965149,0.36389765
3,0,1,0.76333165,0.8792786,0.47177625
3,0,2,0.63602227,0.9965224,0.4637758
3,0,2,0.8791969,0.85126054,0.4243973
2,0,2,0.4944329,0.72571105,0.40870988
3,0,1,0.8363149,0.998247,0.37662333
3,0,2,0.8054574,0.9983487,0.53795624
3,0,2,0.80833787,0.78268987,0.46501523
3,0,2,0.9804962,0.9984976,0.4203026
3,0,0,0.8851832,0.9958436,0.42641547
3,0,2,0.82904387,0.7620589,0.53624344
3,0,2,0.7230755,0.7015301,0.39961076
3,0,1,0.8499721,0.9969716,0.39309353
3,0,2,0.889651,0.7500865,0.48369125
3,0,2,0.9701791,0.7485952,0.3674867
3,0,1,0.8324165,0.76885194,0.35508806
3,0,1,0.60910416,0.99480915,0.45268726
3,0,1,0.74502987,0.7582181,0.37607166
2,0,1,0.4999098,0.99881434,0.52722293
3,0,1,0.8257823,0.9058621,0.38479945
3,0,2,0.7172238,0.7292751,0.42096144
3,0,2,0.8590584,0.9984055,0.5461938
3,0,1,0.8143668,0.7051382,0.4098195
3,0,2,0.67681885,0.65838975,0.41801542
3,0,2,0.8194132,0.68949693,0.478059
3,0,2,0.77099985,0.7980805,0.35315353
3,0,2,0.7090928,0.9974095,0.47985417
3,0,2,0.8914898,0.78992355,0.5470529
3,0,2,0.88869286,0.87280387,0.43823168
3,0,2,0.8934364,0.9978806,0.5001447
3,0,2,0.858027,0.9980227,0.39791992
3,0,2,0.8355246,0.997666,0.49438518
3,0,0,0.71055615,0.99653184,0.3844108
3,0,2,0.97091496,0.7483867,0.39269292
3,0,1,0.89387304,0.77979964,0.41522706
3,0,1,0.7597818,0.85867465,0.412418
3,0,2,0.8358915,0.68747294,0.49946132
3,0,0,0.82437205,0.76106435,0.42667735
3,0,2,0.7657995,0.99755317,0.34772322
3,0,2,0.5722946,0.9944923,0.51342607
2,0,2,0.5765513,0.99714077,0.50221354
3,0,2,0.7590896,0.9953055,0.477016
3,0,2,0.54793894,0.7041096,0.4849591
3,0,0,0.98340076,0.99840146,0.3789729
3,0,2,0.7859943,0.9959055,0.5132995
3,0,2,0.8951342,0.9985654,0.42557642
3,0,1,0.7029027,0.9991386,0.4766812
3,0,0,0.9758499,0.9982803,0.4045157
3,0,1,0.82755965,0.89588755,0.44154137
3,0,0,0.72464806,0.746676,0.4480112
3,0,0,0.84586364,0.99661106,0.3744911
3,0,2,0.7972847,0.99811125,0.43759224
3,0,1,0.7957333,0.99662834,0.5559836
3,0,2,0.97898054,0.76829904,0.38969988
3,0,0,0.97924757,0.9971928,0.3846501
3,0,2,0.87292284,0.99853003,0.48046023
3,0,0,0.9836638,0.99627775,0.39628378
3,0,0,0.8320905,0.9965898,0.35774514
3,0,0,0.9177215,0.6847777,0.45786095
3,0,0,0.9508328,0.67995435,0.36428916
3,0,0,0.64330953,0.76141423,0.46279433
3,0,2,0.870814,0.99669814,0.44457135
3,0,2,0.62904733,0.6465727,0.5003181
3,0,2,0.89394885,0.9988171,0.51735085
3,0,1,0.6209337,0.99640614,0.42239204
3,0,1,0.84233004,0.81197554,0.38708693
3,0,2,0.838965,0.8036733,0.43764415
3,0,1,0.8634056,0.9969649,0.4784043
3,0,2,0.97086495,0.9976146,0.41794935
3,0,0,0.9401138,0.99756783,0.38222975
3,0,2,0.6516748,0.99770004,0.41671905
3,0,2,0.89950645,0.99712855,0.4363766
3,0,2,0.6871226,0.8549398,0.40250093
3,0,0,0.74063665,0.7649483,0.4271003
3,0,0,0.72173244,0.85197717,0.43495986
3,0,1,0.98547953,0.9979658,0.37501612
3,0,2,0.7335862,0.9980756,0.53132933
3,0,2,0.6712906,0.7237692,0.44424406
3,0,2,0.8898578,0.99830186,0.50997764
3,0,2,0.5615041,0.7937496,0.44925404
3,0,2,0.89128834,0.9982906,0.56518126
3,0,0,0.75249743,0.99779344,0.4209735
3,0,2,0.8568965,0.99514574,0.44879073
3,0,2,0.97362286,0.99701416,0.40302813
3,0,2,0.761592,0.99800783,0.4960703
3,0,2,0.98408926,0.7843895,0.38181096
3,0,2,0.8855821,0.5512968,0.43934822
3,0,1,0.6305293,0.8211533,0.43415976
3,0,2,0.82765365,0.7250143,0.38410014
3,0,0,0.9425198,0.9986047,0.44814637
3,0,2,0.9174703,0.9983267,0.39300406
3,0,2,0.8275754,0.7592462,0.5245291
3,0,0,0.9858893,0.99884075,0.35383967
3,0,2,0.7322468,0.7910238,0.39029446
3,0,0,0.98598087,0.73869586,0.37056896
3,0,2,0.86658233,0.8064928,0.48723
3,0,0,0.8129278,0.8666271,0.41343164
3,0,2,0.81369597,0.99611217,0.38130265
3,0,2,0.65066206,0.9971908,0.37928623
3,0,2,0.8162276,0.73673993,0.4438465
3,0,1,0.8586754,0.9963062,0.470184
3,0,2,0.8523018,0.9970065,0.49916455
3,0,2,0.8785931,0.9980325,0.41550857
3,0,2,0.75616866,0.9960459,0.34747863
3,0,2,0.8511646,0.62637365,0.45558622
3,0,1,0.9865622,0.7674566,0.39125225
3,0,2,0.96987456,0.7396097,0.35913667
3,0,2,0.59478575,0.9977319,0.47224596
3,0,0,0.9688839,0.9967591,0.34674364
3,0,2,0.97962403,0.99603707,0.47595513
3,0,0,0.9568429,0.76732403,0.4851053
3,0,0,0.749317,0.7590205,0.34049028
3,0,2,0.62806886,0.9939977,0.39076266
3,0,2,0.76955044,0.989979,0.39186525
3,0,2,0.97711676,0.7814003,0.41474354
3,0,2,0.98616636,0.76481056,0.4294667
3,0,0,0.93526775,0.99710006,0.41105384
3,0,2,0.88336414,0.74675715,0.45758823
3,0,2,0.71880186,0.7628296,0.48194867
3,0,0,0.9626187,0.8103075,0.36683965
3,0,0,0.8310194,0.7740713,0.3834489
3,0,0,0.8147332,0.5222304,0.40207508
3,0,2,0.8331415,0.996698,0.53265804
3,0,2,0.86331993,0.9950767,0.4579261
3,0,2,0.8370655,0.99589926,0.41498315
3,0,1,0.72488576,0.78950953,0.38445154
2,0,2,0.5277707,0.6103185,0.53299814
3,0,2,0.89888364,0.8245191,0.52718675
3,0,1,0.8678889,0.93313503,0.48728392
3,0,2,0.87311614,0.81257135,0.40793833
3,0,2,0.7536374,0.99772733,0.4091881
3,0,2,0.85446024,0.70899653,0.49740607
3,0,2,0.8475135,0.9935562,0.3807213
3,0,0,0.8417444,0.7941242,0.38410577
3,0,0,0.8154037,0.6360843,0.347473
3,0,2,0.8131726,0.71703005,0.4541192
3,0,1,0.757951,0.9987698,0.4208732
3,0,2,0.8533996,0.99747366,0.5081971
3,0,2,0.8810676,0.9984384,0.41955596
3,0,2,0.774606,0.78350484,0.383478
3,0,2,0.98395514,0.9979019,0.35858867
3,0,1,0.83826095,0.89027184,0.37003568
3,0,0,0.9860336,0.995336,0.3564949
3,0,0,0.74811786,0.74280286,0.34633276
3,0,2,0.8259734,0.9972692,0.41111898
3,0,1,0.8700908,0.9970092,0.38698256
3,0,1,0.75986564,0.993947,0.5536493
3,0,2,0.64183015,0.9949757,0.37962234
3,0,2,0.62914026,0.9989479,0.3965708
3,0,2,0.961277,0.9975827,0.36395052
3,0,2,0.5777146,0.99423087,0.40772703
3,0,2,0.8440039,0.70539623,0.37950376
3,0,1,0.66320777,0.81035537,0.4925656
3,0,1,0.767308,0.82266307,0.44268322
3,0,0,0.97111094,0.9984275,0.36119407
3,0,2,0.8406214,0.71213126,0.3890112
3,0,2,0.78595304,0.73699886,0.51008004
3,0,1,0.88337153,0.99686426,0.36413
3,0,2,0.88213396,0.9987429,0.55218065
3,0,2,0.8610821,0.7790342,0.40650457
3,0,2,0.85288286,0.9935694,0.4301266
3,0,1,0.8967379,0.9984939,0.39342508
3,0,1,0.60226893,0.7168883,0.48061445
3,0,0,0.9135786,0.7241291,0.42180318
3,0,1,0.76345164,0.99578387,0.4116658
3,0,1,0.6056535,0.7653339,0.4301323
3,0,2,0.58000845,0.99789906,0.4361439
3,0,1,0.8162276,0.99772614,0.37064287
3,0,2,0.8019002,0.71185035,0.44717264
3,0,2,0.7494049,0.9959264,0.41850752
3,0,1,0.7863984,0.8515732,0.47482097
3,0,1,0.7707613,0.99689436,0.4210604
3,0,1,0.68012667,0.9983203,0.373298
3,0,1,0.7431482,0.76070553,0.37642613
3,0,2,0.9819932,0.6586422,0.3814043
3,0,2,0.8863719,0.99741995,0.5006144
3,0,2,0.88221335,0.7237992,0.37113333
3,0,2,0.8129392,0.9957301,0.41771367
3,0,2,0.78919935,0.78603756,0.49608207
3,0,2,0.75541353,0.7960618,0.43527827
3,0,2,0.78193885,0.99551636,0.4555548
3,0,1,0.7723052,0.8829148,0.38910294
3,0,0,0.6047885,0.9973037,0.43656287
3,0,1,0.63766295,0.9948547,0.43819547
3,0,0,0.9815794,0.99863917,0.36888388
3,0,2,0.83492845,0.79576653,0.41495162
3,0,1,0.69012463,0.7886646,0.35194105
3,0,0,0.7558315,0.70276254,0.36047092
3,0,2,0.80376273,0.74732697,0.47267193
3,0,1,0.716697,0.68720627,0.37052405
3,0,2,0.8824149,0.68479896,0.45246604
3,0,1,0.98670375,0.9987895,0.37320057
3,0,1,0.82463914,0.6316002,0.59647375
3,0,0,0.8758635,0.9967865,0.37107816
3,0,1,0.60475075,0.9969158,0.4310491
3,0,1,0.7644929,0.888639,0.5049925
3,0,1,0.97670984,0.7334383,0.36408225
3,0,1,0.81218773,0.9977749,0.40677044
3,0,2,0.82625026,0.9977114,0.37199613
3,0,0,0.9327979,0.99597067,0.39607307
3,0,0,0.6793327,0.80466866,0.41273972
3,0,2,0.7080809,0.7452938,0.34727576
3,0,2,0.8811914,0.8829659,0.40459937
3,0,1,0.65243477,0.7727977,0.3480733
3,0,2,0.881446,0.9959428,0.42980894
3,0,2,0.6668904,0.8168499,0.39593312
3,0,2,0.7634015,0.9954892,0.38487622
3,0,2,0.67339146,0.71228445,0.42075485
3,0,1,0.8633217,0.9041259,0.34246612
3,0,0,0.6348618,0.99743134,0.38464725
3,0,1,0.75254226,0.99820256,0.46772018
2,0,2,0.5581045,0.5200583,0.49668738
3,0,2,0.75469327,0.7202795,0.39345562
3,0,2,0.9683284,0.75708705,0.40240967
3,0,0,0.9819932,0.99845123,0.36246684
3,0,2,0.98545015,0.7243172,0.42409915
3,0,1,0.6393126,0.7383019,0.47200835
3,0,0,0.8760315,0.99840456,0.37600964
3,0,1,0.97738075,0.99670035,0.34140936
3,0,2,0.86658037,0.6596346,0.47734094
3,0,2,0.8087719,0.99665135,0.3434769
3,0,2,0.83128095,0.99615556,0.3629853
3,0,1,0.84655404,0.87971604,0.40432295
3,0,2,0.8316423,0.9981831,0.51440984
3,0,2,0.6307807,0.65086013,0.49686044
3,0,0,0.8765516,0.9975069,0.37515673
3,0,2,0.73306304,0.9973738,0.43908206
3,0,2,0.8966543,0.9978684,0.50003594
3,0,1,0.8652703,0.649315,0.44653076
3,0,1,0.67074394,0.8006093,0.42890316
3,0,2,0.8324452,0.99867827,0.3917453
3,0,1,0.7808376,0.99727964,0.46355355
3,0,1,0.83491385,0.9978613,0.3977895
3,0,2,0.8672893,0.99696106,0.41393942
3,0,2,0.79824716,0.7923262,0.39056095
3,0,2,0.97718185,0.78032947,0.44038936
3,0,2,0.9866485,0.9979221,0.38470548
3,0,2,0.63179624,0.9974644,0.5600708
3,0,2,0.890885,0.9950498,0.54666907
3,0,1,0.68533885,0.85183907,0.40109903
3,0,2,0.9847995,0.7454439,0.3872641
3,0,1,0.8475813,0.99548835,0.42168227
3,0,2,0.66931355,0.99609345,0.4775544
3,0,2,0.74226004,0.776752,0.49832696
3,0,2,0.7376814,0.74246025,0.44891328
3,0,0,0.87218136,0.99782795,0.48807243
3,0,0,0.78908676,0.7175783,0.38794807
2,0,2,0.5448794,0.72288024,0.49358782
3,0,2,0.8494576,0.99715483,0.4116705
3,0,0,0.9514791,0.76834536,0.36461318
3,0,2,0.6390676,0.99604,0.5655546
3,0,2,0.8946711,0.70235693,0.4075688
3,0,1,0.8615633,0.9970505,0.36770758
3,0,2,0.8721407,0.73741007,0.56418586
3,0,1,0.823695,0.9941462,0.35184422
3,0,2,0.9552345,0.9971162,0.48156798
3,0,2,0.88185984,0.99851674,0.557972
3,0,1,0.8620414,0.9986137,0.3567747
3,0,0,0.9699645,0.7712254,0.4125088
3,0,0,0.68372464,0.8640648,0.46685612
3,0,2,0.8805764,0.99658597,0.46450263
3,0,2,0.88336414,0.997247,0.4486682
3,0,1,0.81425214,0.9026434,0.36565688
3,0,2,0.86900204,0.8280571,0.48390922
3,0,1,0.8265576,0.8629141,0.41831082
3,0,1,0.7663835,0.756655,0.41947034
3,0,2,0.63393044,0.9966356,0.41869843
3,0,1,0.6906957,0.996932,0.38892052
3,0,0,0.8365888,0.99851984,0.39881152
3,0,0,0.7706044,0.9985245,0.40653703
2,0,2,0.5400081,0.9973156,0.5593257
3,0,2,0.8626476,0.71529615,0.36898544
3,0,2,0.7977897,0.9984376,0.55850875
3,0,2,0.8869963,0.9969036,0.5161188
3,0,2,0.97670615,0.77895874,0.36179882
3,0,1,0.5909887,0.722387,0.42216298
3,0,2,0.83474016,0.79825866,0.3657733
3,0,2,0.8724289,0.998331,0.3540292
3,0,1,0.98493886,0.997003,0.36862594
3,0,1,0.86525744,0.6184228,0.3880253
3,0,2,0.8199906,0.9955023,0.38291353
3,0,2,0.97122747,0.99765235,0.3792824
3,0,1,0.9529189,0.99800223,0.35735193
3,0,2,0.9790371,0.9980617,0.442445
3,0,1,0.58348835,0.7555058,0.43299422
3,0,1,0.760324,0.7819008,0.3577087
3,0,2,0.68486315,0.998226,0.5272586
3,0,0,0.7340359,0.99571866,0.60771877
3,0,0,0.9817343,0.9957938,0.39302394
3,0,2,0.5264667,0.76740897,0.37407
3,0,2,0.8139444,0.78590566,0.446886
2,0,2,0.53557074,0.6915709,0.45303005
3,0,2,0.84832627,0.6760351,0.46584216
3,0,2,0.78233975,0.7453987,0.40632778
3,0,2,0.86363876,0.72405964,0.44119713
3,0,2,0.79356086,0.72527194,0.52494043
3,0,1,0.7596353,0.9978536,0.43179032
3,0,2,0.8824063,0.9968105,0.4299896
3,0,0,0.7738229,0.9974132,0.3598814
3,0,1,0.82850987,0.7570211,0.38477442
3,0,2,0.63776636,0.7682339,0.4234855
3,0,1,0.82359916,0.8635832,0.39823353
3,0,1,0.7106617,0.8424151,0.47202057
3,0,0,0.9628972,0.7417071,0.42285106
3,0,2,0.58823246,0.9968713,0.48945564
3,0,2,0.94125485,0.99892384,0.4583517
3,0,1,0.8253276,0.9965881,0.4315499
3,0,0,0.8748153,0.995675,0.4001656
3,0,2,0.6025964,0.997849,0.4362998
3,0,2,0.87239933,0.99852765,0.43243012
3,0,0,0.7824932,0.9964148,0.37944475
3,0,1,0.70864815,0.793415,0.3948092
3,0,0,0.8382007,0.9972127,0.36393565
3,0,2,0.73451364,0.764314,0.387941
3,0,2,0.5575967,0.9983631,0.45472375
3,0,2,0.96796477,0.99689937,0.4461995
3,0,2,0.80467993,0.72306585,0.4588807
3,0,1,0.96968573,0.9984168,0.34605345
3,0,0,0.9754499,0.9985275,0.3743962
3,0,2,0.8390541,0.78930944,0.5492583
3,0,2,0.6029741,0.9145311,0.44574842
3,0,1,0.85943633,0.9983102,0.38537472
3,0,2,0.7993107,0.7853018,0.47427413
3,0,2,0.9851201,0.72919565,0.43661967
3,0,0,0.98320377,0.99782795,0.38686147
3,0,2,0.8615046,0.9983335,0.3572295
3,0,2,0.7053302,0.9954065,0.3963631
3,0,1,0.83965576,0.9961455,0.431753
3,0,0,0.8692606,0.9966125,0.376065
3,0,1,0.7478859,0.7413653,0.40503818
3,0,2,0.75320935,0.8215945,0.351633
3,0,0,0.98573905,0.75647,0.40274724
3,0,2,0.76654005,0.811364,0.3693217
3,0,2,0.65172726,0.615759,0.45151865
3,0,2,0.824398,0.995106,0.35528004
3,0,2,0.8316665,0.9974011,0.3351715
3,0,1,0.75497645,0.9989779,0.41306153
3,0,0,0.9846352,0.9980083,0.4247775
3,0,2,0.8160574,0.99741083,0.48433843
3,0,2,0.9812837,0.9958211,0.3542753
3,0,0,0.9871678,0.9958217,0.44023803
3,0,2,0.62130284,0.996451,0.54213667
3,0,0,0.9589622,0.99596417,0.34949517
3,0,2,0.8185584,0.998667,0.41074318
3,0,2,0.8200376,0.7868165,0.41651478
3,0,2,0.8173731,0.9982628,0.5911426
3,0,2,0.5059625,0.7917383,0.4625913
3,0,2,0.98548234,0.9950901,0.47495556
3,0,2,0.63436645,0.699726,0.48754236
3,0,2,0.77648807,0.998009,0.42570892
3,0,2,0.59702593,0.8380119,0.43186727
3,0,2,0.8564752,0.73715276,0.47563797
3,0,2,0.6108809,0.997083,0.5939891
3,0,2,0.8962235,0.9990828,0.42066985
3,0,0,0.9534411,0.99805826,0.41524744
3,0,1,0.8642142,0.87483734,0.43086526
3,0,2,0.5899213,0.9969994,0.47771803
3,0,2,0.8784235,0.79291254,0.47105923
3,0,2,0.7628688,0.81494665,0.45670488
3,0,0,0.9427808,0.7539454,0.38007465
3,0,0,0.85510164,0.99785763,0.39937818
3,0,2,0.865757,0.99756855,0.38180462
3,0,1,0.7639976,0.7428206,0.36677277
3,0,2,0.8404889,0.997914,0.41555017
3,0,2,0.76795006,0.9943487,0.3859311
3,0,2,0.85975975,0.757407,0.5231691
3,0,0,0.7117348,0.9963894,0.3567799
3,0,2,0.87458205,0.73705417,0.34935385
3,0,1,0.6442655,0.78933567,0.46877456
3,0,2,0.7591662,0.79679716,0.40604708
3,0,2,0.8863165,0.99687576,0.4584055
3,0,2,0.7947529,0.9977329,0.50162053
3,0,1,0.8240891,0.9982741,0.41802853
3,0,2,0.7553415,0.9981025,0.47257942
3,0,2,0.96825343,0.99822444,0.40759665
3,0,2,0.87404287,0.9987294,0.45446557
3,0,0,0.8604636,0.9956766,0.38186246
3,0,0,0.7549719,0.89109796,0.3980891
3,0,2,0.83955896,0.83187664,0.3803349
3,0,1,0.84427434,0.89757687,0.49521697
3,0,2,0.9537238,0.99878985,0.44705424
3,0,2,0.90237784,0.74662304,0.5192035
3,0,1,0.6665667,0.99450773,0.397519
3,0,2,0.9469753,0.7315454,0.44152552
3,0,2,0.7288293,0.80153966,0.3877295
3,0,1,0.7459747,0.9968472,0.4115796
3,0,2,0.87023425,0.99861336,0.3600357
3,0,1,0.8328992,0.8765521,0.39978254
3,0,1,0.9856425,0.99749196,0.371917
3,0,2,0.97014654,0.70871824,0.4228858
3,0,2,0.8184577,0.99589705,0.46428755
3,0,2,0.87267584,0.76026005,0.49538618
3,0,1,0.7937924,0.6957386,0.37109682
3,0,0,0.986541,0.997595,0.35709882
3,0,2,0.6399209,0.997391,0.480305
3,0,0,0.8415774,0.7350105,0.34643984
3,0,2,0.81464696,0.69140637,0.47318026
3,0,1,0.7499646,0.78501195,0.4169841
3,0,2,0.87141883,0.99734914,0.5779488
3,0,0,0.8472906,0.99863523,0.37767842
3,0,0,0.98400635,0.72024655,0.43568
3,0,1,0.59360766,0.7758505,0.42538184
3,0,2,0.63018054,0.6927702,0.5137219
3,0,2,0.6263442,0.7776023,0.47820842
3,0,2,0.82945985,0.9988507,0.38673842
3,0,2,0.89514416,0.7831317,0.5404921
3,0,1,0.70913076,0.61568445,0.42140666
3,0,0,0.82327724,0.7280981,0.40759653
3,0,2,0.6319652,0.7874744,0.38773507
3,0,2,0.7961326,0.9959627,0.42044044
3,0,2,0.8721085,0.997586,0.5311453
3,0,2,0.88443494,0.9979522,0.42546615
3,0,1,0.7338565,0.73835135,0.3501285
3,0,2,0.81275415,0.99809235,0.4191755
3,0,2,0.87672746,0.9971294,0.52033883
3,0,2,0.8264786,0.997891,0.45649788
3,0,1,0.62280786,0.99796355,0.5342426
3,0,0,0.86292475,0.8104116,0.42306077
3,0,1,0.9794527,0.9987858,0.33496633
3,0,0,0.8399182,0.9971943,0.3758326
3,0,2,0.61695856,0.6837967,0.4429732
3,0,2,0.6577908,0.66166085,0.5257464
3,0,2,0.8779715,0.74591726,0.4545387
3,0,0,0.9857862,0.7455691,0.43145096
3,0,1,0.8354876,0.99673575,0.3998654
3,0,2,0.5638203,0.79143745,0.50746125
3,0,2,0.6008549,0.9953537,0.5012346
3,0,0,0.85804796,0.7022667,0.35886177
3,0,2,0.8202572,0.788447,0.38828665
3,0,2,0.98441285,0.9984486,0.3770116
3,0,2,0.87945217,0.9470284,0.40676978
3,0,2,0.6718833,0.9975012,0.48969126
3,0,2,0.83486944,0.99727637,0.37378162
3,0,1,0.7891079,0.99438655,0.38854778
3,0,2,0.8701701,0.99720275,0.5006534
3,0,2,0.88258106,0.9977055,0.44240278
3,0,1,0.6988861,0.9983615,0.37227798
3,0,2,0.82824314,0.8474717,0.34048843
3,0,1,0.9155952,0.9953388,0.3588009
3,0,2,0.6568142,0.7077068,0.37651026
3,0,0,0.85531276,0.8697236,0.35994843
3,0,2,0.9655955,0.7764923,0.40405622
3,0,1,0.64999,0.7482053,0.49792138
3,0,2,0.678851,0.7812601,0.4452438
2,0,1,0.50298166,0.99713707,0.44887978
2,0,2,0.5827308,0.6602796,0.51463485
3,0,0,0.7682588,0.99417454,0.35358715
3,0,2,0.89096516,0.9967525,0.46878886
3,0,2,0.8272694,0.998553,0.58093566
3,0,2,0.8628032,0.9947883,0.39749902
3,0,2,0.8138947,0.7373047,0.40015173
3,0,0,0.6401645,0.75894004,0.38667855
3,0,2,0.98453957,0.99780136,0.40002552
3,0,2,0.65217566,0.99542797,0.45806032
3,0,1,0.7618988,0.7813472,0.38829264
3,0,0,0.93179524,0.6927801,0.48499346
3,0,2,0.896386,0.70988566,0.39679587
3,0,0,0.8635463,0.99789125,0.36637965
3,0,2,0.77494884,0.73705596,0.39640984
3,0,1,0.61683565,0.78903157,0.46424896
3,0,2,0.87968576,0.6704687,0.39823037
3,0,0,0.84472895,0.8254926,0.4052757
3,0,2,0.8087525,0.9960473,0.35316706
3,0,2,0.7907293,0.7326042,0.40918282
3,0,2,0.8057258,0.76738256,0.406731
3,0,1,0.7676582,0.99825233,0.47885638
3,0,2,0.8133973,0.9964896,0.45223883
3,0,2,0.86596346,0.99823284,0.38592702
3,0,2,0.83588415,0.6636017,0.4890158
3,0,0,0.7030839,0.749007,0.43218517
3,0,0,0.9861137,0.78239983,0.38099945
3,0,0,0.83004916,0.74895406,0.39717773
3,0,0,0.90370923,0.9976356,0.41219145
3,0,1,0.63489753,0.7581224,0.47203326
3,0,2,0.8861928,0.8589251,0.47569272
3,0,1,0.729108,0.9983866,0.4255424
3,0,2,0.79892373,0.70929366,0.48319152
3,0,2,0.9732915,0.99810815,0.35219544
3,0,1,0.4897402,0.9969631,0.40383583
3,0,1,0.8359114,0.99765414,0.3541954
3,0,1,0.9701791,0.9984925,0.35949045
3,0,0,0.7987699,0.99484694,0.3828433
3,0,2,0.9833897,0.75865424,0.37073502
3,0,2,0.8781139,0.99710685,0.45246872
3,0,1,0.98410517,0.7828631,0.34960377
3,0,0,0.9776921,0.9983535,0.4379807
3,0,2,0.7053117,0.7344097,0.395786
3,0,2,0.868148,0.9981834,0.4312681
3,0,0,0.7326754,0.9976967,0.42951646
3,0,1,0.78580046,0.8582663,0.43267164
3,0,1,0.86305475,0.9985459,0.368947
3,0,2,0.9085462,0.7655093,0.5816429
3,0,0,0.87129015,0.8321604,0.4152017
3,0,0,0.76293004,0.99436367,0.38767216
3,0,2,0.77760273,0.9974371,0.3429359
3,0,2,0.864068,0.7438449,0.41762215
3,0,2,0.83175856,0.99609995,0.4882782
3,0,2,0.8659806,0.99600357,0.3723352
3,0,1,0.8424336,0.7711555,0.40618753
3,0,1,0.6357541,0.7977298,0.44482026
3,0,2,0.8452481,0.99480444,0.40531772
3,0,2,0.8097836,0.7828929,0.43926924
3,0,0,0.82437027,0.99716944,0.386688
3,0,1,0.86307204,0.8434837,0.41623244
3,0,2,0.88224477,0.6938717,0.4924485
3,0,2,0.8350311,0.78773385,0.37831166
3,0,2,0.9854408,0.99805236,0.4814225
3,0,2,0.97072756,0.9986986,0.36133084
3,0,0,0.8732602,0.99574345,0.4816271
3,0,0,0.9781969,0.77635413,0.47101006
3,0,2,0.86343014,0.99600524,0.44148272
3,0,1,0.5900651,0.9966107,0.4933192
3,0,0,0.88717717,0.9968347,0.39201394
3,0,2,0.8306578,0.9969037,0.48335502
3,0,0,0.75964135,0.99782455,0.39339468
3,0,1,0.65215844,0.9985851,0.3566306
3,0,2,0.79551494,0.7205066,0.36065948
3,0,1,0.86058164,0.998302,0.49278817
3,0,2,0.98225546,0.7491329,0.3850562
3,0,2,0.87907255,0.568867,0.49920145
3,0,2,0.8586102,0.99650204,0.4080642
3,0,2,0.6039868,0.9966037,0.497398
3,0,2,0.71369433,0.99837947,0.51542175
3,0,0,0.959864,0.999171,0.43830568
3,0,2,0.9663952,0.99686134,0.38943666
3,0,0,0.8541015,0.83862114,0.3861455
3,0,2,0.6273749,0.9976108,0.39192516
3,0,2,0.97331876,0.99769443,0.40892982
3,0,1,0.6176784,0.9981188,0.51426697
3,0,2,0.87443507,0.9981743,0.3754351
3,0,1,0.87507105,0.6926674,0.4294083
3,0,0,0.8370655,0.68735635,0.41438776
3,0,2,0.8840852,0.9956357,0.50711995
3,0,2,0.49059492,0.83394545,0.3813822
3,0,2,0.95040035,0.99647623,0.40165824
3,0,2,0.9635151,0.99812967,0.3855149
3,0,2,0.8534848,0.8788483,0.39242756
3,0,2,0.74111474,0.99675375,0.36270356
3,0,2,0.7326754,0.76101017,0.41024888
3,0,2,0.9145071,0.9983891,0.37143788
3,0,2,0.8521435,0.9985777,0.43871838
3,0,2,0.8371012,0.77611333,0.42831835
3,0,0,0.84766585,0.7993661,0.39207023
3,0,2,0.9504094,0.76987964,0.47093046
3,0,1,0.65279967,0.9987496,0.4057797
3,0,2,0.85058266,0.70439714,0.4411538
3,0,2,0.73674554,0.8070825,0.3645169
3,0,1,0.6086018,0.9974884,0.48201525
3,0,1,0.83048445,0.9961195,0.45717585
3,0,2,0.8281782,0.7757231,0.38577127
3,0,2,0.7527652,0.6961854,0.3849243
3,0,0,0.80670965,0.8354117,0.34315535
3,0,0,0.98007387,0.79863524,0.37298587
3,0,0,0.8464483,0.9948388,0.37961552
3,0,0,0.86846,0.99360704,0.49578092
3,0,2,0.8134328,0.6855277,0.5106684
3,0,2,0.98215425,0.75314534,0.41916376
3,0,2,0.8467795,0.9946075,0.37280652
3,0,0,0.975244,0.9985904,0.3474741
3,0,2,0.88225126,0.9978053,0.48286262
3,0,0,0.64635885,0.99636215,0.37829143
3,0,2,0.86559343,0.7440956,0.37597877
2,0,1,0.5337907,0.76627547,0.3999114
3,0,0,0.8056358,0.75643104,0.37478387
3,0,0,0.9490503,0.99558276,0.36756006
3,0,2,0.9842424,0.9980204,0.39305806
3,0,2,0.6984006,0.73156023,0.3544473
3,0,2,0.80867964,0.789408,0.48545253
3,0,0,0.87459654,0.7846344,0.36005098
3,0,2,0.8807782,0.8037595,0.37879878
3,0,1,0.7675234,0.99652976,0.48085958
3,0,2,0.721542,0.9984848,0.44619495
3,0,1,0.56501627,0.723677,0.5206824
3,0,2,0.748344,0.72046596,0.39884153
3,0,2,0.84692216,0.66457015,0.53672004
3,0,0,0.9498853,0.77501196,0.38436508
3,0,2,0.98670375,0.71162707,0.39175647
3,0,2,0.6774838,0.73394215,0.6021911
3,0,2,0.7699305,0.721869,0.47076106
3,0,1,0.7782167,0.99833053,0.41990477
3,0,0,0.9523607,0.7570508,0.42044502
3,0,2,0.8132284,0.7813803,0.5321435
3,0,1,0.98325205,0.9960657,0.40478292
3,0,1,0.6060476,0.9976978,0.44170064
3,0,2,0.88951266,0.77622265,0.41790533
3,0,2,0.5292031,0.99591225,0.36345762
3,0,2,0.5887981,0.7412704,0.46077248
3,0,2,0.86559874,0.7178193,0.46940494
3,0,2,0.88227844,0.9983576,0.54052734
3,0,0,0.91695,0.9958007,0.41873884
3,0,0,0.8199577,0.99848855,0.40857375
3,0,2,0.9706169,0.99874425,0.40804344
3,0,0,0.8310789,0.9972082,0.38136375
3,0,2,0.86033773,0.99811053,0.42493534
3,0,2,0.5836206,0.9943051,0.45489037
3,0,2,0.7527616,0.7559057,0.36945087
3,0,0,0.8164191,0.9982653,0.413765
3,0,2,0.9766137,0.77536917,0.42712036
3,0,2,0.77404505,0.7651697,0.3732824
3,0,2,0.8761176,0.758143,0.39571604
3,0,2,0.9723901,0.77599376,0.40540567
3,0,2,0.7403364,0.9985189,0.41841558
3,0,1,0.7411946,0.83304054,0.4609343
3,0,2,0.65521705,0.66083884,0.4147336
3,0,1,0.661919,0.99471575,0.5102264
3,0,2,0.86632174,0.9984407,0.443534
3,0,2,0.6324251,0.9949799,0.48713014
3,0,2,0.8623148,0.99772185,0.4491898
3,0,1,0.9857135,0.99835604,0.37631875
3,0,1,0.8095463,0.9982836,0.36935166
3,0,1,0.51478606,0.768443,0.42568856
3,0,1,0.8647363,0.8536238,0.35652652
3,0,1,0.5898097,0.99857235,0.46842468
3,0,2,0.8303206,0.6665102,0.44969958
3,0,2,0.7539106,0.76264066,0.48611575
3,0,2,0.85795754,0.9970559,0.43189538
3,0,2,0.6319385,0.99579287,0.5141726
3,0,2,0.8735153,0.9973055,0.5217096
3,0,1,0.807297,0.7070161,0.35622817
3,0,1,0.76129764,0.8042843,0.401163
3,0,1,0.8086848,0.99471277,0.38892323
3,0,0,0.83928293,0.65377593,0.37808678
3,0,0,0.8659752,0.99803895,0.4147456
3,0,2,0.94726753,0.7532263,0.37167874
3,0,2,0.82518387,0.99723333,0.54604244
3,0,1,0.767023,0.7407719,0.39258692
3,0,2,0.87677723,0.99431413,0.4767125
3,0,0,0.8087719,0.74049276,0.46613348
3,0,2,0.86706054,0.7113786,0.39416602
3,0,2,0.60494816,0.9985447,0.40356508
3,0,0,0.9579517,0.77467865,0.4338081
3,0,2,0.7863763,0.68477976,0.46206683
3,0,2,0.8055735,0.9982169,0.52311933
3,0,0,0.91204077,0.99851066,0.41142353
3,0,2,0.62582755,0.70556307,0.40623105
3,0,2,0.8545574,0.81066006,0.3713769
3,0,2,0.98579663,0.9966271,0.36216465
3,0,0,0.97014654,0.7475437,0.38231248
3,0,2,0.8183707,0.9986681,0.4389759
3,0,0,0.9797896,0.99863833,0.37471482
3,0,2,0.983133,0.9957385,0.41520035
3,0,0,0.83094996,0.7944849,0.37010825
3,0,2,0.756289,0.6559046,0.38710442
3,0,1,0.83995223,0.9986451,0.38822913
3,0,1,0.87161887,0.80246234,0.37024757
3,0,2,0.7326754,0.79178774,0.38965505
3,0,2,0.75265837,0.78140473,0.41445142
3,0,1,0.73078495,0.7442753,0.423988
3,0,0,0.7659089,0.70998317,0.40286547
3,0,1,0.805555,0.7982549,0.37660933
3,0,2,0.8108156,0.998009,0.42563877
3,0,2,0.9768523,0.99703,0.4417425
3,0,1,0.81969494,0.99838996,0.39336708
3,0,0,0.96506894,0.7676073,0.4013985
3,0,1,0.8552804,0.99850935,0.40752226
3,0,2,0.6201475,0.752037,0.36191058
3,0,2,0.83626705,0.99565977,0.49805725
3,0,2,0.88065743,0.80885386,0.34598988
3,0,2,0.8533249,0.7291335,0.391424
3,0,1,0.76576155,0.9929669,0.41603547
3,0,0,0.6136446,0.80166703,0.41097298
3,0,1,0.86271423,0.802429,0.35695943
3,0,2,0.86177623,0.61572146,0.4761144
3,0,2,0.9874839,0.99806803,0.3986063
3,0,2,0.8822138,0.75378174,0.42150477
3,0,1,0.66843706,0.8015178,0.44040254
3,0,1,0.6438417,0.73597884,0.46178216
3,0,2,0.8994764,0.7474179,0.39992884
3,0,2,0.9751379,0.71375114,0.429069
3,0,2,0.58404225,0.99218833,0.4717791
3,0,1,0.59689814,0.6939971,0.48397473
3,0,2,0.8705602,0.993852,0.48298994
3,0,2,0.7598026,0.997531,0.38710988
3,0,2,0.7939262,0.6955738,0.4080176
3,0,0,0.83178836,0.9980724,0.40010715
3,0,2,0.85317904,0.6260228,0.4165268
3,0,0,0.7274244,0.685344,0.36392835
3,0,0,0.8182395,0.9984218,0.3742804
3,0,2,0.8737498,0.8694755,0.4037292
3,0,1,0.7579234,0.87305325,0.38100874
3,0,2,0.8860248,0.74391073,0.5869564
3,0,2,0.89455134,0.99875283,0.543891
3,0,0,0.9699875,0.81137586,0.3903015
3,0,2,0.7710838,0.99832135,0.4322455
3,0,0,0.9666976,0.7695846,0.44396394
3,0,2,0.8827335,0.99813443,0.40297896
3,0,2,0.8197396,0.7539204,0.50254136
3,0,2,0.738605,0.9949008,0.40243432
3,0,2,0.8449958,0.99820757,0.35670727
3,0,1,0.58562577,0.7710661,0.51154715
3,0,2,0.72185063,0.9980647,0.42231098
3,0,2,0.8229125,0.99819297,0.6046205
2,0,2,0.49093992,0.69950354,0.4578876
3,0,0,0.6730261,0.99476963,0.40098447
3,0,2,0.8665903,0.996727,0.3638053
3,0,2,0.86737263,0.6180595,0.52148634
3,0,1,0.8281044,0.73350596,0.3806059
3,0,2,0.8442357,0.6684626,0.4836366
2,0,2,0.5263344,0.6383278,0.54443926
3,0,1,0.8298386,0.74067163,0.4097556
3,0,2,0.978462,0.9983096,0.36482266
3,0,2,0.88241494,0.9983177,0.5100764
3,0,2,0.65120405,0.77046436,0.49058947
3,0,2,0.8028567,0.9963786,0.58316284
3,0,2,0.97025853,0.9960394,0.38534424
3,0,2,0.8466287,0.76993567,0.5205169
3,0,2,0.811909,0.9969313,0.41194102
3,0,2,0.8916066,0.70300317,0.5387379
3,0,1,0.54054195,0.7485508,0.5433404
3,0,1,0.97512895,0.9956767,0.35388714
3,0,2,0.82941306,0.99707496,0.53251934
3,0,0,0.9832418,0.9964557,0.5460835
3,0,2,0.7493192,0.759976,0.5699074
3,0,0,0.944251,0.9923874,0.40172094
3,0,1,0.78418857,0.9988738,0.36279792
3,0,1,0.56964844,0.67937315,0.45226294
3,0,2,0.8710584,0.9989698,0.5087802
3,0,2,0.8048453,0.997341,0.41759798
3,0,2,0.7822406,0.72026646,0.45194456
3,0,2,0.6300045,0.71153814,0.51822215
2,0,1,0.5366039,0.6885967,0.4614193
3,0,2,0.6024011,0.9984882,0.4039329
3,0,2,0.84282094,0.9964804,0.41078937
3,0,2,0.967476,0.9967237,0.4761433
3,0,0,0.5260869,0.8149608,0.37207466
3,0,1,0.8575599,0.9973115,0.38507077
3,0,2,0.9780936,0.62234277,0.4034444
3,0,2,0.8080132,0.9987166,0.5014749
3,0,0,0.98692244,0.99674314,0.38005885
3,0,2,0.8201162,0.9988765,0.52642465
3,0,0,0.8121695,0.99807215,0.39844486
3,0,0,0.9672326,0.997186,0.44026
3,0,2,0.77266425,0.73321426,0.44229147
3,0,2,0.8962459,0.996415,0.4630611
3,0,2,0.59297246,0.66211915,0.5220012
3,0,2,0.98699826,0.99533844,0.3596771
3,0,2,0.8107084,0.738588,0.39191058
3,0,2,0.7678269,0.88557684,0.41959488
3,0,0,0.7917162,0.996822,0.39536658
3,0,2,0.88129073,0.754755,0.49544048
3,0,2,0.8733542,0.789482,0.45635062
3,0,2,0.75086904,0.7506279,0.40917233
3,0,0,0.9658731,0.77621657,0.4484966
3,0,2,0.5231168,0.99750936,0.5316693
3,0,2,0.97310704,0.73397005,0.38209715
3,0,2,0.8322461,0.9949191,0.50062704
3,0,0,0.8306855,0.7695133,0.42886075
3,0,0,0.61106795,0.7435774,0.37869957
3,0,2,0.8198705,0.72379524,0.47102052
3,0,2,0.8281914,0.997712,0.45445925
3,0,1,0.8738693,0.99763334,0.37340844
3,0,2,0.8770295,0.99793446,0.5015109
2,1,2,0.54338986,0.5261445,0.44346038
3,0,2,0.6875727,0.7192143,0.5038587
3,0,1,0.7655567,0.99697626,0.38905987
3,0,2,0.6372121,0.9970994,0.45758054
3,0,0,0.7544629,0.9985733,0.39669672
3,0,1,0.62286174,0.80714405,0.48057184
3,0,2,0.9872432,0.7428381,0.4184083
3,0,0,0.81247914,0.9956138,0.38995132
3,0,2,0.82263666,0.9990784,0.42585132
3,0,2,0.98531544,0.9987627,0.39592737
3,0,2,0.59167045,0.9970687,0.4751359
3,0,2,0.86372316,0.74304175,0.4915996
3,0,2,0.799863,0.73859334,0.37418967
3,0,2,0.72395325,0.7875192,0.44764727
3,0,0,0.94731706,0.646447,0.36177638
2,0,2,0.49003384,0.7225698,0.5203174
3,0,0,0.859192,0.93705046,0.4024486
3,0,0,0.95134705,0.7662395,0.36047214
3,0,2,0.83496344,0.99741733,0.506212
3,0,1,0.7778262,0.8581532,0.4080356
3,0,0,0.78174704,0.99712867,0.35602683
3,0,2,0.8623068,0.9986833,0.5284842
3,0,2,0.966347,0.8901293,0.48376864
3,0,0,0.80449176,0.6974531,0.40319884
3,0,2,0.9852105,0.7501346,0.4683232
3,0,0,0.8252462,0.9980386,0.41427907
3,0,2,0.9679109,0.9982358,0.39647782
3,0,1,0.88623035,0.94849753,0.39418614
3,0,2,0.8104006,0.9988092,0.48760295
3,0,2,0.8207875,0.722261,0.39892834
3,0,2,0.60544264,0.9978382,0.5258227
3,0,1,0.6759016,0.77307194,0.36797944
3,0,2,0.89451724,0.7354562,0.56322515
3,0,2,0.9737863,0.7172096,0.36838505
3,0,1,0.6376473,0.7897169,0.49742684
3,0,2,0.8921682,0.7739328,0.5279344
3,0,0,0.84468335,0.998681,0.35427374
3,0,1,0.6247303,0.99689156,0.4700973
3,0,2,0.74287134,0.9974632,0.49928316
3,0,2,0.80341154,0.8353304,0.4148677
3,0,2,0.65868396,0.9982529,0.36451322
3,0,0,0.96475595,0.9979691,0.8537919
3,0,2,0.8428718,0.99782604,0.35226145
3,0,2,0.85148317,0.99672735,0.38902408
3,0,0,0.91850734,0.70858735,0.39580545
3,0,2,0.8977685,0.9989008,0.3621627
3,0,2,0.8379194,0.745717,0.5583441
2,0,1,0.5376363,0.7282802,0.44123852
3,0,2,0.8210898,0.7501816,0.45271882
3,0,2,0.61289,0.99631965,0.46738046
3,0,2,0.60847324,0.6545889,0.4576041
3,0,1,0.7872621,0.76363087,0.37149957
3,0,2,0.8544457,0.7527371,0.43407872
3,0,2,0.9857473,0.9974642,0.43916783
3,0,0,0.9479873,0.7471659,0.41357937
3,0,2,0.73438525,0.9981243,0.36494184
3,0,0,0.88047945,0.8366639,0.41302973
3,0,2,0.69535655,0.7173842,0.52031356
3,0,2,0.8501833,0.6724218,0.4606068
3,0,2,0.7517994,0.70610994,0.4027835
3,0,2,0.88136685,0.9968645,0.3806331
3,0,2,0.874403,0.6775748,0.49657527
3,0,2,0.8227026,0.7203799,0.47236684
3,0,1,0.8606552,0.8239096,0.34148479
3,0,1,0.8629739,0.9973525,0.36930585
3,0,0,0.8725456,0.71058434,0.40564162
3,0,2,0.8118327,0.99845576,0.49256456
3,0,2,0.85055697,0.9973425,0.375728
3,0,0,0.98600113,0.9984572,0.38704214
3,0,2,0.66617703,0.6516195,0.41317233
3,0,2,0.88033015,0.74029845,0.48461354
3,0,2,0.9843329,0.9987387,0.38606375
3,0,2,0.8944776,0.74285233,0.41751426
3,0,1,0.57853657,0.67693293,0.50284034
3,0,1,0.6072065,0.99541426,0.42209888
3,0,2,0.8431592,0.72038525,0.40205237
3,0,2,0.8115646,0.7113709,0.42201045
3,0,2,0.84454024,0.69190645,0.5261594
3,0,2,0.9789875,0.72697806,0.40263936
3,0,2,0.9842004,0.9975623,0.38357285
3,0,1,0.66542447,0.9932742,0.4237486
3,0,1,0.9478977,0.99853265,0.4278781
3,0,2,0.9852683,0.7510541,0.3615657
3,0,1,0.6532904,0.9972127,0.46341226
3,0,1,0.86669606,0.71849126,0.37047935
3,0,0,0.9579517,0.71371955,0.38233796
3,0,2,0.81186193,0.74804926,0.5370305
3,0,2,0.95080304,0.77561885,0.4251287
3,0,2,0.88169146,0.9981142,0.5795006
3,0,1,0.94895893,0.78542715,0.37049156
3,0,1,0.842426,0.8854013,0.50456506
3,0,1,0.9545118,0.9970374,0.37051573
2,0,1,0.56149393,0.7869035,0.5995035
3,0,1,0.8548249,0.8745652,0.38800436
3,0,1,0.75603384,0.79357815,0.46228695
3,0,1,0.9765487,0.99767286,0.37161478
3,0,0,0.8617863,0.77000284,0.35429227
3,0,2,0.8764401,0.7886689,0.4598159
3,0,2,0.82104415,0.734411,0.4747247
3,0,1,0.6373992,0.9974481,0.41575837
3,0,2,0.9856425,0.77695966,0.41006333
3,0,0,0.9439769,0.99739766,0.5334888
3,0,1,0.5951365,0.9987369,0.49235082
3,0,2,0.8232102,0.99833566,0.45425755
3,0,1,0.8496158,0.9991523,0.53764135
3,0,1,0.7753966,0.9984983,0.38725725
3,0,2,0.84668833,0.7947344,0.40049255
3,0,1,0.9488406,0.99760497,0.36617118
3,0,0,0.91517127,0.9966275,0.39002112
3,0,2,0.5955515,0.99834776,0.37547562
2,0,1,0.5009276,0.99802303,0.5290238
3,0,2,0.8438209,0.99802965,0.42109093
3,0,0,0.85139877,0.74288666,0.41449618
3,0,1,0.58969593,0.9978543,0.41996405
3,0,2,0.84235656,0.7076783,0.3769887
3,0,2,0.98014736,0.9969741,0.36141238
3,0,2,0.69662845,0.738921,0.62046427
3,0,1,0.5772115,0.9974928,0.49267328
3,0,2,0.9756285,0.99733895,0.34764525
3,0,1,0.85024405,0.99822026,0.3680511
3,0,2,0.67099065,0.77216333,0.3670187
3,0,2,0.83063734,0.6927357,0.46291226
3,0,2,0.7437213,0.8227783,0.42494917
3,0,2,0.9619609,0.7717854,0.45719683
3,0,2,0.88532376,0.9984334,0.39715043
3,0,2,0.88143915,0.56053215,0.40313324
3,0,2,0.87467134,0.7787194,0.50542045
3,0,0,0.97078437,0.9977337,0.3449726
3,0,0,0.7919982,0.9976363,0.43180537
3,0,2,0.8907422,0.9968135,0.4760898
3,0,2,0.80740166,0.66117,0.47895896
3,0,2,0.974538,0.9983259,0.4253513
3,0,2,0.705894,0.7745339,0.40622535
3,0,0,0.95523006,0.7448156,0.37788478
3,0,2,0.79794806,0.99561346,0.5324637
3,0,2,0.870126,0.99711204,0.41416365
3,0,0,0.9694769,0.7649549,0.40835977
3,0,1,0.59718764,0.9945162,0.4099551
3,0,2,0.61006033,0.6850451,0.5197743
3,0,2,0.7806444,0.8151592,0.473572
3,0,2,0.7320907,0.75394255,0.4464197
3,0,2,0.6239506,0.7960853,0.3827066
3,0,2,0.80571127,0.7295701,0.38086352
3,0,2,0.8673372,0.9984384,0.34906578
3,0,2,0.86368436,0.99700636,0.4311336
3,0,0,0.61255175,0.81092596,0.41229448
3,0,2,0.8110122,0.68227386,0.42890775
3,0,2,0.79361296,0.81841755,0.37537012
3,0,1,0.48087272,0.9967007,0.60843086
3,0,1,0.7809505,0.79804665,0.46364313
3,0,2,0.90696174,0.7569994,0.46515968
3,0,2,0.91629076,0.6602801,0.4676608
3,0,2,0.83518326,0.7550306,0.43161032
3,0,0,0.7429313,0.7863515,0.4018836
3,0,1,0.81954604,0.9983229,0.41166803
3,0,2,0.8839468,0.7309849,0.49843824
3,0,2,0.9330724,0.79491323,0.4697575
3,0,0,0.7557502,0.78638184,0.38787913
3,0,2,0.88665205,0.7643989,0.42850858
3,0,2,0.7747761,0.6877402,0.45129517
3,0,2,0.8220097,0.998789,0.42633694
3,0,2,0.763299,0.74135345,0.34895068
3,0,2,0.61154467,0.7493791,0.48708597
3,0,1,0.7259198,0.90422934,0.44904992
3,0,0,0.8330173,0.9980994,0.40010715
3,0,1,0.7636596,0.899669,0.49329618
3,0,2,0.8856622,0.998298,0.5305562
3,0,2,0.7548229,0.806433,0.35143432
3,0,2,0.79618204,0.73316425,0.42677012
3,0,2,0.8391519,0.9983,0.38565513
3,0,1,0.9762182,0.73625505,0.42047802
3,0,0,0.9689829,0.71474713,0.36234665
3,0,0,0.93060786,0.7480836,0.36604917
3,0,2,0.9853955,0.7733365,0.42258185
3,0,0,0.95186585,0.9960905,0.40170348
3,0,2,0.9890954,0.9965161,0.36337748
3,0,2,0.79391634,0.99856216,0.43324718
2,0,1,0.478971,0.9973916,0.45814922
3,0,0,0.85644305,0.99545175,0.44760996
3,0,2,0.8534796,0.9976248,0.5531321
3,0,2,0.69511974,0.9980166,0.37174538
3,0,0,0.77646226,0.74916124,0.40924942
3,0,0,0.98545015,0.7579518,0.35474417
3,0,2,0.8919766,0.7943423,0.44399506
3,0,2,0.86889684,0.997675,0.39859435
3,0,2,0.82012475,0.99829584,0.4313046
3,0,2,0.9835254,0.9982236,0.4864427
3,0,1,0.7674685,0.87764156,0.455598
3,0,1,0.61893857,0.82072264,0.36208916
3,0,2,0.86632174,0.9975472,0.44408578
3,0,2,0.60816354,0.74318314,0.47943178
3,0,2,0.8581936,0.9987784,0.48161995
3,0,0,0.9503082,0.9950105,0.3972993
3,0,2,0.83109266,0.7042413,0.51173985
3,0,2,0.7517946,0.9980975,0.39015847
3,0,1,0.75986564,0.99575776,0.5195836
3,0,2,0.86858326,0.99884474,0.4661804
3,0,2,0.84178144,0.9946056,0.37643242
3,0,2,0.79400027,0.99794644,0.42361403
3,0,2,0.9005831,0.7994207,0.46177122
3,0,0,0.7691127,0.77804774,0.39676526
3,0,2,0.66334987,0.70142156,0.44026238
3,0,2,0.840086,0.9970176,0.39521182
3,0,2,0.843224,0.7464072,0.544107
3,0,2,0.58106494,0.99366814,0.47880605
3,0,2,0.7664859,0.67689174,0.45059258
3,0,2,0.75658596,0.71701264,0.4199493
3,0,0,0.81122637,0.9974246,0.34291455
3,0,2,0.6289845,0.7226337,0.47603035
3,0,2,0.7295864,0.9969946,0.4146915
3,0,2,0.8863165,0.9970392,0.494107
3,0,1,0.8298076,0.998338,0.3576693
3,0,0,0.946092,0.9986506,0.39992833
3,0,2,0.7245009,0.7323014,0.43063417
3,0,2,0.87823653,0.6651025,0.5027394
3,0,0,0.74702746,0.9962251,0.44806182
3,0,2,0.8708837,0.99681467,0.48655775
3,0,0,0.9673651,0.9975605,0.36062723
3,0,1,0.6296146,0.99694127,0.44833007
3,0,2,0.85718834,0.99724907,0.48767734
3,0,2,0.85112023,0.8199474,0.35406077
3,0,1,0.7242377,0.99844605,0.43216687
3,0,2,0.8755247,0.7531505,0.44672012
3,0,2,0.9668023,0.69680214,0.3951997
3,0,2,0.88498926,0.7477057,0.4603932
3,0,2,0.80251944,0.74622965,0.35751885
3,0,2,0.85287184,0.9954471,0.44825777
3,0,2,0.86067194,0.9956809,0.4438533
3,0,1,0.88414174,0.71238005,0.3857716
3,0,2,0.8257885,0.77423716,0.39662683
3,0,1,0.7641974,0.91018033,0.41824475
3,0,2,0.88109505,0.99696213,0.4995762
3,0,0,0.9872148,0.99833065,0.4392071
3,0,0,0.8363697,0.99799585,0.36439955
3,0,0,0.9863738,0.75924885,0.4177769
3,0,1,0.77201974,0.86769044,0.4286576
3,0,1,0.7624493,0.9987941,0.35976925
3,0,1,0.76156807,0.9951916,0.40809643
3,0,2,0.8499334,0.994426,0.36472186
3,0,2,0.8231438,0.9972529,0.3903035
3,0,1,0.8643233,0.9973205,0.4819937
3,0,2,0.9648976,0.9986719,0.44449598
3,0,2,0.8174846,0.7431284,0.5160784
3,0,0,0.9872394,0.99682754,0.35175955
3,0,2,0.87477356,0.7947624,0.4062019
3,0,1,0.93060786,0.7979707,0.37015715
3,0,2,0.8194142,0.8375411,0.39486602
3,0,0,0.9871678,0.9967998,0.445738
3,0,2,0.9853652,0.99687636,0.38331038
3,0,1,0.7861736,0.9956703,0.4953134
3,0,2,0.8816359,0.7763646,0.38155597
3,0,1,0.6057604,0.996534,0.49251777
3,0,1,0.6716661,0.99857426,0.38581568
3,0,2,0.87745917,0.9976036,0.5202599
3,0,1,0.65196896,0.8435849,0.50859034
3,0,2,0.7573339,0.87322336,0.42560235
3,0,0,0.98822266,0.7077131,0.4603797
3,0,0,0.8210697,0.77473557,0.40732574
2,0,2,0.5353898,0.7864191,0.43758255
3,0,1,0.96807945,0.7562727,0.40643993
3,0,1,0.87858504,0.99844754,0.37787107
3,0,0,0.9684871,0.9975097,0.46107867
3,0,2,0.647146,0.99672663,0.48661286
3,0,0,0.88791376,0.9973667,0.33954674
3,0,1,0.7814656,0.6872258,0.3824498
3,0,2,0.96870863,0.8090325,0.37272483
3,0,2,0.9843205,0.997787,0.37786996
3,0,1,0.6074564,0.71547514,0.40358135
3,0,2,0.8887814,0.7644788,0.5209201
3,0,2,0.760948,0.9986399,0.4110816
3,0,2,0.5757035,0.9962979,0.46028286
3,0,2,0.8160574,0.7967587,0.5725271
3,0,0,0.97366536,0.99868256,0.42056063
3,0,2,0.83204937,0.7022003,0.53342056
3,0,2,0.75493985,0.66582656,0.44951472
3,0,2,0.85743326,0.996518,0.41341734
3,0,1,0.75494313,0.9922667,0.4352948
3,0,0,0.8551832,0.74542093,0.38213223
3,0,2,0.8808915,0.8769215,0.39892176
3,0,2,0.948119,0.99791616,0.36782184
3,0,2,0.57992256,0.9966624,0.46892607
3,0,0,0.61577624,0.99657804,0.37664804
3,0,2,0.79022914,0.9965545,0.37078288
3,0,1,0.74692875,0.9317987,0.45735866
3,0,1,0.72878134,0.9978313,0.41028842
3,0,2,0.8735872,0.99770963,0.44741547
3,0,1,0.73784196,0.8956934,0.40831533
3,0,2,0.9858715,0.67259824,0.39239588
3,0,2,0.8419746,0.99837756,0.42516965
3,0,2,0.8566418,0.80740327,0.39658684
3,0,0,0.96979886,0.9984647,0.3752808
3,0,2,0.8486631,0.9985233,0.4109692
3,0,2,0.88804144,0.70983434,0.44851753
3,0,2,0.6006077,0.7181428,0.5092295
3,0,2,0.8207082,0.9981572,0.40364382
3,0,1,0.87197655,0.6416602,0.38853848
3,0,2,0.82497615,0.99758434,0.5408714
3,0,2,0.75059485,0.79307014,0.44792804
3,0,0,0.6398319,0.99727577,0.3822032
3,0,2,0.8663933,0.9978998,0.42167434
3,0,2,0.8892257,0.9973074,0.43807688
3,0,0,0.67099065,0.79203266,0.44629171
3,0,2,0.9837226,0.9983234,0.39073652
3,0,2,0.8090504,0.76953477,0.54290384
3,0,1,0.5439982,0.6127491,0.54975086
2,0,2,0.5594522,0.63820493,0.51373327
3,0,2,0.8879805,0.99800605,0.41082004
3,0,2,0.9855575,0.9984199,0.4707255
2,0,1,0.5480866,0.8197718,0.4085313
3,0,2,0.8279495,0.74484444,0.54923505
3,0,2,0.97672176,0.8013917,0.42588863
3,0,1,0.8712222,0.99554354,0.43157166
3,0,2,0.84851366,0.9980089,0.5159523
3,0,2,0.841087,0.99666756,0.4489124
3,0,2,0.69050807,0.72887826,0.3532741
3,0,1,0.815499,0.87600005,0.37267682
3,0,1,0.64395624,0.7978883,0.37829167
3,0,0,0.83997947,0.9988796,0.38518307
3,0,1,0.65905076,0.79871225,0.43792772
3,0,1,0.74982995,0.9959991,0.4004801
3,0,0,0.88278025,0.7848405,0.3535625
3,0,0,0.8336748,0.9961605,0.3920829
3,0,2,0.6139144,0.7626795,0.46875077
3,0,1,0.9642742,0.6796206,0.38707933
3,0,0,0.8238782,0.75283444,0.3765885
3,0,0,0.8640316,0.99667466,0.41716412
3,0,2,0.57508415,0.99570054,0.4814881
3,0,2,0.97331876,0.8068223,0.38299322
3,0,1,0.7685806,0.99880326,0.39398363
3,0,2,0.79099774,0.9965745,0.5324141
3,0,1,0.83810407,0.9980692,0.42346573
3,0,2,0.98737246,0.99805033,0.4289492
2,0,2,0.51291615,0.9977574,0.55992067
3,0,2,0.85580593,0.9972362,0.38620904
3,0,2,0.8815742,0.896897,0.53091836
3,0,2,0.5994309,0.998809,0.46333182
3,0,2,0.7618988,0.75809294,0.40649036
3,0,1,0.83597225,0.7833019,0.39282855
3,0,1,0.6164988,0.6953322,0.48540005
3,0,2,0.87161887,0.9981664,0.4201271
3,0,2,0.6925749,0.9974111,0.38939208
3,0,2,0.6058578,0.99520737,0.44722605
3,0,2,0.8092766,0.9965912,0.3698061
3,0,1,0.9711223,0.9961487,0.4015327
3,0,2,0.7618241,0.77043,0.48508406
3,0,2,0.7505229,0.77216136,0.48031497
3,0,2,0.96472144,0.9983683,0.3537707
3,0,2,0.8718075,0.9977451,0.49547383
3,0,2,0.67767596,0.9986474,0.58832985
3,0,2,0.7618988,0.99640864,0.4210485
3,0,2,0.86398923,0.9976751,0.4085792
3,0,2,0.65924525,0.8348753,0.41645616
3,0,2,0.84236383,0.7498041,0.43594024
3,0,2,0.6143498,0.68984014,0.39947632
3,0,2,0.84862196,0.666929,0.41326615
3,0,1,0.9872624,0.99910295,0.36601594
3,0,2,0.83999544,0.9965712,0.40904456
3,0,2,0.8557972,0.9975783,0.39564428
3,0,0,0.8686945,0.99817,0.36605275
3,0,2,0.72185063,0.6334332,0.42657104
2,0,2,0.52241695,0.9973673,0.46856287
3,0,2,0.8116235,0.9984091,0.49832323
3,0,2,0.86899847,0.9980781,0.495151
3,0,2,0.87989116,0.99738735,0.37316364
3,0,1,0.87206393,0.8150223,0.40853137
3,0,2,0.8171454,0.9983662,0.5543388
3,0,2,0.9853969,0.99730647,0.38392168
3,0,0,0.9446649,0.99776554,0.36465302
3,0,2,0.8801865,0.9986947,0.52859086
3,0,2,0.9744342,0.78392833,0.43431368
3,0,2,0.94719917,0.99851006,0.36823422
3,0,1,0.76617265,0.9981268,0.42625517
3,0,1,0.6717069,0.8047271,0.33752337
3,0,2,0.9862686,0.99708813,0.44094843
3,0,2,0.7417319,0.71577656,0.49363324
3,0,1,0.768408,0.7062051,0.46957922
3,0,0,0.75649893,0.9362415,0.37285298
3,0,2,0.75834996,0.7596801,0.4253157
3,0,2,0.85650706,0.99872535,0.37812766
3,0,0,0.82105035,0.9979937,0.3771183
3,0,1,0.9852743,0.76344764,0.4251653
3,0,1,0.8333902,0.87356335,0.50338244
3,0,1,0.983489,0.8046991,0.37384722
3,0,1,0.6237607,0.99540734,0.430853
3,0,2,0.89688456,0.99790996,0.54661626
3,0,2,0.813204,0.99732274,0.47789857
3,0,2,0.7773988,0.9988902,0.53706014
3,0,0,0.8675156,0.77427644,0.3613715
3,0,0,0.87223107,0.8314043,0.43354157
3,0,0,0.98577577,0.9959478,0.34479594
3,0,2,0.85274494,0.99377835,0.42185098
3,0,2,0.8369665,0.99561936,0.3694139
3,0,0,0.4996103,0.996915,0.40531695
3,0,2,0.64261895,0.73061645,0.44015715
3,0,2,0.60680604,0.99688303,0.4098526
3,0,2,0.76480216,0.9976736,0.39555678
3,0,2,0.50782514,0.68584466,0.46311647
3,0,0,0.986541,0.998214,0.40844715
3,0,2,0.6212636,0.99736834,0.3827591
3,0,0,0.9855108,0.9969158,0.35679176
3,0,0,0.92067665,0.8294031,0.43744308
3,0,2,0.85213363,0.74660903,0.48984298
3,0,0,0.84080476,0.7226438,0.42098552
3,0,0,0.58928233,0.75307035,0.42605215
3,0,0,0.8697132,0.9974342,0.5007184
3,0,2,0.772895,0.88178337,0.46706626
2,0,2,0.48282826,0.6989711,0.5298945
3,0,2,0.868534,0.99605656,0.4434831
3,0,1,0.66330767,0.99612635,0.42905
3,0,0,0.9164147,0.99527353,0.35289666
3,0,0,0.83419114,0.7370462,0.357719
3,0,0,0.77646226,0.73678833,0.4259054
3,0,2,0.83489513,0.9981862,0.43426728
3,0,0,0.724276,0.99844664,0.35262322
3,0,1,0.9750172,0.7136997,0.40044028
3,0,2,0.8717202,0.9979134,0.38751706
3,0,1,0.82053095,0.99805284,0.36010435
3,0,2,0.8749061,0.747143,0.48497182
3,0,2,0.8315178,0.997101,0.34736398
3,0,2,0.7804521,0.809643,0.39271417
3,0,0,0.88122314,0.7654406,0.5186713
3,0,1,0.763044,0.92977506,0.4518563
3,0,2,0.97208256,0.7269371,0.42922506
3,0,0,0.97025853,0.9983469,0.38566893
3,0,2,0.87177163,0.748568,0.5236288
3,0,2,0.65947986,0.9956631,0.43628356
3,0,0,0.71712554,0.7521662,0.4484756
3,0,0,0.98463213,0.7493449,0.38179106
3,0,0,0.8419091,0.9944628,0.41821536
3,0,2,0.81984705,0.7809854,0.40103233
3,0,1,0.7453631,0.9033796,0.512342
3,0,2,0.77113855,0.9962769,0.3941044
3,0,1,0.60284656,0.9978143,0.4845799
3,0,2,0.9874013,0.9967235,0.38557693
3,0,1,0.5726181,0.99744654,0.513147
3,0,2,0.9868602,0.995587,0.40980935
3,0,0,0.98167324,0.68344563,0.35836378
3,0,1,0.6518384,0.8142322,0.42829955
3,0,1,0.6573845,0.7587145,0.4743305
3,0,2,0.8874012,0.9992378,0.4695568
3,0,2,0.59766835,0.9943047,0.4300374
3,0,1,0.58073527,0.8363279,0.43269327
3,0,0,0.9650654,0.8314608,0.43481535
3,0,0,0.7631833,0.9986726,0.4021056
3,0,2,0.97414196,0.99871147,0.4038698
3,0,2,0.9671477,0.75978416,0.4399157
2,0,2,0.5249427,0.84391594,0.47245535
3,0,2,0.8575738,0.7009859,0.37611526
3,0,2,0.96862596,0.65115863,0.3854246
3,0,2,0.74300474,0.998126,0.4085835
3,0,1,0.87684447,0.9988574,0.37324527
3,0,2,0.7661092,0.99831057,0.40189704
3,0,1,0.61416864,0.9953375,0.468986
3,0,2,0.8901061,0.7886141,0.4705098
3,0,1,0.60648537,0.99724483,0.40931383
3,0,2,0.8498949,0.69293547,0.40759847
3,0,2,0.85034287,0.9961901,0.41390055
3,0,1,0.76097536,0.99328494,0.33965334
3,0,1,0.5403476,0.77446055,0.37912384
3,0,1,0.83274984,0.99897444,0.3982481
3,0,0,0.857522,0.7091365,0.40591946
2,0,2,0.51517135,0.67197627,0.4837407
3,0,1,0.7613019,0.9963193,0.42506546
3,0,2,0.9450001,0.997724,0.37823555
3,0,0,0.98584473,0.9977581,0.35161176
3,0,0,0.976762,0.9949203,0.42063472
3,0,1,0.7566151,0.9979253,0.45870453
3,0,2,0.82151467,0.7608252,0.41310355
3,0,1,0.67680645,0.9967579,0.56338763
3,0,0,0.9863884,0.99803823,0.38792658
3,0,1,0.59099764,0.9977858,0.40773726
3,0,1,0.8714931,0.7940673,0.46724686
3,0,1,0.87011516,0.77914214,0.35579032
3,0,2,0.8638787,0.68980736,0.41026956
3,0,2,0.87158334,0.7746104,0.39864293
3,0,2,0.90467596,0.9988464,0.64284796
3,0,2,0.6175748,0.7413023,0.43893638
3,0,2,0.8336374,0.9959974,0.43605146
3,0,2,0.7598026,0.65004534,0.39077502
3,0,1,0.83288455,0.7670996,0.39633188
3,0,2,0.953024,0.78001195,0.33434576
3,0,0,0.8258428,0.7820625,0.49739048
3,0,2,0.8092766,0.99840957,0.37191686
3,0,1,0.54531556,0.72176796,0.50187707
3,0,2,0.9823132,0.9963714,0.42604548
3,0,1,0.5898097,0.7558301,0.541937
3,0,0,0.9212721,0.65839404,0.4498084
3,0,0,0.8289544,0.79096144,0.36359742
3,0,2,0.5865926,0.9972045,0.49892235
3,0,2,0.8614647,0.7291272,0.45523474
3,0,0,0.8281776,0.9950848,0.3475942
3,0,0,0.85034287,0.8816908,0.43603727
3,0,2,0.9785211,0.70887566,0.39416724
3,0,1,0.797601,0.99671555,0.33913115
3,0,1,0.87280023,0.99814236,0.34816706
3,0,2,0.7385708,0.9980432,0.39019734
3,0,2,0.5634672,0.73684114,0.39889574
3,0,2,0.9560662,0.70597285,0.39326957
3,0,0,0.96105796,0.9980186,0.38481507
3,0,2,0.8812284,0.70210135,0.4593315
3,0,2,0.9768887,0.76821154,0.3504754
3,0,2,0.9679614,0.99725467,0.3682793
3,0,2,0.79738724,0.99862313,0.44792813
3,0,2,0.79019773,0.99768496,0.5131877
3,0,2,0.75312513,0.99872595,0.33901277
3,0,1,0.6511556,0.8096926,0.43579343
3,0,2,0.6147649,0.9956899,0.4083507
3,0,1,0.9860336,0.7676365,0.34348065
3,0,0,0.970415,0.9982639,0.37344602
3,0,2,0.9865714,0.99662316,0.3910547
3,0,2,0.75837094,0.9965354,0.476153
3,0,2,0.8462465,0.7371722,0.4689546
3,0,2,0.80833787,0.80101347,0.43548283
3,0,1,0.7738214,0.9956709,0.42755964
3,0,0,0.894275,0.7848049,0.36889338
3,0,2,0.8730018,0.9978421,0.44861048
3,0,0,0.7399684,0.8142388,0.3936735
3,0,2,0.8227001,0.7458803,0.42544198
3,0,2,0.83875906,0.99778926,0.44004604
3,0,2,0.8637613,0.9975793,0.40461075
3,0,1,0.6122139,0.996793,0.4432016
3,0,1,0.75270545,0.99727064,0.40989152
3,0,2,0.8366485,0.7891026,0.5622151
3,0,2,0.83704567,0.99792504,0.36762246
3,0,1,0.98029137,0.9984994,0.3615867
3,0,0,0.9432959,0.99529463,0.3894128
3,0,2,0.76422715,0.99489033,0.4963522
3,0,0,0.85419524,0.76563346,0.44720858
3,0,2,0.7940519,0.81879705,0.40274006
3,0,1,0.8313187,0.9956254,0.39611417
3,0,2,0.5333299,0.99558204,0.46013722
3,0,2,0.7513813,0.845017,0.44980636
3,0,2,0.9673651,0.78820086,0.4088605
3,0,2,0.9848467,0.7554129,0.3840134
3,0,2,0.6900268,0.8216688,0.38409695
3,0,2,0.8698466,0.79499483,0.47313628
3,0,0,0.7209704,0.6995819,0.36844108
3,0,2,0.6663988,0.92545784,0.35147578
3,0,2,0.88122815,0.7792222,0.5147513
3,0,1,0.54561234,0.99768174,0.45187497
3,0,1,0.7326754,0.998326,0.3577032
3,0,2,0.81661236,0.99751496,0.5084442
3,0,2,0.9106583,0.99651635,0.40541795
3,0,2,0.967476,0.9970927,0.400027
3,0,1,0.5749478,0.8036053,0.3905158
3,0,0,0.87987643,0.9964055,0.400711
3,0,2,0.8997448,0.99894994,0.3979751
3,0,2,0.6387199,0.993893,0.4454483
2,0,1,0.5442359,0.99788815,0.5134162
3,0,1,0.8093171,0.99872965,0.4395469
3,0,1,0.8419189,0.99618465,0.37608883
3,0,2,0.94828,0.80905324,0.377291
3,0,0,0.9555182,0.9973737,0.4419894
3,0,2,0.65411717,0.9983516,0.47138673
3,0,0,0.8457742,0.77369547,0.3722914
3,0,2,0.982647,0.7389316,0.3578145
3,0,2,0.8276393,0.64533514,0.560867
3,0,2,0.56281644,0.73523796,0.49026576
3,0,2,0.86144423,0.9938251,0.46917343
2,0,1,0.53341025,0.9973073,0.5204378
3,0,2,0.8858098,0.8080514,0.51979685
3,0,2,0.87073594,0.99804497,0.4698142
3,0,2,0.82976377,0.702241,0.56155205
3,0,2,0.86701834,0.76526946,0.38203323
3,0,1,0.86216265,0.99876106,0.4480263
3,0,2,0.8617951,0.9966372,0.38305366
3,0,2,0.89158815,0.998218,0.567649
3,0,2,0.621355,0.695051,0.43841088
3,0,1,0.74288976,0.99688846,0.3804075
3,0,2,0.868239,0.6839371,0.4846071
3,0,2,0.90801334,0.70965075,0.5660965
3,0,2,0.610831,0.9937449,0.50828487
3,0,2,0.59388065,0.994964,0.51018304
3,0,0,0.95558447,0.9969015,0.47493276
3,0,2,0.6299662,0.99714965,0.4385087
3,0,0,0.89127046,0.9986267,0.42885587
3,0,2,0.82456005,0.7257524,0.46364462
3,0,1,0.7981363,0.7417679,0.39930472
3,0,2,0.8183261,0.9985285,0.39434323
3,0,0,0.77646226,0.9961081,0.37390026
3,0,2,0.7654082,0.9989042,0.38454738
3,0,0,0.87012845,0.7411362,0.36877713
3,0,2,0.6793027,0.81761205,0.35705256
3,0,2,0.81057286,0.7093048,0.45996147
3,0,2,0.8899579,0.7672366,0.5286637
3,0,2,0.986217,0.7909581,0.37348282
3,0,0,0.9835676,0.7944419,0.4019796
3,0,2,0.7548871,0.9967474,0.43590155
3,0,1,0.7685806,0.85827416,0.44197363
3,0,2,0.9869314,0.7015668,0.49666616
3,0,0,0.86076117,0.755464,0.4107518
3,0,2,0.9457024,0.99598783,0.4741282
3,0,2,0.8042437,0.63529825,0.33933395
3,0,2,0.8207534,0.7681913,0.42193595
2,0,1,0.50911903,0.9980867,0.56170595
3,0,0,0.75918216,0.81524366,0.37058422
3,0,2,0.8207034,0.9962727,0.45807272
3,0,2,0.7806694,0.99734586,0.39346257
3,0,2,0.97463256,0.9986266,0.41025606
3,0,2,0.8818403,0.7869459,0.5163531
3,0,1,0.56952226,0.649382,0.47707945
3,0,2,0.8160574,0.7501831,0.49859568
3,0,2,0.90159523,0.9983388,0.470145
3,0,1,0.84895056,0.9989373,0.42259964
3,0,2,0.98466957,0.8207853,0.4138484
3,0,2,0.5821098,0.99569976,0.4465497
3,0,2,0.61086726,0.7131797,0.451779
3,0,2,0.8013107,0.9975994,0.5614072
3,0,0,0.8298759,0.64676154,0.37627956
3,0,2,0.8751208,0.99879754,0.5436631
3,0,2,0.90852445,0.99828243,0.3440883
3,0,1,0.9853297,0.6999436,0.3547795
3,0,0,0.81127495,0.7348396,0.36411694
3,0,2,0.6019175,0.9981558,0.43558553
3,0,2,0.6520253,0.7320052,0.53479606
3,0,2,0.7667611,0.8006324,0.39611837
3,0,2,0.88800836,0.7401271,0.43449962
3,0,2,0.5343191,0.8073474,0.41946143
3,0,0,0.94929266,0.99683905,0.34395775
3,0,0,0.98600113,0.78779596,0.43771708
3,0,2,0.82800657,0.7561039,0.49811593
3,0,2,0.827606,0.99486864,0.41509658
3,0,0,0.97588444,0.70337695,0.39540142
3,0,1,0.6432333,0.99767524,0.45794803
3,0,2,0.86230063,0.7214103,0.4355893
3,0,2,0.8779913,0.9976399,0.44366264
3,0,0,0.7810964,0.9970885,0.3798768
3,0,2,0.81406856,0.9985348,0.51542246
3,0,0,0.8514289,0.754446,0.42153937
3,0,2,0.7514725,0.7098155,0.3660472
3,0,1,0.7422413,0.7830975,0.36331886
3,0,2,0.8587761,0.9971437,0.3944885
3,0,1,0.75177807,0.7824382,0.4146047
3,0,2,0.8878528,0.9990246,0.3920502
3,0,2,0.640291,0.77715945,0.40841058
3,0,1,0.7466206,0.8175699,0.4683458
3,0,2,0.86632174,0.99724686,0.4438801
2,0,2,0.48485717,0.72718716,0.49654928
3,0,2,0.81122637,0.7767937,0.40259886
3,0,1,0.8026381,0.9968395,0.7088295
3,0,0,0.9867866,0.76404756,0.46068147
2,0,2,0.56494534,0.9985843,0.5347231
3,0,2,0.67765766,0.6995445,0.42300463
3,0,2,0.80196095,0.9966575,0.36820403
3,0,2,0.9000933,0.99775594,0.5556611
3,0,1,0.9866664,0.99834585,0.3984338
3,0,2,0.7753266,0.9986268,0.49476612
3,0,2,0.88082874,0.9986952,0.48130327
3,0,1,0.57343906,0.772276,0.49422318
3,0,0,0.81194365,0.6924244,0.3968719
3,0,0,0.8402985,0.9978757,0.35686857
3,0,1,0.75986564,0.8443886,0.49500498
3,0,2,0.52935845,0.808651,0.48447555
3,0,2,0.9643272,0.8142962,0.36663976
3,0,1,0.78661567,0.9981857,0.5031596
3,0,0,0.85307086,0.9966863,0.36081436
3,0,1,0.5788757,0.997572,0.55201024
3,0,2,0.6398964,0.99639636,0.51290804
2,0,1,0.49359828,0.9972529,0.46684322
3,0,2,0.9822726,0.99618965,0.40913412
3,0,0,0.67294043,0.996985,0.37847027
3,0,0,0.9706688,0.738497,0.37881172
3,0,1,0.45108798,0.99765503,0.3994172
3,0,2,0.9861952,0.9977883,0.37524036
3,0,1,0.82138455,0.8420658,0.4132401
3,0,1,0.9252652,0.6638149,0.4930113
3,0,1,0.7426179,0.7941894,0.41632143
3,0,2,0.81244236,0.99776113,0.39020866
3,0,2,0.8751079,0.8374942,0.5354042
3,0,2,0.82803994,0.72038823,0.4306225
3,0,1,0.9027817,0.8020652,0.45057094
3,0,2,0.883837,0.77429813,0.46325496
3,0,1,0.763464,0.81372344,0.44623968
3,0,2,0.781993,0.763987,0.36577815
3,0,0,0.8717885,0.73801756,0.39702043
3,0,1,0.62536234,0.7777835,0.4877455
3,0,2,0.60991,0.99579203,0.4402414
3,0,2,0.88864857,0.9982048,0.43336952
3,0,2,0.8318488,0.9965364,0.45487687
3,0,1,0.8202873,0.9982091,0.34748322
3,0,2,0.67169845,0.77196795,0.40834612
3,0,2,0.77436,0.99726677,0.37666857
3,0,0,0.9718269,0.9975789,0.36686394
3,0,2,0.9686469,0.7204118,0.37344292
3,0,0,0.8588792,0.99663407,0.38816392
3,0,2,0.8804794,0.791133,0.46562466
3,0,0,0.98540944,0.7252038,0.35256124
3,0,0,0.9330181,0.99652976,0.5229629
3,0,2,0.8138333,0.6442929,0.39682594
3,0,2,0.97272724,0.99826366,0.46710268
3,0,2,0.87359613,0.9968637,0.4806896
3,0,1,0.6991502,0.94929665,0.56643903
3,0,1,0.6119379,0.9987031,0.37795648
3,0,2,0.8213271,0.72577727,0.4620543
3,0,2,0.9663952,0.9985781,0.44844604
3,0,0,0.9539415,0.700925,0.39022386
3,0,2,0.61013234,0.6518836,0.44581842
3,0,1,0.7337304,0.9986174,0.41179943
3,0,1,0.8515378,0.7301561,0.39867675
3,0,2,0.97604454,0.9979221,0.44533566
3,0,1,0.96977264,0.9986766,0.36680824
3,0,2,0.8417883,0.761998,0.40046296
3,0,2,0.98517966,0.9971424,0.42850026
3,0,2,0.8715638,0.99707806,0.46789145
2,0,0,0.51666784,0.9965815,0.40300086
3,0,2,0.7746093,0.70057243,0.47463888
3,0,0,0.8146839,0.7743474,0.3591361
3,0,2,0.8631925,0.9981345,0.520903
3,0,1,0.66010636,0.9964451,0.4789711
3,0,0,0.6041212,0.8078129,0.43800834
3,0,2,0.8129526,0.7435514,0.58425444
3,0,1,0.65718514,0.9967527,0.50545156
3,0,2,0.77580714,0.9976417,0.3535245
3,0,2,0.8854314,0.9977416,0.47718984
3,0,2,0.86669576,0.99881446,0.42048708
3,0,2,0.88890725,0.77592766,0.5328735
3,0,0,0.9625427,0.9964036,0.39691976
3,0,2,0.78845894,0.6772035,0.6193531
3,0,0,0.850661,0.9968407,0.44175896
3,0,0,0.88169914,0.9979913,0.40406108
3,0,0,0.96090585,0.9973248,0.37969783
3,0,2,0.85730124,0.7028729,0.43003163
3,0,2,0.81254154,0.7736529,0.41754776
3,0,1,0.7733734,0.82625735,0.3988973
3,0,2,0.98600113,0.99677664,0.40116546
3,0,2,0.6439296,0.70367366,0.46798798
3,0,2,0.852745,0.62192494,0.41555807
3,0,2,0.6538906,0.9949915,0.48975483
3,0,0,0.9777424,0.74440545,0.40007555
2,0,1,0.51293415,0.7039012,0.47748324
3,0,2,0.8366189,0.66028047,0.42747846
3,0,0,0.94501406,0.99703336,0.34649906
3,0,2,0.874946,0.8386208,0.3960954
3,0,2,0.9825791,0.8138823,0.38755003
3,0,2,0.89942145,0.99782395,0.42494676
3,0,0,0.98582816,0.71785444,0.4147772
3,0,2,0.8050714,0.7468433,0.44186327
3,0,2,0.9857976,0.99852127,0.43560594
3,0,1,0.9869314,0.7050964,0.36922365
3,0,2,0.743613,0.99828076,0.45503986
3,0,2,0.83402485,0.99846965,0.52343285
3,0,1,0.8374451,0.99495536,0.4582452
3,0,1,0.6086018,0.9971554,0.49398977
3,0,2,0.82263666,0.9970867,0.4586442
3,0,2,0.80227405,0.99837315,0.5020922
3,0,2,0.9734117,0.9987552,0.4130077
3,0,0,0.9492652,0.99869114,0.41441622
3,0,2,0.8856867,0.7759896,0.39938316
3,0,0,0.8666486,0.9952514,0.381583
3,0,2,0.87141883,0.9961312,0.45941573
3,0,2,0.8521637,0.65237665,0.5541702
3,0,1,0.8311896,0.6932929,0.42178342
3,0,2,0.98577416,0.754138,0.39224222
3,0,0,0.8651362,0.99707043,0.39664388
3,0,2,0.98408693,0.9965072,0.34756902
3,0,2,0.79391634,0.99792945,0.39731792
3,0,2,0.82016146,0.9973585,0.54417956
3,0,2,0.6706264,0.71423304,0.6084542
3,0,2,0.87121004,0.99840003,0.52850395
3,0,2,0.8622298,0.998735,0.46629515
3,0,2,0.8754867,0.73149467,0.4089464
3,0,2,0.761109,0.7389911,0.5130582
3,0,1,0.6635937,0.80972433,0.34791598
3,0,2,0.9713703,0.76967627,0.37023628
3,0,1,0.800797,0.9984297,0.5508743
3,0,1,0.76401186,0.7967792,0.41069913
3,0,1,0.7730932,0.99777824,0.35400325
3,0,2,0.6352127,0.747268,0.35367396
3,0,2,0.84819525,0.9971826,0.42035028
3,0,2,0.70176715,0.9969535,0.4964508
3,0,0,0.9869991,0.99709964,0.36516592
3,0,2,0.9691989,0.9975702,0.3947085
3,0,1,0.7850306,0.7266012,0.3899449
3,0,2,0.8506671,0.9965102,0.3984413
3,0,2,0.81735265,0.9984061,0.3653348
3,0,2,0.83685154,0.9971935,0.45921338
3,0,2,0.8507484,0.77016604,0.5563255
3,0,1,0.6211848,0.820371,0.38995826
3,0,1,0.6020683,0.99828136,0.4614838
3,0,2,0.97263026,0.7068382,0.4391946
3,0,2,0.8082867,0.99772376,0.3711918
3,0,2,0.83424586,0.9938857,0.44686815
3,0,1,0.8104491,0.99712664,0.38239068
3,0,2,0.81461704,0.9985273,0.52514994
3,0,0,0.8460818,0.8081913,0.38518018
3,0,1,0.5939385,0.9981091,0.50759083
3,0,1,0.7510205,0.7647609,0.404635
3,0,0,0.63753325,0.7987081,0.39964116
3,0,2,0.871633,0.99655247,0.4128755
3,0,1,0.876571,0.997707,0.40026298
3,0,2,0.9904682,0.99441767,0.37641057
2,0,1,0.5470206,0.99561596,0.56704146
3,0,2,0.87360084,0.8105252,0.38274485
3,0,0,0.96588403,0.69170564,0.34796283
3,0,1,0.65569806,0.80226004,0.3675768
3,0,1,0.5851217,0.99854314,0.4975728
3,0,2,0.8549205,0.6495345,0.5965062
3,0,1,0.73932785,0.9152207,0.44195458
3,0,2,0.89353037,0.99709463,0.53459835
3,0,1,0.79652387,0.705361,0.39593035
3,0,1,0.81040716,0.82123446,0.3560381
3,0,1,0.84756994,0.9983897,0.37932336
3,0,2,0.8200376,0.99799687,0.43967167
3,0,2,0.86915296,0.73350704,0.47804362
3,0,0,0.9813098,0.9966978,0.34333616
3,0,2,0.8550477,0.99767977,0.37792385
3,0,0,0.8199577,0.80149937,0.35973346
3,0,2,0.953024,0.7807617,0.38195232
3,0,2,0.63435256,0.99579585,0.39254022
3,0,2,0.8242629,0.7012756,0.54422116
3,0,2,0.9834331,0.7312976,0.35825503
3,0,1,0.583374,0.99592125,0.48566934
3,0,0,0.86017525,0.9971276,0.4352165
3,0,1,0.6490022,0.8373121,0.44395295
3,0,1,0.7504314,0.7342039,0.4299284
3,0,2,0.7807102,0.7131783,0.37076983
3,0,2,0.9861137,0.797254,0.41803834
3,0,0,0.83453083,0.9962106,0.36290938
2,0,1,0.66544616,0.7622227,0.42045987
3,0,2,0.6657269,0.99850816,0.40488917
3,0,2,0.7828592,0.9958839,0.41146344
3,0,2,0.82886314,0.737151,0.55918115
3,0,1,0.9766707,0.72119313,0.36088616
3,0,2,0.8751208,0.99885,0.5142425
3,0,2,0.82903993,0.8286489,0.39266104
3,0,2,0.8316445,0.9971992,0.4677246
3,0,2,0.89997387,0.99824035,0.52590376
3,0,2,0.67219526,0.6810974,0.5533172
3,0,0,0.84257615,0.571229,0.3872142
3,0,1,0.7873068,0.99735594,0.344421
3,0,2,0.61869115,0.9976858,0.46259004
3,0,1,0.7711976,0.84774643,0.3785212
3,0,1,0.7708484,0.8939692,0.43540195
3,0,2,0.7983855,0.9975413,0.38877642
3,0,1,0.5934883,0.74268645,0.48813832
3,0,1,0.75986564,0.9986051,0.4194047
3,0,0,0.9869314,0.99553865,0.43250644
3,0,2,0.8948888,0.77974087,0.5379934
3,0,2,0.8283067,0.9977272,0.39635217
3,0,0,0.68683124,0.9968369,0.3745339
3,0,2,0.6242756,0.67940336,0.40724793
3,0,0,0.9608627,0.99837625,0.3812003
3,0,1,0.609148,0.99618125,0.50906026
3,0,2,0.84345204,0.99379915,0.46535957
3,0,2,0.8887814,0.8991839,0.5162267
3,0,2,0.8421149,0.99693894,0.472804
3,0,2,0.8163307,0.9985733,0.49176893
3,0,2,0.82009065,0.99804986,0.42929727
3,0,2,0.83412176,0.8050498,0.40775383
3,0,2,0.83715016,0.6895743,0.47550175
3,0,2,0.87537426,0.9159092,0.46329835
3,0,2,0.832961,0.71306056,0.41344625
3,0,2,0.85367477,0.9985959,0.4379404
3,0,0,0.7097283,0.7605725,0.40720895
3,0,2,0.85557383,0.74725235,0.3643993
3,0,2,0.80445576,0.6980791,0.6314696
3,0,1,0.82970536,0.996317,0.37157023
3,0,2,0.8079533,0.99654394,0.47352418
3,0,0,0.78697515,0.99722254,0.4079265
3,0,1,0.8230475,0.9973437,0.37656343
3,0,2,0.62757,0.9980956,0.50658804
3,0,2,0.8268331,0.72294414,0.4331419
3,0,2,0.54002345,0.99530655,0.49162564
3,0,2,0.81217283,0.9962728,0.40167794
3,0,2,0.9709166,0.6985578,0.37010607
3,0,1,0.83288455,0.7551009,0.37624016
3,0,0,0.8826731,0.9983272,0.46719918
3,0,2,0.8744132,0.7305095,0.473387
3,0,2,0.98575866,0.997419,0.40063217
3,0,1,0.6230549,0.99789906,0.49937266
3,0,2,0.86837983,0.7276167,0.44302106
3,0,2,0.8927861,0.9974293,0.4059167
3,0,2,0.8577511,0.74514747,0.35931087
3,0,1,0.7748348,0.99822646,0.34808636
3,0,2,0.9037879,0.99786866,0.36862856
3,0,0,0.8326942,0.9958289,0.4089164
3,0,1,0.8425473,0.9971986,0.3588866
3,0,2,0.8856507,0.6879554,0.5104348
3,0,2,0.872626,0.78290004,0.41761726
3,0,2,0.5823004,0.6188115,0.45294708
3,0,2,0.9841802,0.99808806,0.3474822
3,0,1,0.7693221,0.85645795,0.36487433
3,0,0,0.975859,0.9981596,0.41621137
3,0,0,0.81555325,0.7764114,0.34228554
3,0,2,0.62474084,0.99057287,0.4653248
3,0,2,0.7887507,0.9979665,0.4267952
3,0,2,0.8500034,0.7770519,0.41142505
3,0,1,0.9648962,0.9952253,0.3621265
3,0,2,0.88325876,0.9970632,0.4170444
3,0,2,0.6102246,0.99668247,0.40366295
3,0,1,0.9846705,0.99860305,0.36256653
3,0,2,0.75990266,0.9245158,0.38979426
3,0,2,0.77528733,0.99824345,0.40871212
3,0,0,0.8156443,0.99588275,0.46079206
3,0,2,0.603701,0.9972849,0.42975444
3,0,2,0.80707145,0.7378603,0.4640621
3,0,2,0.75088775,0.72604764,0.36240998
3,0,2,0.79277503,0.7770238,0.5114574
3,0,1,0.7533224,0.82690734,0.38194376
3,0,2,0.79234123,0.9974733,0.48659185
3,0,2,0.8835056,0.9977881,0.4739948
3,0,2,0.8693856,0.79253,0.51653355
3,0,1,0.5876554,0.78589624,0.47893977
3,0,0,0.98507184,0.80504054,0.351991
3,0,2,0.7825796,0.7564526,0.37215468
3,0,2,0.9814202,0.9978103,0.36728427
3,0,1,0.73614234,0.9982816,0.36685744
3,0,2,0.82772493,0.71304727,0.38161138
3,0,2,0.9718042,0.99801135,0.39768818
3,0,2,0.84421694,0.99875367,0.42656705
3,0,2,0.87541497,0.80475813,0.4276472
3,0,1,0.80359155,0.99630934,0.3960131
3,0,0,0.7343601,0.9975733,0.38282385
3,0,2,0.8279008,0.680186,0.5295863
3,0,1,0.97798973,0.8691907,0.3560317
3,0,0,0.86902714,0.99704945,0.46810013
3,0,2,0.8296738,0.83945125,0.3972196
3,0,2,0.79022217,0.99571157,0.41316292
3,0,2,0.87543744,0.9977133,0.4501114
3,0,2,0.8788245,0.7526113,0.40511876
3,0,2,0.82297283,0.9989512,0.46820778
3,0,0,0.9693787,0.9983753,0.34728053
3,0,1,0.62488985,0.9974343,0.47698066
3,0,2,0.84781355,0.996852,0.43039966
3,0,0,0.61255175,0.7871349,0.34730932
3,0,2,0.8779442,0.8313903,0.36160928
3,0,2,0.78950894,0.7940581,0.49129093
3,0,2,0.8406726,0.75311214,0.43073258
3,0,1,0.6011006,0.6737258,0.50043464
3,0,1,0.8678889,0.9451242,0.4287288
3,0,0,0.85366386,0.7743219,0.40491578
3,0,2,0.7489597,0.7734596,0.38630235
3,0,2,0.624993,0.99828905,0.36781636
3,0,2,0.9667845,0.99685895,0.36337003
3,0,2,0.72580963,0.68739843,0.45714405
3,0,2,0.6494267,0.9969608,0.5572014
3,0,2,0.9837213,0.9988709,0.39789146
3,0,2,0.98721737,0.7608449,0.39829186
3,0,0,0.7006951,0.7387822,0.523244
3,0,1,0.8466475,0.9967114,0.36645654
3,0,2,0.93776304,0.99692553,0.38671744
3,0,0,0.8165606,0.99829143,0.4141823
3,0,0,0.86746407,0.74427754,0.47110856
3,0,0,0.9594193,0.99766624,0.35640508
3,0,0,0.9760537,0.9987896,0.4262523
3,0,2,0.84831667,0.9977857,0.44206432
3,0,0,0.8242942,0.76776963,0.38738146
3,0,0,0.78631276,0.7866749,0.36797097
3,0,2,0.5073192,0.9965083,0.46888041
3,0,2,0.96589625,0.7974401,0.43267837
3,0,2,0.68514645,0.9983735,0.40846795
3,0,1,0.7630971,0.995621,0.45311013
3,0,2,0.8345634,0.9987263,0.3745156
3,0,2,0.95757335,0.7491369,0.41398835
3,0,2,0.8632732,0.79731864,0.4244312
3,0,2,0.87358546,0.9980714,0.4587691
3,0,1,0.76734406,0.78353286,0.45865008
3,0,1,0.84634066,0.9972644,0.42185286
3,0,2,0.7955067,0.9966017,0.45775023
3,0,1,0.6142914,0.7659931,0.4588457
3,0,1,0.7621644,0.99626476,0.4744851
3,0,2,0.8430866,0.99345845,0.4079823
3,0,2,0.8546976,0.99188083,0.39154327
3,0,1,0.82702637,0.7977672,0.38649327
3,0,0,0.9858948,0.99795973,0.3761585
3,0,0,0.829303,0.9958817,0.36002025
3,0,1,0.8266905,0.8859246,0.39094734
3,0,1,0.6197934,0.67638505,0.46112996
3,0,1,0.63755834,0.7566846,0.3412634
3,0,1,0.77821493,0.81057554,0.40509337
3,0,2,0.97797024,0.9959021,0.37285358
3,0,1,0.8530604,0.9968569,0.43546197
3,0,2,0.864904,0.99784577,0.40754208
3,0,1,0.8599549,0.998072,0.3901858
3,0,1,0.7647566,0.99373573,0.48275256
3,0,0,0.8379557,0.9945629,0.3806657
3,0,0,0.9807772,0.9970853,0.38011238
2,0,2,0.55706954,0.9967057,0.46250895
3,0,2,0.98600113,0.99852645,0.3657336
3,0,1,0.743015,0.8592143,0.41740748
3,0,2,0.81848705,0.9927994,0.389903
3,0,2,0.49886602,0.9981121,0.53551906
3,0,2,0.80374104,0.77117354,0.5145408
3,0,2,0.8715638,0.99685425,0.49525416
3,0,2,0.96778214,0.7187949,0.3458861
3,0,2,0.75990266,0.994058,0.39735457
3,0,2,0.89158815,0.99868757,0.5511141
3,0,2,0.9843329,0.9980349,0.45366877
3,0,2,0.8730684,0.6845319,0.4579317
3,0,2,0.98750055,0.99849045,0.38673276
3,0,0,0.81426877,0.997139,0.36613137
3,0,2,0.8071652,0.7401883,0.49691936
3,0,0,0.60574895,0.8045077,0.3713049
3,0,2,0.5981254,0.7063674,0.4413032
3,0,1,0.67999965,0.9971445,0.48929992
3,0,0,0.9878856,0.9977222,0.4116463
3,0,2,0.66893303,0.9961971,0.55222
3,0,2,0.74984896,0.7852537,0.38270083
3,0,0,0.7518969,0.9425359,0.37400842
3,0,1,0.82138455,0.9984617,0.41733372
3,0,2,0.8412836,0.9987153,0.4604027
3,0,2,0.8846856,0.99875295,0.35820433
3,0,0,0.61893857,0.812618,0.45141816
3,0,2,0.84812856,0.9974957,0.3944309
3,0,2,0.6494894,0.7325853,0.46273372
3,0,2,0.8566468,0.99770725,0.47136587
3,0,2,0.984809,0.9987539,0.41889998
3,0,2,0.79038686,0.9983565,0.42338157
3,0,2,0.7720566,0.75728226,0.3924031
3,0,2,0.7541177,0.718743,0.44142652
2,0,1,0.4912063,0.99758625,0.45415068
3,0,0,0.69971776,0.9983443,0.38289082
3,0,2,0.84335697,0.99836344,0.5059915
3,0,0,0.97361755,0.7173051,0.372532
3,0,2,0.83525294,0.7333186,0.4112
3,0,0,0.94100386,0.80135673,0.41138306
3,0,1,0.64948875,0.99684936,0.4951465
3,0,0,0.8643083,0.9965647,0.42992046
3,0,2,0.944872,0.99811053,0.34554482
3,0,1,0.81819636,0.9980095,0.38608834
3,0,2,0.8793643,0.6895666,0.58904266
3,0,2,0.66402036,0.99554294,0.3579424
3,0,1,0.59269017,0.80723417,0.41496122
3,0,2,0.8684314,0.74851424,0.5332542
3,0,2,0.71218944,0.5881157,0.52379483
3,0,2,0.824398,0.82098186,0.33600768
3,0,2,0.63207835,0.9943037,0.42045978
3,0,1,0.85821325,0.99674976,0.36222786
3,0,2,0.81465054,0.9989666,0.4784657
3,0,2,0.7991157,0.7406831,0.42708993
3,0,0,0.89304066,0.9984107,0.43473312
3,0,1,0.7507858,0.99666566,0.37870365
3,0,0,0.95000845,0.7198105,0.3942599
3,0,1,0.9331767,0.77052313,0.41071793
3,0,0,0.8558863,0.72761464,0.4578207
3,0,2,0.6401645,0.73147684,0.36745074
3,0,2,0.8065311,0.736185,0.3575499
3,0,2,0.85821253,0.81101495,0.41311097
3,0,0,0.63583857,0.9988918,0.39539817
3,0,1,0.7565298,0.9950753,0.3958519
3,0,1,0.83480924,0.99655104,0.46321896
3,0,2,0.89171714,0.9983064,0.42306533
3,0,1,0.56639594,0.9979626,0.42394283
3,0,0,0.8708713,0.997928,0.4260114
3,0,0,0.95706165,0.99642,0.4494087
3,0,2,0.8661212,0.9968945,0.38549334
3,0,2,0.83856875,0.9986646,0.4003734
3,0,2,0.973308,0.7359368,0.44305983
3,0,2,0.88566697,0.99527234,0.3951746
3,0,2,0.8946445,0.73389643,0.4879802
3,0,1,0.8686465,0.86582017,0.3948795
3,0,1,0.8592293,0.99882585,0.42601717
3,0,1,0.75219315,0.69210255,0.41373834
3,0,2,0.87476385,0.99627763,0.46434402
3,0,2,0.8442553,0.75766534,0.36553815
3,0,0,0.9864565,0.9987212,0.45134714
3,0,0,0.954684,0.76168233,0.38745263
3,0,0,0.8610821,0.9955206,0.4015559
2,0,2,0.4908314,0.9983198,0.47324625
3,0,2,0.8955566,0.80730104,0.5401144
3,0,2,0.81553286,0.7271646,0.49803165
2,0,2,0.50880027,0.6910819,0.5198989
3,0,1,0.75986564,0.8667432,0.46061167
3,0,2,0.8906299,0.7265114,0.47937122
3,0,0,0.8253455,0.68412566,0.3376234
3,0,1,0.7707613,0.9974482,0.4384477
3,0,2,0.57578737,0.9977099,0.4117014
3,0,1,0.6469061,0.996585,0.4187517
3,0,2,0.58289343,0.6806824,0.46927238
3,0,2,0.79164135,0.8149242,0.4475373
3,0,2,0.86900437,0.713722,0.5144273
3,0,2,0.75751156,0.9988555,0.4474273
3,0,2,0.8160574,0.99669015,0.52496016
3,0,0,0.8510447,0.7672968,0.41443783
3,0,0,0.957521,0.69882244,0.40023863
3,0,1,0.5739849,0.75349915,0.46081987
3,0,2,0.867675,0.9956988,0.48040065
3,0,0,0.9868602,0.9982318,0.34289277
3,0,0,0.9576209,0.77652663,0.45496976
3,0,2,0.86356694,0.9974444,0.49513465
3,0,2,0.8626285,0.9985928,0.51979136
3,0,2,0.85379255,0.8403028,0.3584356
3,0,2,0.9850536,0.99770266,0.37516817
3,0,0,0.8571344,0.71584177,0.4070393
3,0,0,0.97537315,0.74629813,0.3734276
3,0,1,0.84925133,0.86119133,0.5690351
3,0,2,0.8990831,0.77279586,0.53458595
3,0,2,0.97611755,0.7587475,0.37406826
3,0,1,0.6260512,0.9933042,0.44116625
3,0,2,0.8080785,0.74450856,0.50865996
3,0,1,0.74968,0.99867636,0.38301066
3,0,2,0.84397596,0.7003557,0.4115489
3,0,2,0.95558447,0.99889874,0.42454425
3,0,2,0.6343455,0.9970854,0.51307666
3,0,2,0.80642176,0.9971464,0.39036885
3,0,2,0.7324239,0.9983158,0.35913563
3,0,1,0.7548205,0.9988059,0.47651997
3,0,1,0.7395557,0.9984756,0.43219814
3,0,0,0.8732639,0.65806884,0.44963416
3,0,1,0.8055887,0.76845324,0.33809906
3,0,2,0.6395049,0.99746037,0.5068491
3,0,0,0.6674328,0.9987393,0.3626505
3,0,1,0.61075735,0.99700755,0.520441
3,0,2,0.84145135,0.7347693,0.353274
3,0,0,0.6734332,0.7563241,0.47041112
3,0,2,0.8142952,0.7419105,0.5232259
3,0,0,0.8686465,0.88656753,0.38616166
3,0,2,0.81811255,0.75642085,0.44583863
3,0,2,0.7405555,0.73967284,0.38522437
3,0,2,0.8693773,0.997675,0.5765643
3,0,1,0.8320321,0.9956767,0.41772908
3,0,2,0.75541353,0.80477697,0.36361495
3,0,1,0.7787802,0.9985448,0.41566715
3,0,2,0.81186193,0.9958709,0.5037838
3,0,2,0.97648764,0.99810314,0.41620606
3,0,2,0.85298437,0.99830616,0.45012203
3,0,2,0.75786793,0.99859124,0.404793
3,0,2,0.89280355,0.7898971,0.4947716
3,0,1,0.82359916,0.8465004,0.45242172
3,0,1,0.757226,0.99766064,0.48466745
3,0,2,0.98475176,0.9981268,0.3910677
3,0,1,0.96965516,0.99516463,0.3710971
3,0,2,0.7950325,0.9960576,0.4747646
3,0,2,0.87924945,0.9974686,0.3576989
3,0,0,0.86786824,0.7728554,0.37677273
3,0,2,0.7199689,0.99853253,0.4746522
3,0,2,0.75193495,0.9975292,0.5214263
3,0,1,0.8104307,0.9964959,0.43748483
3,0,1,0.76637274,0.8626287,0.4535693
3,0,2,0.87665623,0.9982457,0.49845186
3,0,2,0.82554483,0.75279665,0.54420817
3,0,0,0.758169,0.99851435,0.37983853
3,0,1,0.8042561,0.99857664,0.34122062
3,0,0,0.8828242,0.99735224,0.36734888
3,0,2,0.58759564,0.996318,0.5896598
3,0,2,0.80571806,0.99806017,0.4381203
3,0,2,0.9869867,0.80371124,0.40631363
3,0,2,0.7565897,0.99375737,0.4090585
3,0,2,0.8708527,0.997322,0.46229312
3,0,2,0.8623863,0.9955279,0.4275654
3,0,1,0.7491815,0.8362504,0.41951847
3,0,0,0.8469257,0.8367678,0.3669832
3,0,2,0.8382593,0.7366226,0.44249883
3,0,1,0.9597357,0.6767099,0.35274726
3,0,0,0.9579982,0.99854666,0.41559878
3,0,1,0.66464275,0.994361,0.46438777
3,0,1,0.70197874,0.8335782,0.35049412
3,0,0,0.868148,0.9982932,0.34543106
3,0,1,0.9866947,0.9980969,0.35038143
3,0,1,0.8458037,0.678112,0.43490484
3,0,0,0.82464105,0.9962684,0.34209254
3,0,1,0.84077114,0.82733375,0.34852934
3,0,2,0.6532904,0.99592304,0.45900467
3,0,0,0.63121235,0.85323745,0.3907874
3,0,2,0.9671154,0.99594134,0.40063885
3,0,2,0.8793948,0.7826003,0.41085303
3,0,2,0.8893135,0.79216963,0.5217922
3,0,2,0.8247158,0.69455904,0.50185984
3,0,2,0.98628855,0.76719636,0.4173885
3,0,1,0.9876058,0.74886686,0.36549202
3,0,1,0.61762756,0.8115356,0.4354699
3,0,2,0.8926322,0.6721916,0.5062238
3,0,2,0.9666891,0.99732935,0.3724167
3,0,2,0.973308,0.99600166,0.36188102
3,0,2,0.8783837,0.9963599,0.4945909
3,0,1,0.8482351,0.9961299,0.37876436
3,0,0,0.8347602,0.9969078,0.40647352
3,0,2,0.98674715,0.99691147,0.38464612
3,0,2,0.97014654,0.99826616,0.47819942
3,0,2,0.9534411,0.7499479,0.37438783
3,0,2,0.9875438,0.7527586,0.38976064
3,0,2,0.8254136,0.9976653,0.44568247
3,0,0,0.8004681,0.6373546,0.4432395
3,0,2,0.80960226,0.7460715,0.3757808
3,0,2,0.889357,0.99736446,0.41438296
3,0,2,0.6607477,0.998931,0.39943612
3,0,0,0.61846656,0.9986994,0.41862404
3,0,1,0.8825165,0.99813265,0.39677072
3,0,2,0.9541481,0.73032534,0.3914788
3,0,0,0.6933516,0.84180593,0.3786911
3,0,2,0.87138754,0.9948537,0.44888335
3,0,2,0.9713278,0.7395999,0.39109156
3,0,1,0.61428523,0.99844736,0.41600108
3,0,1,0.8231219,0.9958288,0.38115814
3,0,2,0.7489597,0.99646425,0.4036223
3,0,2,0.84834445,0.778737,0.39342517
3,0,2,0.58932024,0.99226123,0.37248626
3,0,2,0.8759804,0.997797,0.47971708
3,0,0,0.9705685,0.99717253,0.3889531
3,0,1,0.7547525,0.9979698,0.39914337
3,0,2,0.8549168,0.69318074,0.41596735
3,0,2,0.9741415,0.7497625,0.40790597
3,0,1,0.7229003,0.7268637,0.41053867
3,0,2,0.8767445,0.7927452,0.50931925
3,0,1,0.984513,0.99362284,0.36963707
3,0,2,0.799863,0.9974095,0.3981473
3,0,2,0.9579517,0.9964641,0.3376208
3,0,2,0.8069159,0.71239513,0.58167416
3,0,2,0.9854107,0.99762684,0.37528673
3,0,2,0.9858893,0.9989556,0.37897173
3,0,1,0.7518828,0.8484612,0.3955924
3,0,1,0.94100386,0.99781203,0.3467614
3,0,2,0.6333213,0.9963212,0.41040945
3,0,1,0.9540664,0.99801046,0.40219092
3,0,0,0.70088184,0.7872137,0.4346023
3,0,2,0.75471145,0.99799514,0.42040044
3,0,1,0.7872621,0.7808977,0.46638718
3,0,0,0.81675625,0.75732553,0.40962663
3,0,2,0.98461217,0.99815,0.40786526
3,0,1,0.7288482,0.785016,0.38499066
3,0,1,0.5111758,0.6722872,0.75513613
3,0,2,0.79391634,0.99762374,0.4083666
2,0,2,0.5925262,0.6398183,0.4040105
3,0,2,0.9664316,0.7651719,0.40206012
3,0,1,0.8118258,0.9976719,0.36988235
3,0,2,0.7655985,0.9973316,0.3867082
3,0,0,0.81544995,0.701924,0.38555315
3,0,1,0.6694142,0.8339894,0.46739826
3,0,2,0.8382442,0.76457816,0.40352437
3,0,0,0.86342436,0.7776073,0.43526477
3,0,2,0.65177846,0.7906304,0.44236407
3,0,1,0.611422,0.9951958,0.52555835
3,0,2,0.8815142,0.99675614,0.56472063
3,0,2,0.7512815,0.80254555,0.49574006
3,0,2,0.857281,0.6670037,0.4734447
3,0,1,0.77420145,0.99806553,0.38074535
3,0,0,0.9579517,0.72432303,0.36298984
3,0,1,0.75986564,0.9352163,0.52186984
3,0,2,0.8995539,0.99727494,0.38227782
2,0,2,0.5601111,0.5958593,0.5371947
3,0,0,0.84556144,0.68959165,0.38877818
3,0,1,0.86664534,0.7967346,0.3665229
3,0,1,0.96527416,0.7894032,0.37627444
3,0,2,0.9816034,0.9979716,0.3690287
3,0,2,0.84517103,0.9944745,0.40850702
3,0,0,0.60082644,0.8214675,0.355197
3,0,2,0.9872148,0.7498789,0.361079
3,0,2,0.6806516,0.99609166,0.36730325
3,0,1,0.7922944,0.9984921,0.45386386
3,0,0,0.85536855,0.9981059,0.3950098
3,0,1,0.56271154,0.7809573,0.4973606
3,0,2,0.9415209,0.74818444,0.3734025
3,0,2,0.8239173,0.99802727,0.50766474
3,0,2,0.96965516,0.6743106,0.35466957
3,0,2,0.5800316,0.7798889,0.44890872
3,0,2,0.8562573,0.7702903,0.5111735
3,0,2,0.8927609,0.7611869,0.54456
3,0,0,0.77621895,0.99907994,0.40296152
3,0,2,0.7927686,0.9984977,0.4752581
3,0,2,0.58929455,0.7428683,0.42794505
3,0,2,0.7887219,0.785947,0.40656742
3,0,2,0.79505557,0.7863793,0.42773432
3,0,1,0.847851,0.9962585,0.4560401
3,0,0,0.98392373,0.99769634,0.36035073
3,0,0,0.965194,0.9983063,0.73381585
3,0,2,0.86875886,0.69986576,0.49010485
3,0,1,0.6244745,0.71639687,0.4501451
3,0,1,0.5936439,0.73481756,0.48941162
3,0,0,0.8414916,0.9977456,0.3835075
3,0,2,0.7171463,0.79246813,0.3688087
3,0,0,0.95999265,0.99695385,0.43634918
3,0,1,0.84851956,0.86597437,0.40907782
3,0,2,0.8501199,0.7016779,0.47179583
3,0,2,0.8777084,0.9979645,0.48955584
3,0,2,0.77987844,0.9979461,0.53103477
3,0,2,0.9719906,0.65902436,0.4856144
3,0,2,0.7442586,0.9983558,0.3938541
3,0,2,0.86114484,0.9978477,0.4755602
3,0,2,0.8043289,0.99562573,0.6004482
3,0,0,0.8459962,0.9968995,0.35061023
3,0,2,0.88072824,0.7370857,0.5342347
3,0,2,0.8221882,0.9959132,0.44734052
3,0,2,0.7646925,0.9989172,0.3555115
3,0,0,0.7696048,0.83687717,0.40126535
3,0,2,0.8830677,0.99442405,0.39936036
3,0,2,0.84659463,0.67030454,0.46212956
3,0,2,0.8397001,0.9983089,0.35203663
3,0,1,0.7671031,0.6871088,0.3685132
3,0,2,0.6453569,0.7103245,0.45305878
3,0,1,0.7680462,0.9973436,0.41073525
3,0,0,0.8331858,0.99689686,0.3912738
3,0,0,0.97255266,0.9984072,0.40065128
3,0,2,0.8946312,0.74413216,0.5019641
3,0,2,0.7702619,0.7653193,0.49790478
3,0,1,0.71253467,0.76461583,0.42596722
3,0,1,0.7868374,0.99604225,0.4126404
3,0,2,0.70987016,0.76504636,0.3614271
2,0,1,0.5139433,0.81122565,0.4532032
3,0,2,0.67033374,0.9989213,0.36646613
3,0,0,0.9792088,0.7642256,0.38335383
3,0,2,0.76182276,0.9974215,0.4391304
3,0,2,0.8172923,0.9964483,0.44440866
3,0,2,0.8862969,0.9978638,0.5461967
3,0,2,0.8155147,0.9960544,0.50009173
3,0,2,0.73560095,0.99620974,0.43697172
3,0,1,0.6220198,0.99663925,0.4335606
3,0,2,0.8887494,0.9954537,0.4171597
3,0,2,0.86819845,0.9971697,0.4542388
3,0,0,0.9470455,0.9986141,0.37879947
3,0,2,0.8557381,0.80297077,0.48080385
3,0,1,0.5585285,0.73217076,0.41280928
2,0,2,0.52830875,0.59749275,0.46386153
3,0,2,0.6504818,0.99581945,0.40098923
3,0,2,0.8446265,0.77226037,0.43543246
3,0,2,0.77971166,0.99767333,0.4127021
3,0,1,0.6485299,0.9956364,0.5216191
3,0,0,0.7603759,0.99489486,0.36749882
3,0,2,0.81257117,0.7626435,0.36674294
3,0,2,0.89194214,0.73648435,0.56937134
3,0,1,0.76617396,0.99858,0.3974806
3,0,2,0.8906121,0.9977053,0.5508377
3,0,2,0.8858098,0.82743394,0.48256806
3,0,2,0.8054633,0.99717844,0.45435125
3,0,2,0.78308576,0.8300561,0.42882085
3,0,1,0.63495016,0.73724365,0.49553436
3,0,0,0.84798133,0.9980209,0.37534553
3,0,1,0.8004209,0.77637696,0.3538063
3,0,2,0.8525872,0.7476176,0.43258676
3,0,0,0.77865636,0.99913377,0.4548521
3,0,2,0.7720953,0.998442,0.52906835
3,0,2,0.776133,0.77263755,0.41692975
3,0,2,0.7855063,0.9984493,0.34663424
3,0,2,0.5826124,0.99650526,0.47215357
3,0,2,0.88684124,0.9979966,0.59700817
3,0,2,0.836072,0.77329457,0.40642655
3,0,1,0.6705316,0.8235177,0.34861475
3,0,2,0.8202008,0.99596334,0.60057884
3,0,2,0.863694,0.79585874,0.49878493
3,0,0,0.84517145,0.9959478,0.3453752
3,0,1,0.6058638,0.7377584,0.4629933
3,0,2,0.86503625,0.9949944,0.3790384
3,0,0,0.84923637,0.9984074,0.43853706
3,0,2,0.9852882,0.99729997,0.47535238
3,0,2,0.8537347,0.99607927,0.46802762
3,0,0,0.8665756,0.99765813,0.39581126
3,0,2,0.8783628,0.7168497,0.48423153
3,0,1,0.60866624,0.690474,0.4809734
3,0,1,0.58172065,0.7229871,0.4250644
3,0,1,0.61251485,0.7881611,0.4830778
3,0,2,0.83976054,0.99694985,0.4151262
3,0,1,0.79612935,0.75291616,0.4395234
3,0,2,0.8109455,0.772371,0.4813683
3,0,2,0.95858127,0.7843475,0.38690758
3,0,0,0.88719606,0.85866225,0.3831852
3,0,1,0.79253334,0.83325964,0.40538213
3,0,1,0.47169712,0.836493,0.5378614
3,0,2,0.5341475,0.6624425,0.44624433
3,0,0,0.9793944,0.7403041,0.45441455
3,0,2,0.76823723,0.84008217,0.40386742
3,0,2,0.7881138,0.84431374,0.38914517
3,0,2,0.83203495,0.9984597,0.38425902
3,0,1,0.6094088,0.9988257,0.35359153
2,0,1,0.5545717,0.99618196,0.45801917
3,0,1,0.5898097,0.78218216,0.5432533
3,0,2,0.8795587,0.9987049,0.51048315
3,0,1,0.78338224,0.839654,0.46211404
3,0,0,0.83470225,0.6827881,0.4043628
3,0,2,0.85072345,0.7164275,0.41321465
3,0,2,0.8552858,0.528767,0.56488824
3,0,1,0.7499801,0.74899304,0.40341404
3,0,1,0.8588213,0.99716264,0.4900866
3,0,1,0.9765736,0.9963851,0.3397051
3,0,2,0.7576592,0.77464235,0.38497183
3,0,2,0.8035069,0.99797934,0.5165851
3,0,1,0.7775234,0.9971848,0.37066337
3,0,0,0.9860336,0.8191009,0.3427734
3,0,1,0.8855775,0.99727744,0.37509695
3,0,1,0.86728084,0.8140021,0.38795936
3,0,1,0.60475075,0.99703443,0.45563433
3,0,0,0.7437213,0.906807,0.41340917
3,0,2,0.9637874,0.9947621,0.42967096
3,0,2,0.5963415,0.99507046,0.44773677
3,0,2,0.87192184,0.7365719,0.52437145
3,0,1,0.568051,0.99800736,0.5275047
3,0,2,0.63305265,0.6777231,0.5256773
3,0,1,0.58941585,0.7115685,0.58766216
3,0,0,0.8529755,0.7401266,0.5013351
3,0,0,0.7849747,0.99764913,0.404954
3,0,2,0.6843787,0.9985324,0.49338531
3,0,2,0.8815567,0.79502964,0.4646291
3,0,1,0.75103414,0.9959299,0.37555122
3,0,2,0.80903685,0.99609023,0.45104578
3,0,2,0.8681884,0.99825734,0.45003277
3,0,2,0.97579545,0.70663935,0.39467567
3,0,2,0.7911566,0.7458436,0.3793954
3,0,0,0.59533733,0.9954904,0.36481678
3,0,0,0.9853479,0.993782,0.35298157
3,0,0,0.80776054,0.9960108,0.38836792
3,0,2,0.90058285,0.99711823,0.4971783
3,0,1,0.9815794,0.79073256,0.34425125
3,0,1,0.82750136,0.9985145,0.4208488
3,0,2,0.8198705,0.9954507,0.50073445
3,0,1,0.77294517,0.9983596,0.5407373
3,0,0,0.936912,0.998643,0.4387808
3,0,2,0.8062542,0.7941968,0.5572589
3,0,1,0.56599945,0.69809735,0.50361454
3,0,2,0.7181491,0.68927854,0.3527413
3,0,0,0.9387502,0.72082394,0.37682065
3,0,0,0.8681884,0.99792826,0.39351267
3,0,2,0.61301583,0.99747616,0.54003835
3,0,0,0.783336,0.995255,0.42291948
3,0,2,0.88134545,0.881264,0.45178917
3,0,2,0.8270656,0.7997998,0.37142372
3,0,1,0.8082116,0.9984995,0.38089097
3,0,2,0.78751624,0.7222393,0.42900282
3,0,2,0.72351164,0.9980726,0.47310054
3,0,0,0.9338407,0.99583435,0.4792011
3,0,2,0.89325905,0.8433978,0.40936702
3,0,2,0.9687038,0.99898726,0.43212804
2,0,2,0.4799391,0.7313243,0.43227613
3,0,2,0.6311168,0.9978934,0.5056077
3,0,2,0.97272146,0.99783605,0.40873343
3,0,0,0.8477846,0.9953236,0.366156
3,0,1,0.7634945,0.9982875,0.48917335
3,0,0,0.8065522,0.99784696,0.40648526
3,0,2,0.8305958,0.9967368,0.5421301
3,0,2,0.8811575,0.8697881,0.35712516
3,0,0,0.80776805,0.7640678,0.38419756
3,0,2,0.82940847,0.99711776,0.4069553
3,0,1,0.8262951,0.7736936,0.4677277
3,0,2,0.81915945,0.7130338,0.38327572
3,0,2,0.88152975,0.6724428,0.55313665
3,0,2,0.85692024,0.99610764,0.41476282
3,0,0,0.821522,0.9969881,0.34900305
3,0,2,0.933893,0.99858546,0.3811431
3,0,1,0.6020993,0.9982804,0.53219295
3,0,1,0.7767016,0.9967307,0.45445198
3,0,0,0.953024,0.9985247,0.38018835
3,0,2,0.9084548,0.99890244,0.48621202
3,0,2,0.9845387,0.72369874,0.3758337
3,0,1,0.81964093,0.99654007,0.35831174
3,0,2,0.63140345,0.7337369,0.44893172
3,0,1,0.64172906,0.9973362,0.5014031
3,0,2,0.8737301,0.81631756,0.5274508
3,0,2,0.6688071,0.6574127,0.5728486
3,0,2,0.74502987,0.9955859,0.4105042
3,0,0,0.9524432,0.99640036,0.3617869
3,0,1,0.5827692,0.673838,0.47898802
3,0,0,0.8672802,0.78772676,0.35627607
3,0,2,0.84396935,0.9967334,0.43409783
3,0,1,0.7492596,0.9232231,0.42399886
3,0,0,0.86054826,0.9980882,0.38471735
3,0,2,0.820676,0.9974463,0.40975615
3,0,0,0.8500575,0.7402559,0.38035184
3,0,2,0.98086596,0.7504728,0.3712819
3,0,2,0.8364898,0.9986804,0.5459731
3,0,2,0.8417883,0.8048943,0.42171237
3,0,2,0.8795659,0.72524965,0.41530123
3,0,2,0.81089485,0.71516746,0.50057024
3,0,0,0.97692275,0.69560677,0.41454518
2,0,1,0.49026415,0.82384694,0.5012265
3,0,2,0.888645,0.99735415,0.5334948
3,0,2,0.8222229,0.785118,0.45946395
3,0,2,0.6639636,0.67315394,0.4203154
3,0,1,0.7630074,0.99808407,0.36925057
3,0,2,0.98644143,0.9986267,0.3764858
3,0,2,0.7568951,0.88403535,0.4590837
3,0,2,0.83624786,0.8049735,0.3727118
3,0,2,0.57905614,0.99336267,0.5088759
3,0,2,0.9876211,0.99874437,0.38798797
3,0,1,0.76567864,0.7266074,0.40344876
3,0,0,0.8737814,0.8485363,0.38731116
3,0,2,0.6155557,0.99697685,0.40443134
3,0,2,0.8628034,0.99867624,0.37379122
3,0,2,0.81048286,0.7343659,0.49376157
3,0,1,0.8375999,0.9956469,0.4726291
3,0,2,0.8832533,0.8965488,0.41768318
3,0,1,0.76727027,0.79462117,0.4044599
3,0,1,0.646744,0.84195673,0.49954766
3,0,2,0.9739667,0.7451035,0.39600587
3,0,2,0.68651056,0.7219328,0.49283913
3,0,0,0.44753897,0.9985001,0.38540635
3,0,1,0.6266129,0.99719644,0.5131633
3,0,0,0.7590896,0.9953537,0.38040167
3,0,0,0.98527664,0.73535615,0.3719079
3,0,1,0.6188551,0.705602,0.5432775
3,0,1,0.577013,0.8288823,0.3693522
3,0,2,0.79892373,0.69636726,0.55987185
3,0,2,0.88331413,0.99857473,0.6023845
3,0,2,0.7861206,0.99783415,0.41490716
3,0,2,0.8160046,0.9988938,0.5327755
3,0,2,0.98595005,0.9985393,0.4084282
3,0,2,0.9858715,0.72843426,0.39942497
3,0,2,0.83343756,0.7968086,0.36402547
3,0,0,0.8773537,0.7659971,0.43846685
3,0,0,0.82013685,0.7990115,0.3435817
3,0,2,0.74348104,0.9950335,0.35630155
3,0,1,0.8106631,0.99692196,0.5005668
3,0,2,0.65368277,0.9939453,0.5717713
3,0,2,0.8801012,0.99657226,0.46110052
3,0,2,0.95860595,0.7694423,0.35028937
3,0,2,0.61483634,0.9970515,0.45430288
3,0,1,0.6354993,0.995971,0.48915532
3,0,1,0.646877,0.9965887,0.39628124
3,0,1,0.9450001,0.7649236,0.3836933
3,0,2,0.85828006,0.9979005,0.36619017
3,0,1,0.8721283,0.6591254,0.4638767
3,0,2,0.8289122,0.99774605,0.5200337
3,0,2,0.8893665,0.99893814,0.45749334
3,0,2,0.84331334,0.818964,0.36711472
3,0,0,0.86563295,0.82760984,0.41083443
2,0,1,0.501251,0.7410322,0.37543905
3,0,1,0.42661324,0.9986791,0.36236244
3,0,2,0.8628718,0.7862814,0.4302123
3,0,2,0.8976653,0.7981618,0.53387296
3,0,0,0.9843492,0.7318972,0.40591514
3,0,2,0.9585138,0.664647,0.50106025
3,0,1,0.5841511,0.8033972,0.45964506
3,0,1,0.9847875,0.99715745,0.3413243
3,0,2,0.8273952,0.99823207,0.35638666
3,0,2,0.8676071,0.9988136,0.37901893
3,0,2,0.5885967,0.70633405,0.49435702
3,0,2,0.8177792,0.9986739,0.58039886
3,0,0,0.98308706,0.7927211,0.3689332
3,0,0,0.9845611,0.99851483,0.42463347
3,0,2,0.573849,0.99773204,0.36188924
3,0,1,0.5884645,0.99813724,0.5103928
3,0,1,0.7419393,0.79756534,0.42319676
3,0,2,0.8127417,0.9977458,0.5674467
3,0,0,0.96851695,0.797361,0.3400822
3,0,0,0.85879964,0.76154,0.4103926
3,0,1,0.7722678,0.90541524,0.54091954
3,0,1,0.78452706,0.8210947,0.44791946
3,0,2,0.721002,0.80966204,0.44343227
3,0,2,0.7500017,0.72609115,0.44371206
3,0,1,0.85471874,0.99750465,0.42196617
3,0,2,0.88409424,0.99795496,0.4374379
3,0,2,0.81043607,0.9983475,0.56246674
3,0,0,0.78515327,0.74091613,0.40363458
3,0,2,0.80666757,0.7418203,0.4862349
3,0,1,0.8442741,0.75009495,0.38689828
2,0,2,0.55155224,0.6977817,0.50187737
3,0,2,0.82410234,0.9958354,0.43536246
3,0,0,0.9853217,0.9974355,0.37419617
3,0,1,0.905027,0.8308405,0.39692777
3,0,2,0.8590539,0.9985594,0.5240973
3,0,2,0.8447414,0.9958727,0.49358475
3,0,0,0.98325205,0.99652207,0.37387103
3,0,0,0.86370593,0.99801576,0.355107
3,0,2,0.629941,0.9978846,0.44321167
3,0,2,0.9862475,0.9974356,0.41874442
3,0,2,0.7797539,0.9980192,0.4137676
3,0,2,0.89058936,0.8491531,0.44742197
3,0,2,0.58059394,0.7623386,0.46320397
3,0,2,0.80892384,0.6472783,0.37276128
3,0,1,0.62207776,0.65565616,0.46279007
3,0,2,0.661197,0.76489246,0.47597536
3,0,2,0.7796041,0.94333166,0.40033415
3,0,1,0.8852095,0.9975998,0.364364
3,0,2,0.8659749,0.9986247,0.39248055
3,0,1,0.7647566,0.88709,0.37024668
3,0,1,0.6081883,0.99829143,0.46668667
3,0,1,0.8406832,0.9987086,0.40866113
3,0,0,0.8532948,0.9974445,0.4120936
3,0,2,0.60480416,0.99682754,0.5045384
3,0,0,0.9844779,0.65728384,0.3645324
3,0,2,0.83654875,0.73364484,0.43461236
3,0,2,0.8568552,0.99815136,0.5642099
3,0,0,0.95757335,0.7971551,0.42707035
3,0,2,0.8230162,0.7930588,0.46409896
3,0,2,0.8495933,0.99768317,0.4822884
3,0,0,0.75059485,0.9977501,0.3427304
3,0,2,0.87055683,0.6287478,0.48670912
3,0,2,0.5797004,0.7136708,0.45707086
3,0,1,0.763464,0.9983491,0.3655955
3,0,2,0.9735748,0.997157,0.36610773
3,0,0,0.93087405,0.7406245,0.44769412
3,0,2,0.882144,0.8724772,0.42260462
3,0,2,0.97090864,0.79712665,0.38299274
3,0,2,0.8093947,0.9971922,0.43112686
3,0,2,0.6800965,0.6704352,0.47583032
3,0,0,0.8300791,0.7871209,0.37179586
3,0,2,0.83804303,0.7962611,0.36901987
3,0,0,0.76885164,0.99759537,0.35173059
3,0,2,0.9832243,0.7963969,0.38577715
3,0,2,0.8927417,0.99705625,0.44923055
3,0,2,0.82171434,0.6659623,0.5501517
3,0,0,0.9873991,0.7139181,0.37419617
3,0,2,0.75206786,0.9944325,0.36496395
3,0,2,0.7603666,0.79278356,0.43385848
3,0,2,0.87211853,0.9988524,0.4643772
3,0,2,0.63300014,0.60314244,0.4407677
3,0,0,0.66500413,0.7417644,0.47677055
3,0,0,0.97138345,0.99578995,0.4172187
3,0,1,0.76437604,0.998382,0.33959737
3,0,1,0.8670089,0.99748707,0.44126332
3,0,2,0.87417203,0.9973658,0.40978473
3,0,0,0.88061315,0.9978187,0.42092127
3,0,1,0.6022088,0.7189381,0.49805638
3,0,0,0.9579517,0.6926701,0.41229138
3,0,2,0.5145895,0.7527773,0.5007495
3,0,2,0.8958928,0.7652099,0.3705657
3,0,0,0.95181984,0.6822119,0.3431779
3,0,2,0.7084731,0.8160337,0.43521747
3,0,2,0.61523324,0.99539185,0.49884692
3,0,2,0.8909238,0.9978162,0.51502454
3,0,2,0.8496445,0.9976242,0.414729
3,0,1,0.760591,0.87373114,0.38358766
3,0,0,0.8835006,0.99809426,0.4103188
3,0,1,0.8340721,0.81568885,0.36643982
3,0,0,0.94289917,0.8353338,0.36305916
3,0,1,0.72557676,0.92521775,0.37366858
3,0,2,0.7877788,0.7232611,0.5639767
3,0,2,0.7669558,0.9959991,0.41199327
3,0,1,0.98768824,0.9987116,0.3429245
3,0,1,0.7799492,0.85638124,0.43004864
3,0,2,0.85210794,0.7209952,0.45947653
3,0,2,0.5261683,0.8411315,0.4531462
3,0,0,0.91946554,0.99686265,0.4742827
3,0,2,0.98437065,0.6911624,0.49184906
3,0,0,0.95155716,0.9982497,0.35681453
3,0,2,0.953024,0.9963229,0.34590864
3,0,2,0.851713,0.9966409,0.48949558
3,0,2,0.5902148,0.6895728,0.48963574
3,0,2,0.874224,0.99860615,0.55193806
3,0,0,0.853766,0.64583427,0.38379237
3,0,2,0.9859416,0.71217275,0.4021212
3,0,2,0.8871207,0.7223814,0.53645605
3,0,2,0.8918022,0.9981053,0.48532683
3,0,0,0.76976484,0.99578756,0.403686
3,0,0,0.7443775,0.9339639,0.37426263
3,0,2,0.85845655,0.7360119,0.43941602
3,0,2,0.78352726,0.99808025,0.38810742
3,0,1,0.86617553,0.998384,0.37355036
3,0,2,0.5668437,0.8078862,0.36687762
3,0,0,0.71608603,0.8146986,0.37875494
3,0,2,0.88187146,0.9980952,0.36207652
3,0,2,0.85928893,0.7255986,0.51106155
3,0,1,0.85199654,0.99650526,0.4011302
3,0,1,0.9554083,0.99733526,0.41432488
3,0,2,0.86970896,0.7089954,0.45508602
3,0,0,0.83398217,0.7570663,0.49465653
3,0,2,0.82334316,0.6916201,0.3665428
3,0,2,0.8170227,0.9956565,0.44598877
3,0,1,0.77715015,0.9983639,0.4836061
3,0,0,0.98433256,0.78904104,0.3973869
3,0,2,0.7366834,0.99838054,0.40337363
3,0,1,0.74394816,0.83743036,0.42814845
3,0,2,0.74012846,0.99851173,0.39332524
3,0,1,0.8271814,0.99883,0.39381397
3,0,2,0.7470004,0.99749315,0.36780772
3,0,1,0.5946458,0.7254999,0.49389243
3,0,1,0.9512783,0.79281497,0.3650286
2,0,1,0.55122167,0.784524,0.5743333
3,0,2,0.81472427,0.9966012,0.4424988
3,0,2,0.77033836,0.9956963,0.36822185
2,0,1,0.4941384,0.76640546,0.6136074
3,0,2,0.72610515,0.9972414,0.41794103
3,0,2,0.85950744,0.9984646,0.43032467
3,0,2,0.9707889,0.99717855,0.3724989
3,0,1,0.7603157,0.8767388,0.45855775
3,0,2,0.6534329,0.74092567,0.4963211
3,0,1,0.8533678,0.99731916,0.34056854
3,0,2,0.7961326,0.73980457,0.46841824
3,0,0,0.9825164,0.79582983,0.3659465
3,0,0,0.9731976,0.7533925,0.41868037
3,0,1,0.6428413,0.99562657,0.47774184
3,0,2,0.77568907,0.7887928,0.3724284
3,0,2,0.64828813,0.9952449,0.43537813
3,0,2,0.98656404,0.75825906,0.4571063
3,0,2,0.86560524,0.6819073,0.522293
3,0,2,0.87142855,0.99606353,0.42757955
3,0,2,0.7412586,0.9112452,0.39525205
3,0,1,0.74968,0.7904296,0.34815955
3,0,2,0.7895641,0.9979431,0.446106
3,0,2,0.8638406,0.54108846,0.42170185
3,0,1,0.96391,0.99810314,0.35711294
3,0,0,0.78955907,0.99566096,0.3609519
3,0,0,0.94931126,0.68249315,0.3710577
3,0,2,0.8588298,0.71996474,0.47160235
3,0,2,0.7505187,0.9153548,0.4579439
3,0,1,0.76346064,0.66561294,0.45284814
3,0,1,0.5597073,0.70674074,0.43053383
3,0,2,0.78309476,0.7407533,0.52755785
3,0,1,0.7516576,0.8532105,0.48635048
3,0,2,0.8320644,0.9986487,0.41274118
3,0,2,0.7475736,0.7270407,0.37783417
3,0,2,0.969789,0.74978405,0.37829545
3,0,1,0.58264923,0.76462984,0.49251407
3,0,2,0.59633535,0.9954087,0.4268678
3,0,0,0.72807944,0.9971963,0.4107269
3,0,2,0.7848614,0.998362,0.49832982
3,0,2,0.88726795,0.99845874,0.3908175
3,0,0,0.9431541,0.70234025,0.38898438
3,0,0,0.864362,0.8744424,0.43438682
3,0,2,0.85806,0.9991431,0.40854695
3,0,2,0.6752218,0.7526965,0.40984982
3,0,2,0.8833779,0.99697316,0.4939074
3,0,2,0.97579485,0.7388459,0.37646794
3,0,1,0.94452745,0.99802184,0.37464502
3,0,1,0.59792143,0.8316635,0.3968975
3,0,2,0.87454784,0.7162016,0.4257378
3,0,0,0.9534411,0.9986621,0.39281452
3,0,2,0.610888,0.71092045,0.6172022
3,0,1,0.7326754,0.79439574,0.42935723
3,0,1,0.651169,0.99793977,0.47557676
2,0,2,0.52560437,0.7333379,0.45138732
3,0,0,0.55305934,0.9974329,0.4643014
3,0,2,0.8359663,0.9976156,0.3344204
3,0,2,0.776133,0.99822,0.44540405
3,0,0,0.8579655,0.8398108,0.48095366
3,0,2,0.65889245,0.7137445,0.525964
3,0,2,0.8908255,0.9987633,0.5965973
3,0,2,0.8814991,0.9988262,0.43131822
3,0,2,0.83453083,0.7943063,0.4078404
3,0,2,0.64635885,0.99885166,0.40995678
3,0,1,0.64884454,0.8342591,0.63231707
3,0,2,0.85659385,0.99816716,0.45824233
3,0,1,0.9701791,0.9977367,0.3669158
3,0,2,0.5790019,0.7486076,0.4492819
3,0,0,0.98438674,0.7412429,0.43658435
2,0,2,0.60306036,0.6233044,0.52987903
3,0,2,0.9854034,0.99694604,0.36671457
3,0,1,0.62071306,0.99836653,0.5360121
3,0,2,0.7236134,0.997785,0.43401065
3,0,2,0.96825343,0.7518902,0.40262878
3,0,2,0.9812447,0.99627894,0.44353372
3,0,2,0.9850552,0.9981566,0.45067808
3,0,1,0.974738,0.8464482,0.36828005
3,0,2,0.9001554,0.99867296,0.49129173
3,0,2,0.8202353,0.7034029,0.4037905
3,0,2,0.97060466,0.7406031,0.5536692
3,0,2,0.96588403,0.6959918,0.43292198
3,0,2,0.84616524,0.8202964,0.40022713
3,0,2,0.8703041,0.8073415,0.38656208
3,0,2,0.6128031,0.8044395,0.45800442
3,0,0,0.9450001,0.9988193,0.35267916
3,0,2,0.6926145,0.71532226,0.3738626
3,0,2,0.9844642,0.99552673,0.42709687
3,0,1,0.59288687,0.9983052,0.46224847
3,0,1,0.6210004,0.74390244,0.45017225
3,0,1,0.56875634,0.9971662,0.5926548
3,0,2,0.9861137,0.99732035,0.4276291
3,0,2,0.9798834,0.7664137,0.40028983
3,0,0,0.97175634,0.99540114,0.42710036
3,0,2,0.67615867,0.7484773,0.3953873
3,0,1,0.6181154,0.7406757,0.35898635
3,0,1,0.56130725,0.813145,0.552979
3,0,2,0.8285956,0.6515727,0.42600518
3,0,2,0.8499271,0.71800846,0.43669686
3,0,1,0.7683071,0.99769646,0.36089623
3,0,0,0.9831451,0.7623473,0.36714724
3,0,2,0.84356195,0.7567224,0.3742594
3,0,2,0.88402456,0.7775466,0.5485086
3,0,2,0.83246726,0.9978557,0.4968659
3,0,0,0.84534746,0.9980388,0.34908104
3,0,2,0.8673206,0.99840146,0.48762915
3,0,1,0.6178289,0.8832529,0.38962448
3,0,1,0.9799431,0.9976373,0.40965644
3,0,2,0.88497865,0.7396383,0.44384462
2,0,1,0.5625062,0.7349953,0.47261372
3,0,2,0.6633682,0.9977683,0.44072306
3,0,2,0.951552,0.9975909,0.41767117
3,0,2,0.65102357,0.72328055,0.40439382
3,0,2,0.9848409,0.7443741,0.3754953
3,0,1,0.9884334,0.6553672,0.38639647
3,0,0,0.7491193,0.7371617,0.47518262
3,0,0,0.9831029,0.662575,0.38805237
3,0,0,0.8582264,0.9964796,0.41255602
3,0,2,0.8510661,0.7165109,0.5391141
3,0,2,0.8293943,0.99447906,0.41843218
3,0,0,0.6815126,0.9966298,0.36517394
3,0,0,0.98634964,0.9981065,0.43015194
3,0,2,0.967838,0.9984854,0.3894279
3,0,0,0.84212244,0.9941544,0.4182851
3,0,2,0.7881475,0.7917883,0.4792425
3,0,2,0.98530453,0.9970784,0.39188462
3,0,1,0.9325318,0.66219884,0.5022741
3,0,2,0.66188264,0.7033721,0.38533375
3,0,2,0.8981031,0.9984763,0.48770908
3,0,2,0.82940495,0.99671626,0.4834483
3,0,2,0.8856622,0.7636051,0.4748504
3,0,2,0.9591771,0.99834883,0.46024168
3,0,0,0.9534411,0.66284996,0.4715145
3,0,2,0.8924219,0.7063665,0.4242582
3,0,2,0.8705861,0.9987257,0.45093924
3,0,2,0.7631368,0.72345394,0.35633287
3,0,2,0.87369573,0.9963946,0.50004154
3,0,2,0.8620066,0.99617296,0.37208214
2,0,2,0.53330976,0.99841404,0.55197716
3,0,1,0.6685994,0.99836487,0.49057955
2,0,1,0.46202224,0.8481571,0.5655314
3,0,2,0.8232564,0.76197433,0.50526464
3,0,2,0.82275164,0.99656737,0.4908604
3,0,2,0.7316628,0.66977227,0.4771461
3,0,1,0.8714146,0.89374906,0.44575694
3,0,2,0.87665623,0.9972404,0.56248915
2,0,1,0.48306894,0.99447423,0.49764314
3,0,2,0.7990834,0.72561705,0.5216055
3,0,2,0.6110388,0.5851938,0.475274
3,0,2,0.7185192,0.9973347,0.3839314
3,0,2,0.8222229,0.9984326,0.47797987
3,0,2,0.87657106,0.75591856,0.49678534
3,0,2,0.6022908,0.99769187,0.46926132
3,0,1,0.61255175,0.7891627,0.3921385
3,0,2,0.8447092,0.9967919,0.4619326
3,0,2,0.8695304,0.9970197,0.422378
3,0,2,0.8934702,0.99935144,0.42062113
3,0,2,0.81696236,0.9987588,0.36141884
3,0,2,0.8781139,0.68849957,0.3746645
3,0,0,0.87117493,0.99730706,0.40760085
3,0,2,0.5934706,0.6194645,0.40615994
3,0,2,0.8141301,0.7037549,0.47602803
3,0,1,0.7634312,0.99821764,0.36293122
3,0,2,0.75256616,0.9964527,0.4527087
3,0,1,0.86794674,0.8671461,0.39339444
3,0,2,0.65779483,0.74887824,0.47212943
3,0,2,0.5703443,0.729036,0.47049475
3,0,2,0.98251075,0.99788034,0.38452134
3,0,2,0.7750701,0.78849626,0.36927745
3,0,2,0.9692392,0.80004305,0.4457623
3,0,0,0.87,0.995369,0.36392897
3,0,2,0.82518387,0.7539006,0.52302474
3,0,2,0.8749435,0.6101132,0.58462334
3,0,2,0.6100063,0.9974246,0.42990467
3,0,2,0.81868607,0.9988078,0.4009354
3,0,2,0.8431066,0.9978397,0.3558849
3,0,1,0.6063669,0.9965894,0.4818436
3,0,2,0.97014654,0.99733377,0.37485456
3,0,2,0.7873884,0.7747556,0.47022125
3,0,2,0.81544995,0.7550505,0.42798775
3,0,0,0.8226033,0.9984066,0.37317765
3,0,1,0.85167104,0.83778375,0.3986779
3,0,2,0.7647113,0.9986099,0.41797927
3,0,2,0.7993359,0.7163944,0.61161953
3,0,2,0.89764017,0.9968076,0.4360318
3,0,2,0.86607176,0.9978727,0.4280292
3,0,1,0.6416814,0.996128,0.42135125
3,0,0,0.8226797,0.99718744,0.38302183
3,0,2,0.8686551,0.82878524,0.4228279
3,0,0,0.97809577,0.815385,0.40448672
3,0,1,0.75508606,0.9942326,0.354667
3,0,1,0.8301479,0.8085697,0.38669538
3,0,2,0.7801152,0.99563724,0.41443625
3,0,1,0.5003119,0.7040268,0.4587481
3,0,2,0.886549,0.99774855,0.42238414
3,0,1,0.8233372,0.9958525,0.38501403
3,0,2,0.79065794,0.8790934,0.5857895
3,0,2,0.9697174,0.99861574,0.393362
3,0,2,0.8781641,0.83020014,0.42550772
3,0,0,0.9653814,0.9970822,0.3737325
3,0,1,0.83209807,0.80278385,0.42486838
3,0,0,0.98613214,0.80505925,0.44882292
3,0,2,0.88070816,0.99827635,0.47754762
3,0,0,0.9807631,0.7389038,0.43263865
3,0,0,0.722281,0.99662507,0.36272168
3,0,1,0.73384976,0.7712022,0.35092583
2,0,1,0.52153516,0.8203392,0.49593326
3,0,1,0.74393874,0.8322755,0.38860795
3,0,2,0.5945319,0.99667394,0.4646997
3,0,1,0.75494313,0.8706136,0.4364873
3,0,2,0.7359746,0.7056077,0.3675974
3,0,2,0.8659616,0.9978527,0.44580474
3,0,2,0.8836127,0.99629754,0.37259984
3,0,1,0.8126502,0.9975873,0.41947022
3,0,1,0.76576084,0.99906176,0.6220126
3,0,1,0.6271207,0.99725574,0.5307726
3,0,0,0.8376544,0.8349681,0.3668592
3,0,2,0.8120778,0.9954171,0.48319152
3,0,2,0.7739685,0.75478595,0.3817405
3,0,2,0.9737419,0.72582227,0.46142715
3,0,1,0.7708484,0.89463896,0.48414996
3,0,2,0.5196004,0.99822074,0.48562914
3,0,2,0.97813034,0.7815757,0.38974768
3,0,2,0.5800316,0.9979596,0.4639574
3,0,0,0.8571554,0.9979674,0.40689436
3,0,2,0.9873991,0.6948419,0.48010665
3,0,2,0.6532904,0.9955584,0.4190625
3,0,1,0.84652215,0.9982811,0.4307063
3,0,2,0.43974337,0.99825495,0.47420374
3,0,1,0.87886196,0.67991513,0.41061223
3,0,0,0.7475594,0.9968167,0.38408992
3,0,2,0.8764575,0.60366356,0.4580037
3,0,2,0.865816,0.9493163,0.49505195
3,0,2,0.8291593,0.99520856,0.4806179
3,0,2,0.8634384,0.99880767,0.3669343
3,0,1,0.9611844,0.7437647,0.4202557
3,0,0,0.8726409,0.7123079,0.49259946
3,0,1,0.86375374,0.9984585,0.37184903
3,0,2,0.86572045,0.66974276,0.48744327
3,0,1,0.77500284,0.75425875,0.36808196
3,0,2,0.8736036,0.8010872,0.56695354
3,0,0,0.7691511,0.80711967,0.36210513
3,0,2,0.97690386,0.7097891,0.36588886
3,0,2,0.8092155,0.77172416,0.34267727
3,0,2,0.7497046,0.6577042,0.43472192
3,0,1,0.9180972,0.77842486,0.34513083
3,0,2,0.8845395,0.9972024,0.37444982
3,0,2,0.83531547,0.99693716,0.49048683
3,0,2,0.66858655,0.9949812,0.45428023
3,0,1,0.97922814,0.71672094,0.34857762
3,0,2,0.9856652,0.82835746,0.42722052
3,0,0,0.9832418,0.73851526,0.35768315
3,0,2,0.75322056,0.6836224,0.5406926
3,0,2,0.8813364,0.6460834,0.40719086
3,0,1,0.7634945,0.9973139,0.3990055
3,0,2,0.85775536,0.99893564,0.41995227
3,0,2,0.7678269,0.9976198,0.4376846
3,0,2,0.86020976,0.6987069,0.42037055
3,0,0,0.98742825,0.99701107,0.415138
3,0,2,0.9547537,0.75097513,0.43359396
3,0,2,0.8711999,0.9959603,0.47388425
3,0,2,0.8717892,0.7868747,0.44427058
3,0,1,0.86827815,0.7606919,0.4145763
3,0,2,0.836892,0.9980398,0.42897296
3,0,2,0.8104015,0.99715096,0.3735819
3,0,2,0.86371124,0.85338265,0.42877358
3,0,1,0.6497639,0.7958392,0.34736443
3,0,2,0.84071046,0.9977436,0.406021
3,0,2,0.8643296,0.7235371,0.4435701
3,0,1,0.6041666,0.99647707,0.54264563
3,0,2,0.7941932,0.99778324,0.47064552
3,0,2,0.83125097,0.7805505,0.39404744
3,0,0,0.7813633,0.9974039,0.3477679
3,0,2,0.87006193,0.9971316,0.38921398
3,0,2,0.6497136,0.66286945,0.49218002
3,0,2,0.8286747,0.99610955,0.3971935
3,0,2,0.75116366,0.8232917,0.39409724
3,0,0,0.98364,0.82999617,0.38300058
3,0,2,0.8605805,0.99862874,0.42803562
3,0,2,0.8727305,0.9981816,0.40621597
3,0,1,0.79929185,0.6910248,0.480615
3,0,2,0.8815742,0.8025168,0.53002554
3,0,0,0.8832262,0.6983152,0.41934025
3,0,2,0.8924321,0.99854434,0.5467627
3,0,2,0.8340502,0.7461834,0.49880084
3,0,1,0.7618226,0.8098185,0.37376735
3,0,2,0.8626285,0.752994,0.42805585
3,0,2,0.96589625,0.99852306,0.39071828
3,0,2,0.9469753,0.7663423,0.39847043
3,0,2,0.805037,0.8013058,0.3814769
3,0,1,0.61207306,0.7515397,0.44874853
3,0,2,0.96996933,0.7921577,0.41289347
3,0,2,0.9866947,0.7244391,0.3423115
3,0,0,0.7454544,0.7127797,0.42621255
3,0,2,0.8733542,0.9986094,0.39300063
3,0,2,0.85256296,0.9976896,0.39409736
3,0,1,0.6211817,0.720785,0.41592503
3,0,2,0.8923971,0.99783355,0.5004993
3,0,2,0.7753016,0.6757752,0.5399199
3,0,2,0.8951261,0.99864703,0.4146223
3,0,2,0.8084253,0.77872145,0.37362006
3,0,1,0.86578023,0.997598,0.3908984
3,0,0,0.8544014,0.9977132,0.40715572
3,0,2,0.88615555,0.99869317,0.42413723
3,0,2,0.9728042,0.7380422,0.36404946
3,0,2,0.6836297,0.79384106,0.42025346
3,0,1,0.8470305,0.87589586,0.37840423
3,0,2,0.75680655,0.7953094,0.40618372
3,0,1,0.616288,0.99702877,0.48244083
3,0,2,0.87578267,0.86006016,0.46297792
3,0,1,0.8190778,0.84592843,0.37452605
3,0,1,0.9835834,0.995613,0.40946823
3,0,2,0.8722909,0.80914736,0.44705695
3,0,2,0.97087413,0.9982017,0.39889708
3,0,2,0.97308457,0.6980842,0.46361822
3,0,2,0.87511057,0.9975381,0.42100015
3,0,2,0.8125589,0.80363345,0.3881628
3,0,0,0.8532948,0.9978163,0.39459324
3,0,0,0.97880554,0.9963618,0.36369428
3,0,0,0.8469785,0.84894514,0.3862834
3,0,1,0.9604191,0.7986193,0.3535866
3,0,1,0.80695057,0.9945748,0.36379328
3,0,1,0.75045246,0.90585434,0.5213546
3,0,2,0.9824124,0.71340287,0.3951184
3,0,2,0.895516,0.9988728,0.41967574
3,0,2,0.7666619,0.7862744,0.41256538
3,0,2,0.5796618,0.9970591,0.4234661
3,0,2,0.9037879,0.8129066,0.383242
3,0,1,0.63275963,0.83872545,0.37961268
3,0,1,0.59194624,0.9963898,0.39459774
3,0,2,0.9746279,0.99845445,0.44120547
3,0,2,0.79022217,0.7657901,0.49323642
3,0,2,0.7818089,0.9973597,0.40378988
3,0,2,0.84268135,0.8071957,0.47607028
3,0,1,0.5738748,0.9970149,0.4189617
3,0,2,0.8734907,0.99869615,0.55581397
3,0,2,0.9633434,0.99626285,0.40598118
3,0,1,0.7630074,0.9942035,0.38056567
3,0,0,0.98238695,0.99796677,0.37666792
3,0,2,0.86652136,0.766752,0.50616103
3,0,1,0.9585933,0.7735218,0.436351
3,0,2,0.88455814,0.7167437,0.40839973
3,0,2,0.8627411,0.998175,0.5034152
3,0,2,0.86441326,0.99828774,0.39080918
3,0,2,0.77901,0.9978701,0.88748795
3,0,2,0.8286898,0.75878084,0.44797847
3,0,2,0.6057604,0.67985743,0.47030228
3,0,2,0.83170927,0.8229218,0.398208
3,0,2,0.614776,0.716265,0.4880281
3,0,2,0.82162404,0.99822503,0.38699245
3,0,0,0.8466268,0.8512246,0.37592083
3,0,1,0.85521954,0.9975184,0.35764968
3,0,2,0.8137286,0.9959363,0.41702467
3,0,2,0.9693787,0.7481033,0.47029907
3,0,0,0.84401554,0.9979327,0.40577108
3,0,1,0.8228252,0.9967692,0.48103335
3,0,2,0.87714815,0.99686676,0.455333
3,0,2,0.971055,0.74929684,0.44314587
3,0,0,0.95929533,0.9980236,0.4202
3,0,0,0.98517966,0.99833953,0.40127987
3,0,0,0.9740824,0.78974473,0.34463525
3,0,1,0.62006253,0.9944665,0.46085075
3,0,2,0.85794276,0.9953402,0.4833395
3,0,2,0.86409646,0.7533318,0.57602936
3,0,1,0.8084253,0.9978236,0.36718658
3,0,2,0.85904086,0.9965917,0.3671505
3,0,2,0.88225126,0.75656253,0.49294224
3,0,1,0.7603157,0.99719584,0.4852085
3,0,2,0.8791613,0.71007526,0.46416202
3,0,2,0.8072213,0.9952733,0.4426013
3,0,2,0.94742084,0.7414061,0.3586942
3,0,1,0.765114,0.67316777,0.38387185
3,0,2,0.8893814,0.9974291,0.47168407
3,0,1,0.7191728,0.8179545,0.37564063
3,0,2,0.9830787,0.79520583,0.40317103
3,0,1,0.75881994,0.75173014,0.4189938
3,0,2,0.7347673,0.6756988,0.5627881
3,0,0,0.8653993,0.9983392,0.41264486
3,0,0,0.80441296,0.7622342,0.48534665
3,0,2,0.8733855,0.6651539,0.4811667
3,0,0,0.87254024,0.9966948,0.4230529
3,0,2,0.82311237,0.99675614,0.55090505
3,0,1,0.6176385,0.78540355,0.46940088
3,0,2,0.8895939,0.9959733,0.36446342
2,0,1,0.51207507,0.9975573,0.5027207
2,0,2,0.55652696,0.62683886,0.545936
3,0,2,0.953683,0.74755484,0.38059092
3,0,2,0.8073509,0.996104,0.5206414
3,0,2,0.7564317,0.9986927,0.3560117
3,0,1,0.75386834,0.9984428,0.45115197
3,0,1,0.59898907,0.72740334,0.52975786
3,0,1,0.8576204,0.91030073,0.5185262
3,0,2,0.78652525,0.82599723,0.3825577
3,0,0,0.8395568,0.99556255,0.3579752
3,0,0,0.8568555,0.9984302,0.42057317
3,0,2,0.8775708,0.7766338,0.5478104
3,0,0,0.95007527,0.9948427,0.3979788
3,0,2,0.8495669,0.99621767,0.43219343
3,0,1,0.9858496,0.78422666,0.3668753
3,0,2,0.4984999,0.6998915,0.4637793
3,0,0,0.98467237,0.8208123,0.35945204
3,0,0,0.8629386,0.7931321,0.37659213
3,0,2,0.9785527,0.75904053,0.4005735
3,0,2,0.9880242,0.67262226,0.41584635
3,0,2,0.85884,0.9976532,0.4353504
3,0,0,0.5487881,0.99724376,0.3450139
3,0,0,0.7716771,0.99843425,0.38322258
3,0,2,0.8510004,0.7304225,0.46640027
3,0,2,0.5703443,0.6655153,0.5171251
3,0,2,0.6506442,0.9982564,0.4210607
3,0,1,0.75497645,0.8679171,0.3656002
3,0,2,0.84000105,0.9977307,0.45131013
3,0,1,0.81455046,0.99875164,0.40126178
3,0,2,0.8775327,0.9983536,0.37811443
3,0,1,0.8363467,0.73842394,0.4098153
3,0,1,0.6107258,0.79504025,0.45989358
3,0,2,0.7737589,0.99577135,0.42833203
2,0,2,0.5202736,0.8044524,0.44352016
3,0,2,0.6139939,0.9985274,0.475169
3,0,1,0.6020869,0.99387854,0.42165607
3,0,2,0.82524693,0.99718994,0.48837173
3,0,1,0.5922145,0.99770075,0.43337226
3,0,2,0.8604468,0.66116935,0.49631348
3,0,2,0.7338565,0.8689645,0.49454582
3,0,0,0.6719401,0.7813301,0.46078613
3,0,2,0.8524662,0.9977557,0.3813842
3,0,1,0.6578083,0.99693465,0.4257422
3,0,2,0.77925205,0.9981402,0.40133405
3,0,2,0.89145666,0.67934424,0.4466262
3,0,2,0.8466029,0.6980166,0.47448006
3,0,1,0.88549465,0.7269174,0.37439683
3,0,1,0.67129433,0.99808276,0.39265567
3,0,2,0.9859694,0.9975153,0.41261134
3,0,2,0.49715078,0.998038,0.43412668
3,0,1,0.7933222,0.7937672,0.39689898
3,0,2,0.9892803,0.7790419,0.40453392
3,0,2,0.77047443,0.99840945,0.40821883
3,0,0,0.98497254,0.99767834,0.44806436
3,0,1,0.8611972,0.8563838,0.47929284
3,0,0,0.97654516,0.9948257,0.4066721
3,0,2,0.8535336,0.99705696,0.41879743
3,0,0,0.7621083,0.9985764,0.3447331
3,0,0,0.6968936,0.79490787,0.5620191
3,0,2,0.5904037,0.64441264,0.56786263
3,0,1,0.8388145,0.9951983,0.44427285
3,0,2,0.8162467,0.9980306,0.49946544
3,0,1,0.7769598,0.82853335,0.44634914
3,0,0,0.79145336,0.69577825,0.37492305
3,0,2,0.87077135,0.9980052,0.49590412
3,0,1,0.690436,0.87382233,0.512297
3,0,0,0.7797539,0.9971136,0.44349346
3,0,2,0.88393474,0.7710297,0.4002758
2,0,1,0.545002,0.99641716,0.5578113
3,0,2,0.8295194,0.56109816,0.43505374
3,0,2,0.79951334,0.76651376,0.44302073
3,0,1,0.7506551,0.81733626,0.39380866
3,0,2,0.7969489,0.9986928,0.3432914
3,0,2,0.66245645,0.99754083,0.425273
2,0,2,0.5572469,0.6954086,0.41125965
3,0,2,0.86737794,0.73124087,0.5143105
3,0,1,0.8628366,0.9958121,0.3953723
3,0,0,0.98644143,0.72324026,0.44042307
3,0,1,0.8394957,0.9988342,0.44818878
3,0,2,0.75541353,0.80832404,0.4110906
3,0,1,0.87093896,0.86138207,0.4163415
3,0,1,0.60414326,0.9953068,0.37991956
3,0,1,0.623903,0.7187552,0.46327
3,0,2,0.5847338,0.9958578,0.53877884
3,0,2,0.6007134,0.9965708,0.4660634
3,0,2,0.9711223,0.9978126,0.3946039
3,0,2,0.94694525,0.9970487,0.37236184
3,0,2,0.85200465,0.99659866,0.41837722
3,0,2,0.77867746,0.8550581,0.43132398
3,0,2,0.87460196,0.78810245,0.4903855
3,0,2,0.86593175,0.72037435,0.4157871
3,0,0,0.8728723,0.8693077,0.3959524
3,0,0,0.7099351,0.80547845,0.36229786
3,0,2,0.6619307,0.9977259,0.36118078
3,0,2,0.80447435,0.7237861,0.36657706
3,0,2,0.8797856,0.7226838,0.4922416
3,0,2,0.8142952,0.7722879,0.46896926
3,0,2,0.8149374,0.99697185,0.42768812
3,0,2,0.8725072,0.99833715,0.5567639
3,0,2,0.8296797,0.807919,0.3601194
3,0,1,0.81425214,0.872068,0.41969705
3,0,2,0.75864774,0.65698594,0.55806226
3,0,2,0.6220511,0.7393463,0.4626722
3,0,2,0.6820926,0.9986754,0.544401
3,0,1,0.71804875,0.87293893,0.43926257
3,0,1,0.58121365,0.7858897,0.47381496
3,0,1,0.6077894,0.9964779,0.44565666
3,0,1,0.78980875,0.9974154,0.3988663
3,0,2,0.87273145,0.9982882,0.5231101
3,0,0,0.73827195,0.80843216,0.39552498
3,0,0,0.83363974,0.9980379,0.4147749
3,0,2,0.79171413,0.7709701,0.41907102
3,0,1,0.63108134,0.773634,0.41840363
3,0,2,0.84650874,0.9973712,0.46813747
3,0,2,0.62837684,0.7532018,0.42407405
3,0,2,0.86210585,0.7576635,0.36492252
2,0,2,0.5117274,0.9941379,0.4743137
3,0,2,0.8362295,0.9981592,0.49616623
3,0,0,0.81593806,0.77846396,0.35706303
3,0,2,0.7514954,0.9987607,0.4578916
3,0,2,0.8410613,0.99812454,0.4923233
3,0,1,0.983185,0.9971609,0.37222967
3,0,1,0.7617709,0.99623907,0.4712698
3,0,1,0.7759178,0.8895879,0.5121815
3,0,2,0.77271897,0.9957046,0.54648405
3,0,1,0.58710897,0.84591806,0.44170535
3,0,2,0.78907365,0.99656796,0.47736016
3,0,2,0.98045725,0.9983923,0.38277793
3,0,2,0.76122993,0.99791974,0.41522422
3,0,2,0.87553155,0.99388325,0.53589034
3,0,2,0.8472896,0.996867,0.4200496
3,0,2,0.86020976,0.6914572,0.57583606
3,0,2,0.8518154,0.61136913,0.5809611
3,0,2,0.659286,0.9955922,0.47321856
3,0,0,0.80355734,0.77154267,0.3687214
3,0,2,0.8645658,0.82094544,0.4444757
3,0,1,0.60064465,0.7020483,0.43028185
3,0,0,0.8393017,0.9931846,0.3607788
3,0,2,0.5898097,0.72717977,0.4670038
3,0,2,0.847213,0.704501,0.46404386
3,0,2,0.88759726,0.7828589,0.43176737
3,0,1,0.9040663,0.9981958,0.35671872
3,0,1,0.8323272,0.9952401,0.48822477
3,0,2,0.98584104,0.99538934,0.39504358
2,0,2,0.4804331,0.7779995,0.47936803
3,0,2,0.8170082,0.7292734,0.46971455
3,0,2,0.88585925,0.9969494,0.45644376
3,0,2,0.8351658,0.99664176,0.41203457
3,0,2,0.884357,0.99703455,0.36808422
3,0,1,0.7594365,0.75330657,0.34658578
3,0,2,0.5994317,0.994214,0.47422153
3,0,1,0.8655955,0.79914725,0.36273816
3,0,1,0.7448411,0.79722714,0.3740717
3,0,1,0.82748765,0.8305096,0.39487532
3,0,2,0.83563906,0.996506,0.46484822
3,0,1,0.8511773,0.9972957,0.3815126
3,0,2,0.8117332,0.99864,0.46997914
3,0,2,0.87046957,0.82725376,0.37754965
3,0,2,0.7861631,0.80484885,0.5459018
3,0,1,0.8180885,0.66875803,0.37849796
3,0,2,0.9535488,0.78287125,0.39424706
3,0,2,0.60181236,0.6445154,0.51463753
3,0,2,0.8455365,0.9968556,0.42783663
3,0,2,0.8644995,0.8115249,0.3871913
3,0,1,0.61752886,0.99753785,0.47292963
3,0,2,0.98484516,0.78988665,0.4602892
3,0,1,0.78599143,0.9968188,0.38290572
3,0,2,0.853561,0.9978344,0.3822342
3,0,2,0.8013107,0.9981437,0.49961102
3,0,2,0.8863027,0.99751854,0.45949435
3,0,0,0.79442215,0.7243302,0.46518126
3,0,2,0.8434221,0.9973145,0.4709321
3,0,1,0.6428675,0.9958454,0.47037387
3,0,0,0.98579156,0.99797064,0.46753967
3,0,0,0.9758499,0.99813795,0.3894696
3,0,2,0.8632451,0.6028604,0.3719245
3,0,1,0.93154794,0.99714833,0.38434374
3,0,1,0.8497734,0.79567903,0.34000763
3,0,1,0.84334654,0.6926481,0.34470853
3,0,2,0.7378165,0.9976043,0.4936848
3,0,2,0.9527918,0.6357901,0.3739573
3,0,1,0.7509372,0.882958,0.43979344
3,0,0,0.9855575,0.99803823,0.37222368
3,0,2,0.82732415,0.75619125,0.4305728
3,0,2,0.83586323,0.82088375,0.40709528
3,0,0,0.97296876,0.9955765,0.34724325
3,0,2,0.7193423,0.8013647,0.5486229
3,0,2,0.861911,0.9955914,0.5583706
3,0,2,0.83628887,0.99637455,0.38519418
3,0,2,0.48029643,0.83271533,0.48766717
3,0,2,0.8126124,0.6948558,0.5217507
3,0,1,0.76577395,0.8885499,0.47536165
3,0,1,0.7617709,0.83249485,0.42052695
3,0,2,0.6106863,0.9936342,0.4187532
2,0,1,0.5081125,0.78199375,0.5648574
3,0,1,0.7550599,0.99738723,0.50228333
3,0,2,0.8275339,0.71765363,0.50586444
3,0,2,0.954162,0.7176005,0.37613437
3,0,0,0.9754087,0.99733067,0.3590277
3,0,1,0.8686465,0.99818987,0.40446863
3,0,1,0.82957405,0.73992616,0.3550359
3,0,2,0.9863738,0.7162114,0.3407675
3,0,2,0.85856557,0.99796677,0.477563
3,0,1,0.5978082,0.75642216,0.41324368
3,0,0,0.75164527,0.7120769,0.38866183
3,0,1,0.76576155,0.99786747,0.3988758
2,0,2,0.58060443,0.63211125,0.48426607
3,0,2,0.78302956,0.66502684,0.56727594
3,0,0,0.8237514,0.74406093,0.35372537
3,0,2,0.61107326,0.99249095,0.46345967
3,0,1,0.7977007,0.997022,0.34904236
3,0,2,0.8564492,0.7207276,0.45138818
3,0,1,0.7544629,0.86171067,0.41617203
3,0,2,0.8282677,0.9970415,0.40464315
3,0,0,0.7877983,0.7753677,0.3561172
3,0,2,0.8681213,0.9988669,0.4982384
3,0,2,0.860956,0.71937066,0.42061114
3,0,2,0.88765794,0.9967513,0.49581087
3,0,2,0.8556878,0.6340703,0.5553612
3,0,2,0.8845395,0.819159,0.49086896
3,0,0,0.985824,0.9986368,0.41432652
3,0,2,0.8647344,0.77591264,0.454807
3,0,1,0.84073925,0.997809,0.36389443
3,0,2,0.85034287,0.8732436,0.45207316
3,0,2,0.65706444,0.99531364,0.41634277
3,0,2,0.8020771,0.71664983,0.486323
3,0,2,0.8759203,0.99873525,0.47340372
3,0,1,0.76424104,0.933266,0.49523205
3,0,2,0.8970316,0.8619379,0.33771235
3,0,0,0.8161629,0.77622515,0.37677017
3,0,2,0.9856652,0.76794684,0.40336975
3,0,1,0.7683071,0.7546114,0.3924368
3,0,1,0.6058593,0.9960961,0.5231338
3,0,2,0.86469406,0.9970101,0.44595367
3,0,2,0.9690286,0.99717003,0.37806737
3,0,0,0.97014654,0.996588,0.3699021
3,0,2,0.8856423,0.84775084,0.47174153
3,0,2,0.9854034,0.9937563,0.37333378
3,0,2,0.6634857,0.77133965,0.38095558
3,0,0,0.8367557,0.8043044,0.34066388
3,0,2,0.8548836,0.8006391,0.5401427
2,0,1,0.49941894,0.80025923,0.43046528
3,0,1,0.7510205,0.7677427,0.4701473
3,0,1,0.9861137,0.7879075,0.4127221
3,0,0,0.8096925,0.99572563,0.3872731
3,0,2,0.84347314,0.9976883,0.36835483
3,0,0,0.80075085,0.9940851,0.51309806
3,0,2,0.8141301,0.66329384,0.46364585
3,0,2,0.8023635,0.7144121,0.34911412
2,0,2,0.5305438,0.5861404,0.48520976
3,0,2,0.6105096,0.99609333,0.4471387
3,0,0,0.85962486,0.9985654,0.37986496
3,0,2,0.76804316,0.8452279,0.36750373
3,0,2,0.6823825,0.9951727,0.42583436
3,0,2,0.75834996,0.9964244,0.4433084
3,0,1,0.77751464,0.9964474,0.38384834
3,0,2,0.9510072,0.8347758,0.47925735
3,0,2,0.6275109,0.99634886,0.51010305
3,0,1,0.617723,0.8359672,0.5269772
3,0,2,0.87517524,0.67343444,0.41181284
3,0,0,0.8681607,0.9980301,0.40202147
3,0,0,0.83121324,0.74012965,0.34260705
3,0,2,0.83652407,0.60532403,0.46800476
3,0,2,0.87575096,0.69664216,0.49220538
3,0,2,0.8693429,0.64330566,0.540875
3,0,0,0.985377,0.9976891,0.38445753
3,0,2,0.6079737,0.9974492,0.4958173
3,0,2,0.76137334,0.72130543,0.39426264
3,0,1,0.61858284,0.85688317,0.6315825
3,0,2,0.82673746,0.73457015,0.4772222
3,0,2,0.6690133,0.7267932,0.5381662
3,0,2,0.8788235,0.99871147,0.52851075
3,0,2,0.8730169,0.99795485,0.3776728
3,0,2,0.8692243,0.58872455,0.40172213
3,0,1,0.76430535,0.9982664,0.42814356
3,0,2,0.97819114,0.77602714,0.38487664
3,0,2,0.8224342,0.9983676,0.5136893
3,0,2,0.7592914,0.9966292,0.50758725
3,0,0,0.8571564,0.9969805,0.45016873
3,0,2,0.8466753,0.7278294,0.4003455
3,0,2,0.8508774,0.7888269,0.61788297
3,0,2,0.70495486,0.7199062,0.36994338
3,0,1,0.61416864,0.9984413,0.48520875
3,0,1,0.48727003,0.9978642,0.5189164
3,0,2,0.6068694,0.755238,0.52572083
3,0,2,0.7652975,0.77702326,0.41733903
3,0,2,0.6804322,0.9969008,0.49735793
3,0,2,0.8289973,0.9970994,0.41450402
3,0,1,0.6398976,0.99707246,0.50062877
3,0,2,0.8940179,0.9956168,0.50986964
3,0,2,0.8867542,0.99870884,0.50141346
3,0,2,0.87779695,0.9964349,0.46139044
3,0,1,0.9853925,0.9956239,0.34788427
3,0,2,0.8793643,0.6384784,0.5175393
3,0,2,0.56856406,0.996394,0.5134264
3,0,1,0.60967875,0.71324384,0.4850723
3,0,0,0.72518533,0.77931577,0.40366918
3,0,0,0.7471133,0.99904865,0.4406487
3,0,1,0.60393184,0.7160803,0.39393446
3,0,1,0.78885835,0.85067755,0.3918245
3,0,2,0.79183227,0.99767894,0.56737345
3,0,1,0.81610644,0.8157154,0.46393597
3,0,2,0.85090387,0.7363028,0.48908454
3,0,0,0.7759191,0.9975744,0.37761375
3,0,2,0.9626284,0.7465768,0.4014877
3,0,0,0.8570698,0.715644,0.40823781
3,0,1,0.7579602,0.9987884,0.36668804
3,0,0,0.87221634,0.99641573,0.46101394
3,0,2,0.7422413,0.99836,0.38770747
3,0,2,0.9851089,0.9943363,0.39280975
3,0,1,0.83305216,0.80502474,0.46953306
3,0,0,0.73454845,0.7204315,0.38918993
3,0,2,0.79022217,0.9982602,0.45442134
3,0,1,0.5749694,0.70835304,0.4645414
3,0,2,0.975636,0.99794596,0.37749562
3,0,0,0.88751435,0.6324177,0.4625799
3,0,1,0.5386482,0.7088773,0.43933555
3,0,0,0.8654115,0.9978898,0.42075098
3,0,2,0.8412044,0.99610883,0.4425377
3,0,0,0.9833325,0.8122812,0.3889531
3,0,1,0.8798773,0.9972241,0.37051114
3,0,0,0.83203495,0.75861835,0.41551423
3,0,1,0.8719596,0.99767536,0.42927498
3,0,2,0.9812096,0.9961986,0.41827586
3,0,1,0.96708983,0.7531046,0.34526122
3,0,2,0.8545962,0.7436523,0.43189123
3,0,2,0.8712449,0.9970264,0.53424144
3,0,1,0.6108808,0.78404886,0.60229325
3,0,1,0.7543325,0.9979274,0.37229797
3,0,0,0.8298759,0.6093685,0.39519697
3,0,1,0.5649951,0.8443448,0.46521914
3,0,1,0.8119605,0.77919763,0.40942416
3,0,2,0.87007535,0.7475172,0.5003007
3,0,0,0.7783364,0.9975745,0.40822375
3,0,2,0.88613,0.9982497,0.5238167
3,0,2,0.82497615,0.76707333,0.52590936
3,0,0,0.7961644,0.9976519,0.40309885
3,0,1,0.8693817,0.99843067,0.40936726
3,0,1,0.8683558,0.80315334,0.36790386
3,0,2,0.9772694,0.99662685,0.393423
3,0,1,0.530985,0.72133607,0.53055835
3,0,2,0.9842629,0.695434,0.3738822
3,0,0,0.5454032,0.7003668,0.38068372
3,0,2,0.8745204,0.80116653,0.41162908
3,0,0,0.9858715,0.81017417,0.37916023
3,0,2,0.820796,0.70601064,0.45030546
3,0,1,0.8389483,0.8313262,0.40562582
3,0,1,0.5970557,0.995676,0.45337358
3,0,0,0.9763347,0.69497925,0.36602104
3,0,2,0.7033125,0.99798846,0.40937397
3,0,0,0.9866947,0.772859,0.42278907
3,0,0,0.80368704,0.78031796,0.36220497
3,0,0,0.7592192,0.7748262,0.36700934
3,0,2,0.9525454,0.9988356,0.4030591
3,0,2,0.88956624,0.99693274,0.4208833
3,0,2,0.85469097,0.995761,0.38152677
3,0,2,0.9831625,0.99555546,0.40208244
3,0,2,0.878596,0.9988152,0.4615549
3,0,2,0.82931465,0.7270522,0.379127
3,0,2,0.78084916,0.9980842,0.46820742
3,0,1,0.7122129,0.9984742,0.49181166
3,0,0,0.9631747,0.7795523,0.41158894
3,0,2,0.80091107,0.99668294,0.4594714
3,0,1,0.6140722,0.9954764,0.49819502
3,0,0,0.83720756,0.85628825,0.40471488
3,0,0,0.83745027,0.9982768,0.40042198
3,0,0,0.81800365,0.9989446,0.37984776
3,0,2,0.6303664,0.99741626,0.6079614
3,0,2,0.72743225,0.7589001,0.47247967
3,0,2,0.68414074,0.9985464,0.5466892
3,0,2,0.8432287,0.99784887,0.4074238
3,0,1,0.49600434,0.76263934,0.5429131
3,0,0,0.7799973,0.99717784,0.3940948
3,0,2,0.89182276,0.68536824,0.47619385
3,0,2,0.88702124,0.9922361,0.42086208
3,0,1,0.64138293,0.8018745,0.4867556
3,0,0,0.9495597,0.99857783,0.44082746
3,0,2,0.62957996,0.7875006,0.35293934
3,0,2,0.8772852,0.7038732,0.3533843
3,0,2,0.98312336,0.9986609,0.37633514
3,0,0,0.7397072,0.997783,0.37451446
3,0,0,0.9725351,0.9987727,0.3577184
3,0,0,0.9842726,0.9968675,0.37867466
3,0,2,0.85828334,0.9975817,0.5017806
3,0,2,0.88242793,0.99640405,0.48293078
3,0,2,0.8942672,0.7774879,0.4306293
3,0,2,0.8899456,0.7776005,0.48356143
3,0,2,0.7482146,0.75911003,0.5095427
3,0,2,0.97350174,0.9983734,0.42056188
3,0,2,0.57017523,0.7361764,0.46011537
3,0,2,0.6409857,0.99835736,0.41602984
3,0,2,0.8338126,0.7367715,0.37272933
3,0,2,0.8447831,0.64452004,0.4032303
3,0,2,0.75235707,0.76390964,0.339855
3,0,2,0.68644696,0.9985158,0.5169373
3,0,2,0.85518473,0.9986827,0.36922616
3,0,2,0.6253574,0.9956423,0.4365746
3,0,1,0.97611755,0.9988746,0.3888667
3,0,2,0.8312035,0.9956939,0.4438751
3,0,0,0.86993986,0.8237969,0.39299452
3,0,2,0.7053302,0.83122,0.35874593
3,0,2,0.60293084,0.9978356,0.4831189
3,0,2,0.9831372,0.7668098,0.50383884
3,0,2,0.7686631,0.9977309,0.3846183
3,0,1,0.8650518,0.9972928,0.36637914
3,0,1,0.63835704,0.9978212,0.46422625
3,0,2,0.9768828,0.7155074,0.37197417
3,0,2,0.63264894,0.99779713,0.383212
3,0,2,0.8665756,0.99791664,0.44216615
3,0,2,0.8696105,0.9980118,0.38498768
3,0,1,0.76117283,0.99804235,0.46961364
3,0,2,0.8342622,0.7142519,0.3837986
3,0,2,0.56631577,0.6969451,0.45407462
3,0,2,0.81468296,0.74328643,0.42282137
3,0,0,0.8499202,0.74662447,0.52314687
3,0,2,0.75762105,0.7624747,0.4256526
3,0,2,0.8728723,0.8131899,0.46234193
3,0,2,0.8627411,0.783599,0.58943
3,0,2,0.9844642,0.99603635,0.39831612
3,0,2,0.87768495,0.7802101,0.54933846
3,0,2,0.7531906,0.99670213,0.37351322
3,0,0,0.8200521,0.71624047,0.3933317
3,0,0,0.8517031,0.99491644,0.39794555
3,0,1,0.83473396,0.80087245,0.3530681
3,0,2,0.9676105,0.99688196,0.39743763
3,0,1,0.9141335,0.99596965,0.41771063
3,0,2,0.83985543,0.8356905,0.37902993
3,0,2,0.8459648,0.9956462,0.3957472
3,0,0,0.88476056,0.99736434,0.4207205
3,0,2,0.75952923,0.9944753,0.3805893
3,0,0,0.9462237,0.9965054,0.42841277
3,0,2,0.6293068,0.77202505,0.4111417
3,0,0,0.78353304,0.9959395,0.36007532
3,0,0,0.9705685,0.9976114,0.3991711
3,0,0,0.95860595,0.75656915,0.46985215
3,0,2,0.78467757,0.7663943,0.410187
3,0,2,0.75508946,0.7581614,0.36734682
3,0,2,0.7326754,0.77910084,0.39586437
3,0,1,0.643711,0.8050767,0.46449706
3,0,0,0.7976716,0.79015607,0.47325608
3,0,2,0.70321584,0.7747809,0.36257493
3,0,0,0.5404288,0.8029188,0.36773497
3,0,0,0.8870892,0.7574507,0.42097148
3,0,2,0.8808322,0.62769264,0.553171
3,0,2,0.78965014,0.9981085,0.6020144
3,0,2,0.8839802,0.79703146,0.4513215
3,0,1,0.84104836,0.99903595,0.37247825
3,0,0,0.7532741,0.69503784,0.3852902
3,0,2,0.78908676,0.7540648,0.36289304
3,0,2,0.876285,0.68123674,0.48464617
3,0,2,0.8910172,0.7480344,0.48441088
3,0,0,0.9861618,0.75266427,0.41685265
3,0,1,0.87850934,0.69802,0.38772473
3,0,2,0.8337657,0.67070985,0.45961893
3,0,1,0.7518933,0.99768436,0.35027468
3,0,2,0.81100285,0.99888724,0.44781044
3,0,2,0.8368454,0.69839793,0.4607303
3,0,0,0.9861618,0.7589358,0.40270734
3,0,0,0.87298226,0.84340423,0.39467025
3,0,2,0.9654381,0.7270007,0.43748233
3,0,0,0.7800087,0.7468649,0.41768545
3,0,2,0.9855575,0.9963457,0.40018034
3,0,2,0.7482719,0.77736586,0.42014763
3,0,2,0.5662008,0.99775296,0.5219335
3,0,2,0.8921428,0.73038954,0.48915407
3,0,0,0.97072756,0.7496802,0.34460717
3,0,2,0.98613214,0.99730575,0.3534317
2,0,2,0.48236006,0.99771273,0.5364497
3,0,2,0.768165,0.99784946,0.42304847
3,0,1,0.5637092,0.7535397,0.5236569
3,0,2,0.8799675,0.6452067,0.39911297
3,0,2,0.6328071,0.99096984,0.52379596
3,0,1,0.73667794,0.7499824,0.423236
3,0,1,0.60326296,0.7332509,0.43657383
3,0,1,0.8949313,0.68137485,0.46916813
3,0,0,0.7951138,0.99717355,0.39102307
3,0,0,0.9801546,0.9983138,0.4134992
3,0,2,0.83809334,0.7080201,0.49036366
3,0,2,0.89667636,0.7814134,0.54695565
3,0,1,0.82299197,0.9960592,0.40008175
3,0,2,0.9839484,0.9950943,0.42505476
3,0,2,0.96548206,0.9979108,0.4710704
3,0,0,0.98690784,0.99779946,0.45946425
3,0,0,0.9829624,0.99772125,0.39998978
3,0,0,0.9848732,0.8032414,0.38369715
3,0,2,0.9451292,0.7578063,0.42288703
3,0,2,0.98594075,0.99830353,0.37539324
3,0,1,0.7588331,0.99901664,0.36318687
3,0,0,0.967476,0.99564654,0.38850975
3,0,2,0.88613,0.9986167,0.54524875
2,0,2,0.5288539,0.6657504,0.48956013
3,0,2,0.7988178,0.9956867,0.34499404
3,0,2,0.76458275,0.74201876,0.38592532
3,0,2,0.9039776,0.9953087,0.48981512
3,0,2,0.73666006,0.7365743,0.4132371
3,0,1,0.978219,0.9981395,0.37261057
3,0,2,0.7787021,0.99588215,0.38808584
3,0,1,0.9643293,0.998398,0.34589943
3,0,2,0.5975062,0.99800617,0.40551734
3,0,0,0.98766255,0.67483777,0.41192812
3,0,2,0.8905126,0.99797744,0.4279522
3,0,2,0.9216508,0.99796104,0.43267033
3,0,0,0.9737419,0.7065728,0.40869933
3,0,2,0.6176889,0.9969355,0.4598693
3,0,2,0.83014345,0.6641683,0.4297181
3,0,2,0.7208653,0.7069501,0.37658146
3,0,1,0.5937012,0.8329371,0.50904375
3,0,2,0.85120595,0.99865794,0.4422141
3,0,2,0.88649935,0.99724317,0.44043505
3,0,2,0.988841,0.998769,0.42885053
3,0,2,0.48514363,0.9925476,0.48823574
3,0,2,0.8092155,0.74871826,0.45378718
3,0,0,0.7891613,0.99735475,0.37434587
3,0,2,0.8414411,0.99685353,0.35948437
3,0,2,0.8543292,0.9965629,0.5842681
3,0,2,0.83502406,0.99742824,0.378226
3,0,1,0.8557592,0.9952306,0.43947765
3,0,2,0.5176705,0.6864499,0.4920328
3,0,0,0.967476,0.9969408,0.43073553
3,0,1,0.87405133,0.9969037,0.39928162
3,0,1,0.80960226,0.99335194,0.3773189
3,0,1,0.75986564,0.842486,0.41620117
3,0,2,0.8631498,0.99808854,0.49184307
3,0,2,0.86287165,0.7552597,0.41755143
3,0,1,0.5667102,0.7379743,0.51638085
2,0,2,0.58371454,0.8555548,0.5079879
3,0,2,0.85972863,0.7374975,0.39982197
3,0,2,0.8702599,0.99765366,0.40013647
3,0,1,0.5938871,0.99780697,0.4575226
3,0,1,0.6713718,0.83352846,0.53694266
3,0,2,0.8231706,0.9964889,0.37951282
3,0,2,0.87546986,0.9961318,0.39970198
3,0,2,0.7118594,0.9981146,0.42006776
3,0,2,0.8187282,0.997165,0.42953584
3,0,1,0.7525671,0.99562234,0.3564601
3,0,2,0.8028328,0.99660194,0.51379514
3,0,1,0.5826761,0.8516446,0.40889305
3,0,2,0.989379,0.61746716,0.3442676
3,0,2,0.8812284,0.99542075,0.4345414
3,0,0,0.96448463,0.9963405,0.35838932
3,0,1,0.6512003,0.6880205,0.45394462
3,0,1,0.7837311,0.8188155,0.37202793
3,0,2,0.8175596,0.76652837,0.4863032
3,0,2,0.64036,0.7545545,0.5910862
3,0,2,0.98467326,0.99666685,0.40283722
3,0,0,0.8554446,0.84593415,0.40765312
3,0,1,0.7621083,0.99822897,0.3912129
3,0,0,0.98594075,0.99737287,0.40929475
3,0,2,0.87805855,0.99503773,0.38574114
3,0,2,0.8811572,0.996298,0.4192978
3,0,0,0.96508104,0.79516226,0.40674785
3,0,2,0.70918643,0.7194995,0.33831972
3,0,1,0.635614,0.7749275,0.5024954
3,0,1,0.7544629,0.998718,0.39844176
3,0,1,0.7873081,0.99770516,0.4291998
3,0,1,0.658631,0.9969097,0.40442228
3,0,1,0.9871703,0.7895551,0.41142356
3,0,0,0.94627106,0.9979982,0.42245466
3,0,2,0.7574875,0.8371842,0.44201562
3,0,0,0.656499,0.7488955,0.38401827
3,0,2,0.80710477,0.9985972,0.39892736
3,0,2,0.9483576,0.77673733,0.38917637
3,0,0,0.87937176,0.91146797,0.39614767
3,0,0,0.87213844,0.7174225,0.42357484
3,0,1,0.8676071,0.81058055,0.3740777
3,0,0,0.72059065,0.99687153,0.3974771
3,0,2,0.85745454,0.6359114,0.37669337
3,0,0,0.65898794,0.9983358,0.38987243
3,0,2,0.98322576,0.9962452,0.40440142
2,0,2,0.51367587,0.5429769,0.60966885
3,0,2,0.8992962,0.99734807,0.43260455
3,0,0,0.9743876,0.703946,0.4386481
3,0,2,0.87288755,0.67404073,0.41870812
3,0,2,0.8487106,0.71054924,0.4350831
3,0,2,0.8741906,0.8132668,0.36139935
3,0,0,0.639208,0.81411606,0.38999218
3,0,2,0.6807796,0.64569646,0.54949194
3,0,1,0.77294517,0.911916,0.48354927
3,0,2,0.8508354,0.6948881,0.5038712
3,0,2,0.84324735,0.9980242,0.40970233
3,0,2,0.98517966,0.7316634,0.39037877
3,0,2,0.7596353,0.84457386,0.35097897
3,0,2,0.58556753,0.993554,0.55712146
3,0,2,0.7264932,0.58338916,0.6719408
3,0,2,0.7623985,0.9987704,0.40268642
3,0,2,0.96318483,0.8121551,0.3849571
3,0,2,0.8627587,0.8109377,0.4209603
3,0,0,0.74951214,0.75090504,0.3891191
3,0,2,0.9553259,0.997584,0.4014746
3,0,2,0.83176494,0.7150119,0.41080034
3,0,1,0.98448515,0.8861695,0.41099948
3,0,1,0.9729849,0.997528,0.37328327
3,0,0,0.876427,0.84476435,0.42231387
3,0,2,0.7897049,0.7344233,0.43053874
3,0,1,0.7088644,0.99898773,0.434326
3,0,2,0.60954124,0.63438076,0.42732328
3,0,2,0.8185027,0.99830806,0.41164193
3,0,0,0.63694984,0.79111713,0.4313553
3,0,2,0.7866967,0.9932069,0.37426886
3,0,1,0.748344,0.99612063,0.388876
3,0,2,0.97343487,0.9981243,0.39324787
3,0,1,0.8315623,0.72524077,0.4021845
3,0,0,0.98065865,0.99844044,0.37566748
3,0,1,0.59244066,0.7362039,0.48153156
3,0,2,0.8172768,0.64734113,0.36905912
3,0,2,0.65486264,0.769443,0.4308232
3,0,2,0.8777264,0.9972516,0.5489106
3,0,0,0.8469071,0.99445206,0.4409218
3,0,2,0.8195446,0.9978193,0.39758053
3,0,1,0.6793027,0.835046,0.3675264
3,0,0,0.89017427,0.7212718,0.44149917
3,0,1,0.88287896,0.9986204,0.4034813
3,0,1,0.77447736,0.99788886,0.54614323
3,0,2,0.59834546,0.8077438,0.532729
3,0,2,0.8854314,0.99813086,0.49306688
3,0,2,0.888645,0.7308301,0.5553799
3,0,0,0.8092177,0.99752253,0.39213675
3,0,2,0.8210554,0.99638844,0.46239004
3,0,0,0.84865177,0.6667909,0.47453487
3,0,1,0.5941411,0.99510527,0.45596218
3,0,1,0.6559166,0.99829274,0.5177663
3,0,2,0.83209515,0.99448836,0.4873575
3,0,0,0.8180117,0.7282033,0.4498906
3,0,1,0.8578045,0.9951906,0.34530753
3,0,2,0.985485,0.9977124,0.39158818
3,0,2,0.7967676,0.70824087,0.39571592
3,0,1,0.82748675,0.8639551,0.46322083
3,0,1,0.93657124,0.7432199,0.36252314
3,0,0,0.81996894,0.68443155,0.41908845
3,0,1,0.73321444,0.7466766,0.41614428
3,0,1,0.83375406,0.87209904,0.50149214
3,0,1,0.65482676,0.72938895,0.46444094
3,0,2,0.82477707,0.7231398,0.49210438
3,0,2,0.79022217,0.9976835,0.41576165
3,0,2,0.87921906,0.99835736,0.38984376
3,0,1,0.82755965,0.9987991,0.44138587
3,0,2,0.97758764,0.7967335,0.34515792
3,0,2,0.8731815,0.9986111,0.48132074
3,0,2,0.8672117,0.76538354,0.4496714
3,0,1,0.59994596,0.99542147,0.40413693
3,0,2,0.59067446,0.73353034,0.4901255
3,0,1,0.696012,0.9333958,0.5111028
3,0,1,0.6365904,0.79753834,0.47450238
3,0,2,0.8842059,0.74010926,0.45056134
3,0,2,0.8836273,0.9977155,0.42487165
3,0,0,0.9492652,0.9985214,0.43899825
3,0,2,0.78193164,0.760343,0.36884877
3,0,1,0.8661206,0.7916814,0.3423878
3,0,2,0.88988364,0.6714373,0.53360885
3,0,2,0.8557429,0.9978048,0.42343888
3,0,0,0.8224818,0.9966067,0.4169607
3,0,1,0.60799277,0.9967738,0.5082321
3,0,2,0.892076,0.9988857,0.53040373
3,0,1,0.54939085,0.9980065,0.54073614
3,0,2,0.8819025,0.99823004,0.5610399
3,0,2,0.98429847,0.9974704,0.43029672
3,0,0,0.88047945,0.8437732,0.42650163
3,0,2,0.8802705,0.62900543,0.54554075
3,0,2,0.8647757,0.76435935,0.3404742
3,0,1,0.5776425,0.78310484,0.43386725
3,0,2,0.98516786,0.9949326,0.4813307
3,0,2,0.8707474,0.9986854,0.5170646
3,0,2,0.98384595,0.7883215,0.3980933
3,0,1,0.8100571,0.99751186,0.38474438
3,0,2,0.8432581,0.9975477,0.44383675
3,0,2,0.9544234,0.80678797,0.39628902
3,0,1,0.6714897,0.9971239,0.56659955
3,0,2,0.8893323,0.99774384,0.5632117
3,0,2,0.7918383,0.99866605,0.4084939
3,0,2,0.88445926,0.9974033,0.36797202
3,0,1,0.75320876,0.99794656,0.5265908
3,0,0,0.9488288,0.8015543,0.4546275
3,0,1,0.6425559,0.9978004,0.5162702
3,0,1,0.8995776,0.75297976,0.4229391
3,0,2,0.96030337,0.7855271,0.39369872
3,0,2,0.8094721,0.66394806,0.39311057
3,0,2,0.96814895,0.9977429,0.41731766
3,0,1,0.9099595,0.82185185,0.36795843
3,0,1,0.75045246,0.9025344,0.4489241
3,0,2,0.8810505,0.99515414,0.5153902
3,0,2,0.56961703,0.71466094,0.52122676
3,0,1,0.8725573,0.8029915,0.3352427
3,0,1,0.7799223,0.6424176,0.38144508
3,0,2,0.87951064,0.9986625,0.4330589
3,0,2,0.87536573,0.9990176,0.3770299
3,0,1,0.7227847,0.8127647,0.3709608
3,0,0,0.98719984,0.9980415,0.3625775
3,0,2,0.61107326,0.9954982,0.48134592
3,0,2,0.76144207,0.7383484,0.36234024
3,0,2,0.8467851,0.998069,0.53763133
3,0,2,0.8892147,0.6918252,0.41178823
3,0,2,0.97437006,0.7293061,0.36142626
3,0,0,0.8788852,0.9967865,0.4439757
3,0,2,0.9764187,0.73813546,0.40474948
3,0,2,0.5769463,0.9983138,0.47460935
3,0,0,0.9845526,0.99839205,0.4229229
3,0,2,0.8960124,0.8464024,0.44419324
3,0,2,0.987445,0.99673426,0.47187576
3,0,2,0.88244337,0.99837875,0.43830833
3,0,0,0.81964093,0.99789125,0.36897346
3,0,0,0.590855,0.99858737,0.4259427
3,0,1,0.81758195,0.83400106,0.38943505
3,0,0,0.86400545,0.76273656,0.4402465
3,0,1,0.7705681,0.999089,0.5152364
3,0,2,0.9469753,0.9977247,0.43910336
3,0,1,0.7596353,0.86076236,0.3796994
3,0,2,0.765957,0.99701095,0.43581668
3,0,2,0.97014654,0.73138976,0.4247568
3,0,1,0.7353501,0.9965012,0.506086
3,0,1,0.7132789,0.82810706,0.40832967
3,0,0,0.79829794,0.9973671,0.41508442
3,0,1,0.98033077,0.99798644,0.3984404
3,0,2,0.836558,0.99818665,0.36131847
3,0,1,0.97350174,0.7637581,0.36019465
3,0,0,0.95363736,0.99847215,0.486718
3,0,2,0.825573,0.9977984,0.4714196
3,0,0,0.8422396,0.994894,0.43174085
3,0,1,0.7888003,0.99748814,0.412912
3,0,0,0.73990476,0.99537635,0.4466976
3,0,2,0.8877111,0.9982754,0.40333617
3,0,2,0.9879929,0.68039167,0.40031695
3,0,1,0.6532927,0.9197892,0.4099912
3,0,0,0.8631886,0.99793684,0.40572885
3,0,2,0.7926051,0.67976,0.4892497
3,0,2,0.83636016,0.99751747,0.43592954
3,0,2,0.8676855,0.9972914,0.42858446
3,0,2,0.57569444,0.9982041,0.46189108
2,0,1,0.4885128,0.74852204,0.59768885
3,0,2,0.82654095,0.998412,0.4478725
3,0,1,0.8682297,0.87651306,0.41319427
3,0,1,0.635614,0.99683857,0.4712403
3,0,2,0.95000845,0.9990043,0.4184656
3,0,0,0.7907448,0.99744713,0.39383313
3,0,2,0.6273459,0.9984316,0.37917227
3,0,0,0.95205855,0.6389382,0.35815862
3,0,2,0.8438579,0.9973265,0.4291426
3,0,2,0.8085987,0.99812144,0.47502366
3,0,2,0.8090439,0.99847966,0.43956393
3,0,2,0.8118258,0.99847466,0.39579526
3,0,2,0.66334176,0.73625356,0.47966748
3,0,2,0.82331675,0.7236659,0.3656026
3,0,1,0.7708484,0.9033782,0.41559163
3,0,2,0.8171454,0.76996523,0.5256195
3,0,1,0.87220436,0.6901263,0.3439269
3,0,1,0.9856969,0.8328521,0.38308784
3,0,2,0.9788208,0.99902725,0.4975639
3,0,2,0.98223555,0.7848611,0.39734295
3,0,2,0.86357343,0.99589694,0.40732238
3,0,2,0.7455469,0.9982986,0.5080725
3,0,0,0.97866714,0.7411915,0.35195655
3,0,1,0.8401706,0.71048677,0.37713137
3,0,2,0.6099696,0.9935075,0.4386487
3,0,1,0.77447736,0.90189624,0.5192332
3,0,1,0.75466865,0.7446625,0.38567376
3,0,2,0.7863763,0.9952524,0.5117571
3,0,2,0.714706,0.74301815,0.49960348
3,0,2,0.98662776,0.7522473,0.39694375
3,0,1,0.83198386,0.76389116,0.39800444
3,0,0,0.74131626,0.84605867,0.4016625
3,0,2,0.79244804,0.69396657,0.4863331
3,0,1,0.61395,0.70492417,0.4754936
3,0,1,0.8412055,0.99806505,0.44479486
3,0,2,0.7709503,0.6449421,0.51398724
3,0,2,0.8633976,0.99752957,0.4552742
3,0,0,0.8711496,0.5918005,0.34025067
3,0,2,0.9863738,0.99489236,0.3756569
3,0,1,0.7366994,0.7899585,0.362749
3,0,2,0.9666558,0.79364336,0.42696422
3,0,2,0.8520257,0.9961708,0.4833157
3,0,2,0.87976956,0.80322516,0.47211456
3,0,2,0.5755291,0.9938214,0.4556144
3,0,2,0.8675368,0.9983405,0.49418566
3,0,2,0.76641345,0.9981337,0.40474296
3,0,2,0.88543046,0.99844944,0.51482135
3,0,2,0.72757715,0.72602785,0.36575955
3,0,0,0.8500501,0.86082596,0.4455468
3,0,1,0.6645095,0.99854434,0.50753844
3,0,2,0.9875438,0.7995694,0.37612998
3,0,2,0.97270447,0.7089358,0.42338336
3,0,2,0.87661237,0.6916623,0.45595574
3,0,2,0.9697509,0.71088684,0.48215613
3,0,2,0.9739788,0.7971415,0.43769896
3,0,0,0.9699573,0.7737531,0.36058062
3,0,0,0.5547975,0.99721044,0.34230217
3,0,0,0.7666938,0.9979949,0.36965916
3,0,2,0.98255986,0.70512074,0.3833529
3,0,2,0.8625182,0.9965918,0.4769822
3,0,1,0.6103467,0.99806494,0.5064348
3,0,1,0.7817877,0.7993189,0.38076007
3,0,2,0.7765204,0.6972,0.57339334
3,0,1,0.9842063,0.9962171,0.41559726
3,0,1,0.83995223,0.83299565,0.460757
3,0,0,0.7915295,0.8503764,0.36927688
2,0,2,0.52910995,0.6600564,0.49597725
3,0,2,0.95238876,0.9967804,0.3945226
3,0,2,0.6632429,0.99846387,0.41625917
3,0,1,0.7087828,0.9988525,0.42357635
3,0,2,0.87404287,0.99880564,0.4992721
3,0,2,0.68885064,0.9964993,0.44710994
3,0,2,0.97014654,0.99800473,0.36720163
3,0,2,0.8012858,0.83584726,0.38545394
3,0,2,0.8763003,0.86784905,0.43705353
3,0,0,0.85763216,0.81970674,0.3849562
3,0,2,0.6083323,0.6902405,0.4618958
3,0,2,0.7227847,0.8026712,0.36006188
3,0,1,0.59232754,0.9973592,0.48890382
3,0,1,0.7281726,0.997398,0.4181554
3,0,2,0.8141704,0.7655398,0.4106292
3,0,1,0.9854322,0.9970245,0.3796989
3,0,0,0.76270425,0.9969369,0.45808658
3,0,2,0.7054504,0.99795806,0.42027882
3,0,2,0.970477,0.7630386,0.3823977
3,0,1,0.75819176,0.6583307,0.39512
3,0,1,0.83054084,0.99838686,0.42640072
3,0,2,0.8741481,0.99751675,0.47398406
3,0,2,0.83766234,0.9985067,0.46559265
3,0,0,0.9861618,0.9965899,0.36115465
3,0,1,0.6769886,0.88032335,0.40170336
3,0,2,0.8142952,0.7327632,0.51394165
2,0,1,0.49576023,0.80025244,0.43654326
3,0,0,0.8347017,0.77154297,0.4023315
3,0,2,0.83650225,0.9980964,0.33749455
3,0,1,0.8693817,0.9979954,0.38444033
3,0,0,0.7967783,0.99548125,0.3928367
3,0,2,0.57775164,0.7892624,0.4542908
3,0,0,0.98566204,0.99804026,0.45358112
3,0,0,0.8563417,0.99757856,0.38840747
3,0,2,0.8459929,0.99866295,0.48005182
3,0,1,0.867904,0.9949203,0.47298658
3,0,2,0.8916383,0.9969266,0.50725013
3,0,2,0.76210564,0.99581426,0.46073815
3,0,0,0.86844355,0.99855655,0.42435902
3,0,1,0.7583873,0.66065544,0.36510727
3,0,1,0.877497,0.99736977,0.38121566
3,0,2,0.7642666,0.7177686,0.47581154
3,0,2,0.9666976,0.99696964,0.49043813
3,0,2,0.78460467,0.7356721,0.47497168
3,0,2,0.9872394,0.8016444,0.39274168
3,0,0,0.822719,0.68221116,0.38292533
3,0,2,0.80344427,0.9969387,0.54802185
3,0,2,0.98600113,0.7298554,0.4217213
3,0,2,0.89249486,0.88199914,0.45921466
3,0,0,0.7674117,0.99815494,0.3369256
3,0,1,0.8692924,0.74036735,0.48315403
3,0,2,0.8175596,0.72304773,0.5326169
3,0,2,0.824852,0.99717474,0.5100889
3,0,1,0.846695,0.99782085,0.34701532
3,0,2,0.75978416,0.99774504,0.4401364
3,0,2,0.75332177,0.79646283,0.42658916
3,0,2,0.8003994,0.6337247,0.3670733
3,0,2,0.8626178,0.9965126,0.4897525
3,0,2,0.87085277,0.8893348,0.36267754
2,0,2,0.49179453,0.6733878,0.5216971
3,0,2,0.8608565,0.99637693,0.50172013
3,0,2,0.8555124,0.79674774,0.4863462
3,0,2,0.8073411,0.76552224,0.4100611
3,0,1,0.80582917,0.73618424,0.3680374
3,0,1,0.8068756,0.82787466,0.36947173
3,0,1,0.8460758,0.79540426,0.4597372
3,0,0,0.7405104,0.9969291,0.3730489
3,0,2,0.7321843,0.67516357,0.43840688
3,0,2,0.81434417,0.72678995,0.3791699
3,0,0,0.8141939,0.99627495,0.43260142
3,0,2,0.7390954,0.90853953,0.3771236
3,0,0,0.84587914,0.6419013,0.41655195
3,0,2,0.8718961,0.6570505,0.4885689
3,0,2,0.96755457,0.6898184,0.40346342
3,0,1,0.7644929,0.99487597,0.54817003
2,0,1,0.5190478,0.7003411,0.47596365
3,0,0,0.76219356,0.7447943,0.411571
3,0,2,0.616281,0.99628603,0.4229459
3,0,2,0.88702625,0.9940996,0.37271795
3,0,2,0.5824809,0.70826566,0.43746328
3,0,0,0.9512783,0.80078536,0.49230394
3,0,2,0.84091324,0.99799573,0.45165056
3,0,2,0.8785588,0.63695675,0.46414727
3,0,2,0.98613214,0.7348006,0.40480706
3,0,2,0.88508844,0.7458107,0.46918184
3,0,2,0.86550343,0.9963043,0.48345658
3,0,2,0.82574266,0.9964561,0.5578357
3,0,2,0.9854279,0.689768,0.36518827
3,0,0,0.95737314,0.99689937,0.41130874
3,0,2,0.87932074,0.8786742,0.39133188
3,0,2,0.9461458,0.7821557,0.36981097
3,0,2,0.9879693,0.9951592,0.43284124
3,0,2,0.875411,0.70758015,0.46948674
3,0,2,0.96102923,0.74720323,0.42338789
3,0,2,0.83517075,0.6583353,0.45067915
3,0,0,0.6180732,0.7953009,0.4311731
3,0,2,0.8280456,0.7223371,0.43231446
3,0,1,0.770408,0.9985667,0.43737802
3,0,2,0.9866947,0.73513854,0.36244422
3,0,1,0.8342597,0.99745494,0.3507819
3,0,2,0.74880373,0.59657973,0.42910522
3,0,2,0.8023183,0.9964978,0.444732
3,0,0,0.98577416,0.7966115,0.38181138
3,0,2,0.79892373,0.9939803,0.52934027
3,0,2,0.8856997,0.99789894,0.47100243
3,0,2,0.8833901,0.8439983,0.453657
3,0,2,0.8777258,0.99818677,0.5123199
3,0,1,0.98353654,0.73077863,0.3546758
3,0,0,0.9330181,0.9959253,0.4044274
3,0,0,0.9684711,0.9983577,0.37118858
3,0,2,0.5382713,0.57842153,0.45780993
3,0,1,0.7597818,0.99850476,0.45637703
3,0,1,0.9864616,0.99752885,0.36053264
3,0,2,0.81628793,0.99704283,0.5276771
3,0,2,0.5843228,0.99806434,0.44802976
3,0,0,0.8607705,0.7916239,0.42079723
3,0,0,0.9871176,0.9982022,0.3576953
3,0,2,0.8219124,0.7648873,0.36929232
3,0,0,0.77580875,0.99830294,0.42149985
3,0,0,0.88582146,0.9006557,0.41165885
3,0,2,0.86725867,0.78828704,0.52781594
3,0,0,0.680355,0.99741805,0.42867577
3,0,2,0.8452451,0.99460644,0.41650817
3,0,0,0.98569274,0.8220504,0.35254768
3,0,2,0.8461413,0.9964588,0.35536838
3,0,0,0.9487453,0.68900263,0.40627292
3,0,2,0.7980631,0.9968353,0.37970746
3,0,2,0.96971244,0.9989157,0.4261091
3,0,0,0.9863219,0.9980598,0.41202468
3,0,1,0.8151309,0.99899906,0.37232602
3,0,2,0.79237235,0.99645483,0.401944
3,0,0,0.8274132,0.9986136,0.3906978
3,0,0,0.8400893,0.99848664,0.39278224
3,0,1,0.8821078,0.68664026,0.36809254
3,0,1,0.8718806,0.9957409,0.3821087
3,0,2,0.9858893,0.9964414,0.3501898
3,0,1,0.772358,0.85456026,0.4272006
3,0,2,0.87399685,0.74545044,0.53701246
3,0,2,0.8673134,0.7674113,0.48124304
2,0,2,0.47702208,0.9951302,0.46253496
3,0,2,0.82544816,0.7467633,0.4954955
3,0,1,0.6230549,0.7342805,0.5247041
3,0,2,0.83586323,0.7759915,0.3757932
3,0,0,0.8670499,0.7145434,0.3462643
3,0,1,0.5874492,0.82482964,0.41675887
3,0,2,0.7968806,0.75949204,0.55735433
3,0,2,0.799863,0.9961324,0.43033117
3,0,2,0.79797983,0.9988426,0.5825556
3,0,1,0.72999656,0.99753916,0.36867392
3,0,2,0.97829604,0.9980866,0.3766562
3,0,0,0.7379292,0.7659088,0.40555066
3,0,2,0.6488389,0.9977964,0.43826246
3,0,2,0.77098596,0.99808526,0.463545
3,0,1,0.89289373,0.7980941,0.41901323
3,0,2,0.5756276,0.76157546,0.4900902
3,0,2,0.7959267,0.7620584,0.58863723
3,0,2,0.5391935,0.9980738,0.41015235
3,0,2,0.7086289,0.99715036,0.34633258
3,0,1,0.85561025,0.9985795,0.47451112
3,0,1,0.97350174,0.755598,0.36915386
3,0,2,0.70113665,0.746946,0.42178443
3,0,2,0.9875438,0.74570096,0.44504037
3,0,2,0.8275978,0.99631053,0.36444205
3,0,2,0.8945502,0.7592989,0.45090836
3,0,2,0.8336432,0.736371,0.5410071
3,0,2,0.83693224,0.9970476,0.410317
3,0,2,0.63431287,0.9955641,0.3747822
3,0,2,0.60019445,0.6563436,0.41997397
3,0,1,0.7723052,0.94060534,0.4697982
3,0,1,0.75320876,0.9323603,0.41722834
3,0,1,0.7783398,0.8836247,0.41661856
3,0,2,0.606222,0.9979253,0.4818492
3,0,1,0.98575574,0.9981998,0.3901504
3,0,0,0.69112635,0.8765892,0.38829005
3,0,1,0.7842682,0.99872535,0.40007752
3,0,1,0.75834996,0.788864,0.43429932
3,0,0,0.847954,0.85461104,0.38678753
3,0,1,0.75080585,0.9973272,0.43009627
3,0,2,0.8760059,0.99842274,0.53038114
3,0,1,0.6083344,0.793749,0.5508172
3,0,2,0.9674123,0.9971353,0.4242705
3,0,0,0.8807658,0.81778395,0.40804678
3,0,1,0.5850845,0.99705964,0.48786277
3,0,1,0.68174917,0.9981529,0.3768554
3,0,0,0.7136857,0.78043544,0.38630348
3,0,1,0.6158063,0.7552594,0.4422301
3,0,0,0.63938934,0.86539567,0.33949885
3,0,2,0.8916667,0.71385914,0.45526212
3,0,1,0.72647434,0.8330572,0.41581637
3,0,0,0.9507597,0.7516128,0.4516941
3,0,2,0.8222055,0.65286374,0.5873799
3,0,2,0.62652844,0.9981871,0.47223517
3,0,2,0.87714326,0.99791855,0.47232574
3,0,2,0.6022242,0.9976801,0.49269122
3,0,2,0.81089485,0.9972479,0.5223252
3,0,2,0.8349809,0.7375253,0.49760965
3,0,0,0.831459,0.9968888,0.41814303
3,0,0,0.98756903,0.9969375,0.43365532
3,0,2,0.8721407,0.7045812,0.5820367
3,0,2,0.88498926,0.9987435,0.4675426
2,0,1,0.48839614,0.83405596,0.43506733
3,0,2,0.8191269,0.77281183,0.40223527
3,0,2,0.87614506,0.7164069,0.48430717
3,0,0,0.7496003,0.995096,0.37988976
3,0,0,0.8363236,0.7448384,0.4031591
3,0,2,0.8398443,0.7482275,0.40644056
3,0,0,0.93855023,0.6660221,0.392756
3,0,1,0.953024,0.9978523,0.40911117
3,0,0,0.974376,0.9963057,0.39017308
3,0,2,0.71532315,0.9964964,0.47183123
3,0,2,0.6042658,0.8004196,0.44383752
3,0,2,0.8914898,0.9988268,0.5081546
3,0,2,0.84818214,0.99847573,0.3830184
3,0,2,0.6384375,0.99728394,0.44634613
3,0,2,0.8488353,0.9980819,0.39707342
3,0,2,0.59320796,0.997433,0.44641212
3,0,1,0.6259652,0.9977585,0.48004478
3,0,2,0.96796477,0.9970325,0.3632583
3,0,2,0.6271716,0.7886774,0.42405245
3,0,0,0.8037281,0.9947214,0.41433033
3,0,2,0.8184577,0.9964657,0.48946536
3,0,0,0.9327979,0.73109394,0.34461182
3,0,2,0.7335927,0.7592447,0.41950008
3,0,2,0.9877436,0.80176055,0.4302453
3,0,1,0.87390625,0.8567274,0.36035758
3,0,2,0.74327165,0.7542231,0.39528158
3,0,0,0.98745817,0.7837254,0.41287157
3,0,2,0.9815278,0.7445968,0.36914277
3,0,0,0.97044855,0.9975146,0.37355688
3,0,2,0.85991514,0.9968298,0.3882126
3,0,0,0.98356366,0.9980671,0.3631394
3,0,1,0.59174097,0.76883584,0.5808392
3,0,0,0.75369084,0.9965334,0.39008465
3,0,0,0.98520494,0.81359935,0.3463801
3,0,2,0.6106065,0.6175312,0.55894524
3,0,2,0.60017115,0.73465765,0.45562145
3,0,0,0.7569894,0.99359095,0.36410886
3,0,1,0.845182,0.99886936,0.47081718
3,0,2,0.74171406,0.99547726,0.5440998
3,0,2,0.9608857,0.9983431,0.3839444
3,0,2,0.817631,0.79281235,0.46398538
3,0,0,0.982624,0.99717593,0.38835523
3,0,2,0.5891285,0.99818736,0.5253924
3,0,0,0.985115,0.9985328,0.38070497
3,0,1,0.8018866,0.86661386,0.4238735
3,0,0,0.94340837,0.7536014,0.4012816
3,0,2,0.87844217,0.9982862,0.5319325
3,0,0,0.58607465,0.99730253,0.3898582
3,0,2,0.5149086,0.68604827,0.5391635
3,0,0,0.968938,0.9980965,0.41629717
3,0,0,0.82061064,0.7629202,0.43047807
3,0,2,0.8062542,0.7452647,0.4331865
3,0,2,0.5650546,0.9978782,0.42944083
2,0,1,0.56587344,0.99759054,0.50705874
3,0,2,0.7879896,0.99902356,0.49018762
3,0,2,0.82377976,0.7142503,0.5097324
3,0,1,0.6939834,0.99818987,0.43987757
3,0,1,0.8504434,0.8048473,0.41312104
3,0,0,0.85804796,0.9962566,0.4560611
3,0,2,0.74223775,0.71407497,0.49700728
3,0,2,0.8537302,0.9967675,0.48522624
3,0,2,0.85211366,0.99592507,0.37748808
3,0,2,0.65204555,0.99807453,0.45923442
3,0,1,0.6503696,0.99662495,0.5246406
3,0,2,0.69805366,0.99751556,0.39725676
3,0,0,0.7189551,0.75977635,0.4556518
3,0,2,0.8142952,0.9975908,0.58832884
3,0,0,0.91615844,0.9958611,0.4148454
3,0,2,0.8426266,0.9982445,0.51041335
3,0,0,0.7030839,0.99533,0.40751776
3,0,2,0.8531001,0.9944904,0.4107259
3,0,0,0.98517966,0.9971722,0.39575687
3,0,2,0.7558304,0.99622166,0.43748388
3,0,1,0.6570206,0.7062429,0.5124376
3,0,2,0.70612365,0.9978713,0.37752137
3,0,0,0.7843637,0.69973665,0.35799283
3,0,2,0.8365561,0.9952676,0.48058096
3,0,0,0.76838696,0.89841914,0.36611667
3,0,1,0.65153044,0.91293705,0.417479
3,0,2,0.8676173,0.99576205,0.3401605
3,0,0,0.960539,0.64555395,0.5105051
3,0,2,0.8892667,0.86543715,0.49569497
3,0,2,0.7881475,0.99665487,0.53818935
3,0,2,0.8549572,0.72455084,0.5014407
3,0,2,0.836747,0.8291136,0.36785987
3,0,1,0.8865963,0.6267476,0.40817776
3,0,1,0.7340839,0.99819773,0.39521107
3,0,0,0.78908676,0.9973779,0.49120727
3,0,2,0.85575426,0.73238367,0.5604641
3,0,1,0.7841952,0.7384057,0.42283365
3,0,0,0.9709236,0.7560419,0.4391695
3,0,2,0.70286006,0.99845207,0.47887015
3,0,2,0.8230162,0.9966718,0.5248075
3,0,2,0.7057538,0.73197705,0.3872901
3,0,2,0.63140345,0.99758947,0.45165685
3,0,1,0.617824,0.9962369,0.48363134
3,0,2,0.87578803,0.7520052,0.46439394
3,0,1,0.62385845,0.9968168,0.39501217
3,0,0,0.9577729,0.7728239,0.40207973
3,0,0,0.86379874,0.77952534,0.36453238
3,0,2,0.55433375,0.6398858,0.51342165
3,0,2,0.78974605,0.76971114,0.40660107
3,0,2,0.7367052,0.76525503,0.3506784
3,0,1,0.5902426,0.99582195,0.41841337
3,0,0,0.72673845,0.8402697,0.39401886
3,0,2,0.60585177,0.67260605,0.54419076
3,0,1,0.7581922,0.87210584,0.43400767
3,0,2,0.89196444,0.9991196,0.39065316
3,0,2,0.8147431,0.76694804,0.5161492
3,0,2,0.77987844,0.9980052,0.41447777
3,0,2,0.9725351,0.9958189,0.46126735
3,0,2,0.619379,0.73161113,0.4468993
3,0,2,0.84182453,0.997366,0.48195693
3,0,1,0.54537445,0.9977137,0.51879793
3,0,1,0.75416887,0.9979961,0.43436593
3,0,2,0.8716984,0.99886286,0.38387093
3,0,2,0.88869977,0.9980902,0.4341011
3,0,2,0.8878528,0.82862175,0.4122266
3,0,2,0.62004834,0.9950629,0.43295535
3,0,1,0.72878134,0.78302956,0.37876162
3,0,1,0.49144775,0.9951627,0.49339402
3,0,2,0.64635885,0.7819078,0.39281943
3,0,2,0.7952856,0.7300792,0.49913603
3,0,1,0.983489,0.9983765,0.33853957
3,0,1,0.8452208,0.7435221,0.37729216
3,0,2,0.97273344,0.9982849,0.37644836
3,0,2,0.98368895,0.99727076,0.42621103
3,0,1,0.9243968,0.7916809,0.35402977
3,0,2,0.8528413,0.85820216,0.42068738
3,0,1,0.77420324,0.9986325,0.4345816
3,0,2,0.7365531,0.6950228,0.40186673
3,0,2,0.7921064,0.74890924,0.3665991
3,0,1,0.7719606,0.71345013,0.35855746
3,0,2,0.61656195,0.9970509,0.38797164
3,0,0,0.9671804,0.74543107,0.3503034
3,0,1,0.82186455,0.99832493,0.5060649
3,0,2,0.7690396,0.9960747,0.41151556
3,0,2,0.88740516,0.9350213,0.41912633
3,0,2,0.5703443,0.6981084,0.55039704
3,0,1,0.75889355,0.82829547,0.37103492
3,0,2,0.8228054,0.80782753,0.36732486
3,0,0,0.82267606,0.9973193,0.37932125
3,0,1,0.75981975,0.7055209,0.4086792
3,0,1,0.6568312,0.8672821,0.42266488
3,0,1,0.8698509,0.99888283,0.38754898
2,0,1,0.48939756,0.7907724,0.50126505
3,0,2,0.88759726,0.9987319,0.451187
3,0,0,0.77929956,0.8283835,0.3883638
3,0,2,0.8417769,0.99612445,0.4328506
3,0,1,0.77519125,0.8398616,0.46262684
3,0,2,0.77925205,0.76118463,0.41499346
3,0,0,0.95881057,0.9971162,0.5707388
3,0,2,0.87111306,0.99763215,0.41390902
3,0,1,0.82941115,0.81083643,0.34860182
3,0,2,0.83979994,0.8077663,0.37664315
3,0,1,0.6512485,0.89155483,0.4186661
3,0,2,0.86786824,0.7337564,0.3709379
3,0,2,0.8839969,0.99747664,0.5547495
3,0,1,0.97464585,0.99630296,0.39781946
3,0,1,0.7341313,0.8971239,0.40205866
3,0,2,0.7939868,0.99763846,0.48446402
3,0,2,0.82285166,0.6883217,0.5557655
3,0,0,0.68640083,0.7853945,0.42035568
3,0,0,0.8469967,0.7274216,0.3670811
3,0,2,0.74089617,0.99821895,0.4046277
3,0,2,0.871302,0.8039356,0.5103155
3,0,1,0.84442514,0.9968168,0.44880712
3,0,2,0.8219124,0.771202,0.3918315
3,0,0,0.8726429,0.99647325,0.4048494
3,0,1,0.8928376,0.6816943,0.3827419
3,0,0,0.9898627,0.825675,0.38671398
3,0,2,0.6400921,0.75930744,0.38524732
3,0,1,0.7703793,0.9976527,0.37485436
3,0,2,0.85621816,0.9982527,0.40500182
3,0,2,0.5872639,0.99645317,0.48841968
3,0,2,0.9758499,0.99720865,0.39203784
3,0,2,0.75010127,0.6086871,0.48958486
3,0,1,0.8519969,0.99739146,0.3647029
3,0,2,0.8836871,0.9926292,0.5270221
3,0,0,0.9455215,0.99640816,0.3849977
3,0,2,0.68754035,0.7531953,0.40544325
3,0,1,0.85991126,0.9976674,0.38728204
3,0,2,0.8284385,0.7486511,0.51780146
3,0,2,0.6572011,0.99522394,0.54092544
3,0,2,0.78986347,0.9964904,0.41013426
3,0,1,0.59261054,0.69281256,0.53052825
3,0,2,0.8212618,0.99609935,0.4104014
3,0,1,0.8326601,0.994356,0.39788195
3,0,0,0.9759498,0.69513494,0.37863365
3,0,2,0.975722,0.9988912,0.4386432
3,0,1,0.86251473,0.8586539,0.42659688
3,0,2,0.98600113,0.9977621,0.43808502
2,0,2,0.50281096,0.63017243,0.5236629
3,0,2,0.83391196,0.61147076,0.47558224
3,0,1,0.761506,0.837797,0.41756955
3,0,1,0.62247205,0.7431316,0.5212024
3,0,0,0.7683071,0.75373626,0.38042364
3,0,1,0.72910845,0.9954372,0.40587425
3,0,1,0.70327646,0.99521095,0.47006127
3,0,2,0.8471633,0.9960814,0.42030102
3,0,2,0.857169,0.7664264,0.48262414
3,0,2,0.8839486,0.99612767,0.60603446
3,0,2,0.7426179,0.99506456,0.41498622
3,0,2,0.6127447,0.9970381,0.4115075
3,0,1,0.56575596,0.73695934,0.4126183
3,0,2,0.8667276,0.9947856,0.44238496
3,0,0,0.97102904,0.7821563,0.36194035
3,0,2,0.9706169,0.7731975,0.40273255
3,0,2,0.737174,0.997218,0.45088023
3,0,2,0.83577377,0.82252574,0.37496632
3,0,2,0.855466,0.99563015,0.4982183
3,0,1,0.8535427,0.8805548,0.38164812
3,0,2,0.7750903,0.99756336,0.4058446
3,0,2,0.89451647,0.99880755,0.5618084
3,0,2,0.77210224,0.99621457,0.4377948
3,0,2,0.86607325,0.7578999,0.42616332
3,0,2,0.88501084,0.8849793,0.44791588
3,0,1,0.8381146,0.8275753,0.40085632
3,0,1,0.61801785,0.99611974,0.41296425
3,0,2,0.87223107,0.7660453,0.39550817
3,0,0,0.9095729,0.99668616,0.3745606
3,0,1,0.94724303,0.9964953,0.35463753
3,0,2,0.83176494,0.65510833,0.43134594
3,0,2,0.84280926,0.79454166,0.5078024
3,0,2,0.96361005,0.73360145,0.35059094
2,0,2,0.56974506,0.6122806,0.43008626
3,0,1,0.8698509,0.9986198,0.44391197
3,0,1,0.62127537,0.722184,0.5065759
3,0,2,0.83220947,0.72777796,0.4932862
3,0,2,0.7618003,0.9982393,0.4011305
3,0,2,0.8681507,0.7565011,0.4212461
3,0,2,0.51587224,0.9958832,0.4728481
3,0,0,0.74784714,0.72348887,0.3471184
3,0,1,0.7962645,0.8595419,0.534412
3,0,2,0.7971747,0.80104184,0.57718706
3,0,2,0.8239454,0.7795764,0.479362
3,0,2,0.6685137,0.7520314,0.49169675
3,0,2,0.8322054,0.99555004,0.41896856
3,0,2,0.8247775,0.67050576,0.46314704
3,0,2,0.8724289,0.9983175,0.39594737
3,0,1,0.59844035,0.7673361,0.49132875
3,0,1,0.84534407,0.78661263,0.43300298
3,0,1,0.75494313,0.7973479,0.47262558
3,0,0,0.9863219,0.7491043,0.39318448
3,0,2,0.7859562,0.9969458,0.3752711
3,0,2,0.9552726,0.7603721,0.45951647
3,0,2,0.8741906,0.9986981,0.3621273
3,0,0,0.98115826,0.9958982,0.43746543
2,0,1,0.4883258,0.74875414,0.48642188
3,0,2,0.61695856,0.6635011,0.50248456
3,0,1,0.9621293,0.9949645,0.4006468
3,0,2,0.8571335,0.99565923,0.4236785
3,0,2,0.7466206,0.7904114,0.4122161
3,0,0,0.86395425,0.99734324,0.38995132
3,0,2,0.96673363,0.6941472,0.3462711
3,0,2,0.8886924,0.99761426,0.47068256
3,0,2,0.66434115,0.9968546,0.3798439
3,0,1,0.5908787,0.997262,0.48756158
3,0,2,0.8682271,0.99813664,0.3626627
3,0,0,0.79391634,0.9963953,0.43455216
3,0,1,0.8259734,0.8660439,0.40906617
3,0,2,0.85879964,0.99867815,0.37198618
3,0,2,0.8188335,0.9971968,0.4145788
3,0,0,0.9824536,0.9973014,0.38588005
3,0,2,0.8517839,0.7198131,0.37972432
3,0,2,0.866025,0.78878945,0.4562581
3,0,2,0.86764145,0.99666363,0.4281199
3,0,2,0.6220757,0.7230879,0.48298293
3,0,2,0.97686756,0.998271,0.38787574
3,0,2,0.9731267,0.9964952,0.43233192
3,0,2,0.88696903,0.9966792,0.42931002
3,0,2,0.87467134,0.76844585,0.5413474
3,0,2,0.7831548,0.94691926,0.46366188
3,0,1,0.59480363,0.78005624,0.4726054
3,0,0,0.9646476,0.7589095,0.36908808
3,0,0,0.82561904,0.72909695,0.41920626
3,0,1,0.6229509,0.99805605,0.48096347
3,0,2,0.8760645,0.9986192,0.40964264
3,0,0,0.8671465,0.9973838,0.41097552
3,0,1,0.9824541,0.75464195,0.37243962
3,0,2,0.76843023,0.7855132,0.34703532
3,0,2,0.84509856,0.7281369,0.3881467
3,0,2,0.8673086,0.9975262,0.46715194
3,0,1,0.85067487,0.99704784,0.3593669
3,0,2,0.823956,0.9969121,0.47009847
3,0,0,0.724427,0.84151936,0.41420034
3,0,2,0.8881546,0.7716237,0.44488168
3,0,2,0.6107223,0.99762505,0.5102438
3,0,2,0.6099655,0.9983866,0.48404342
3,0,0,0.8520036,0.9974481,0.43896982
3,0,1,0.7359273,0.8774297,0.3629032
3,0,0,0.6896783,0.768687,0.3987367
3,0,0,0.8127568,0.6312077,0.38230556
3,0,1,0.86570513,0.9096211,0.39864028
2,0,2,0.49317592,0.7134721,0.47545034
3,0,2,0.8091698,0.60561395,0.34233817
3,0,2,0.8069474,0.99715817,0.45261928
3,0,2,0.87459654,0.79381377,0.43216777
3,0,0,0.96987456,0.9975527,0.4744335
3,0,2,0.7796506,0.79829997,0.37565348
3,0,0,0.7748348,0.99734604,0.44460967
3,0,2,0.886992,0.99867684,0.55935097
3,0,0,0.94874567,0.7992934,0.3824793
3,0,2,0.7840913,0.996926,0.33988035
3,0,2,0.7732384,0.9978466,0.3593614
3,0,1,0.6029269,0.74714094,0.48399436
3,0,2,0.64850545,0.99671507,0.45600685
3,0,2,0.88219875,0.7072413,0.58234197
3,0,2,0.94627106,0.99350846,0.45181394
3,0,1,0.7774812,0.99476886,0.39422345
3,0,2,0.5822761,0.70960075,0.5133524
3,0,2,0.61306834,0.9975001,0.5173249
3,0,0,0.985734,0.81349385,0.4184254
3,0,2,0.7632609,0.74750507,0.4718618
3,0,1,0.7881781,0.80599964,0.3838471
3,0,2,0.50247216,0.7701868,0.5031122
3,0,1,0.87267715,0.79622895,0.45313329
3,0,2,0.886085,0.9978644,0.4747948
3,0,2,0.765637,0.7799517,0.37498137
3,0,1,0.6600309,0.99618727,0.5611911
3,0,0,0.9641458,0.9972729,0.42404675
3,0,1,0.8625341,0.9965209,0.35857132
3,0,2,0.8317675,0.6841147,0.47009552
3,0,2,0.56584305,0.9974831,0.4316318
3,0,2,0.8870107,0.79695237,0.43718857
3,0,2,0.8815142,0.99855703,0.4934312
3,0,2,0.82846385,0.9951681,0.42563796
3,0,2,0.6644858,0.6493117,0.45589736
3,0,1,0.60515213,0.99775416,0.52484435
3,0,1,0.81496024,0.7015773,0.38391915
3,0,1,0.8599346,0.88125795,0.42564273
3,0,0,0.81207156,0.99771523,0.42870215
3,0,1,0.85339725,0.77615255,0.39064115
3,0,1,0.71892196,0.74492645,0.39189842
3,0,0,0.721542,0.8113977,0.3914322
3,0,1,0.79735684,0.99283046,0.34276816
3,0,2,0.7557635,0.7672378,0.42224658
3,0,2,0.8737988,0.74393135,0.44168937
3,0,2,0.8513279,0.99694186,0.4032398
3,0,1,0.8038732,0.70635563,0.3687843
3,0,2,0.9455215,0.8125131,0.35952267
3,0,2,0.7145837,0.69201636,0.41214824
3,0,2,0.6810925,0.7228089,0.5202386
3,0,2,0.6533254,0.99740124,0.507752
3,0,2,0.878135,0.8706339,0.40432534
3,0,2,0.86038303,0.7161805,0.4164164
3,0,2,0.9861188,0.99841785,0.43168333
3,0,2,0.7961326,0.7479708,0.5024744
3,0,2,0.98342067,0.99659675,0.47100925
3,0,2,0.8229735,0.9981192,0.40938243
3,0,2,0.8749406,0.8086295,0.37060073
3,0,2,0.97350174,0.99818254,0.3650035
3,0,2,0.66148484,0.7346061,0.41472468
3,0,2,0.9636935,0.80641663,0.39469346
3,0,2,0.74982655,0.99827087,0.4753854
3,0,2,0.7781536,0.7760739,0.4222055
3,0,2,0.81620353,0.71325606,0.34657368
3,0,2,0.8598352,0.80856794,0.3990417
3,0,0,0.87047523,0.8611546,0.3561502
3,0,2,0.5646875,0.9970541,0.43585658
3,0,2,0.8628718,0.80182385,0.45155925
3,0,1,0.85280997,0.9969586,0.3876171
3,0,1,0.9670333,0.9982722,0.38432223
3,0,2,0.83731735,0.9956287,0.38974226
3,0,0,0.85930246,0.74890095,0.39777124
3,0,2,0.8693222,0.7213367,0.37613803
3,0,2,0.8275978,0.9963439,0.43090487
3,0,2,0.60934305,0.76705754,0.42284214
3,0,0,0.9687038,0.7742893,0.4098569
3,0,0,0.8516971,0.9971475,0.35046652
3,0,1,0.75843465,0.8711576,0.40503308
3,0,1,0.7295961,0.8977171,0.38336453
3,0,1,0.58873504,0.99515414,0.5771093
3,0,2,0.6166611,0.7448669,0.41857827
3,0,2,0.8077488,0.99763954,0.47486183
3,0,2,0.730905,0.9972258,0.39969927
3,0,1,0.8653722,0.7331258,0.49452686
3,0,0,0.85624534,0.9981554,0.36053228
3,0,2,0.87632483,0.9989575,0.55950326
3,0,2,0.69813967,0.7058104,0.5022618
3,0,0,0.84700733,0.99517447,0.42400593
3,0,2,0.8410025,0.7685616,0.48444417
3,0,2,0.84959954,0.6971175,0.45993394
3,0,2,0.9872148,0.72529864,0.43463394
3,0,2,0.8477868,0.71995354,0.4352728
3,0,1,0.75499505,0.8031587,0.460075
3,0,0,0.8417362,0.79008436,0.37193716
3,0,0,0.95246017,0.99812394,0.5009298
3,0,1,0.85583526,0.8148816,0.46906582
3,0,2,0.69329745,0.6553893,0.44476435
3,0,2,0.9651438,0.99814844,0.371091
3,0,2,0.5830483,0.9920995,0.5157054
3,0,0,0.96704036,0.99672914,0.4076721
3,0,2,0.8035066,0.99553156,0.47430846
3,0,1,0.86605495,0.9974252,0.35458893
3,0,0,0.7548839,0.9966217,0.33873174
3,0,2,0.52767205,0.7755889,0.4343051
3,0,0,0.88158625,0.99755764,0.37955332
3,0,0,0.9492652,0.9962704,0.41125828
3,0,2,0.6530286,0.74990046,0.40912494
3,0,2,0.9601539,0.72205466,0.3559447
3,0,1,0.60408556,0.9985682,0.52930987
3,0,0,0.63037103,0.7817777,0.48674747
